<?xml version="1.0"?>
<COLLADA xmlns="http://www.collada.org/2005/11/COLLADASchema" version="1.4.1">
  <asset>
    <contributor>
      <author>Assimp</author>
      <authoring_tool>Assimp Exporter</authoring_tool>
    </contributor>
    <created>2018-03-18T11:20:43</created>
    <modified>2018-03-18T11:20:43</modified>
    <unit name="meter" meter="0.01" />
    <up_axis>Y_UP</up_axis>
  </asset>
  <library_effects>
    <effect id="DefaultMaterial-fx" name="DefaultMaterial">
      <profile_COMMON>
        <technique sid="standard">
          <phong>
          </phong>
        </technique>
      </profile_COMMON>
    </effect>
  </library_effects>
  <library_materials>
    <material id="DefaultMaterial" name="DefaultMaterial">
      <instance_effect url="#DefaultMaterial-fx"/>
    </material>
  </library_materials>
  <library_geometries>
    <geometry id="meshId0" name="meshId0_name" >
      <mesh>
        <source id="meshId0-positions" name="meshId0-positions">
          <float_array id="meshId0-positions-array" count="13689"> -0.993697 0.5164 -0.68604 -0.993697 0.5164 -0.617579 -0.993697 0.57096 -0.617579 -0.993697 0.57096 -0.68604 -0.995697 -0.57383 -0.690419 -0.995697 -0.480029 -0.690419 -0.399036 -0.480029 -0.700848 -0.399036 -0.57383 -0.700848 -0.989394 0.57096 0.651569 -0.989394 0.5164 0.651569 -0.399036 0.5164 0.661997 -0.399036 0.57096 0.661997 -0.968337 0.57383 -0.66068 -0.968337 0.57383 -0.617579 -0.399036 0.57383 -0.617579 -0.399036 0.57383 -0.664984 -0.964034 0.57383 -0.664984 -0.968337 0.311203 -0.66068 -0.968337 0.311203 -0.617579 -0.968337 0.372989 -0.617579 -0.968337 0.372989 -0.66068 -0.964034 0.472209 -0.664984 -0.399036 0.472209 -0.664984 -0.399036 0.372989 -0.664984 -0.964034 0.372989 -0.664984 -0.939646 0.339894 0.640479 -0.427727 0.339894 0.640479 -0.427727 0.372989 0.640479 -0.939646 0.372989 0.640479 -0.968337 0.472209 -0.66068 -0.968337 0.472209 -0.617579 -0.968337 0.513531 -0.617579 -0.968337 0.513531 -0.66068 -0.964034 0.472209 0.626133 -0.399036 0.472209 0.626133 -0.399036 0.513531 0.626133 -0.964034 0.513531 0.626133 -0.989394 0.57096 -0.690419 -0.399036 0.57096 -0.700848 -0.399036 0.5164 -0.700848 -0.989394 0.5164 -0.690419 -0.399036 0.57383 -0.697979 -0.987365 0.57383 -0.688385 0.399036 0.57383 -0.664984 0.399036 0.57383 -0.697979 -0.399036 0.573829 0.626133 -0.964034 0.573829 0.626133 -0.987365 0.573829 0.649534 -0.399036 0.573829 0.659128 -0.968337 0.573829 0.0446976 -0.968337 0.57383 -0.0361437 -0.991098 0.57383 -0.025503 -0.991165 0.573829 0.0568533 -0.399036 0.513531 -0.664984 -0.964034 0.513531 -0.664984 -0.987365 0.513531 -0.688385 -0.399036 0.513531 -0.697979 -0.968337 0.513531 -0.66068 -0.968337 0.513531 -0.617579 -0.990828 0.513531 -0.617579 -0.991617 0.513531 -0.684011 -0.964034 0.513531 0.626133 -0.399036 0.513531 0.626133 -0.399036 0.513531 0.659128 -0.987365 0.513531 0.649534 -0.9253 0.0540647 -0.636292 -0.442073 0.0540647 -0.636292 -0.442073 -0.166656 -0.636292 -0.9253 -0.166656 -0.636292 -1 -0.57383 -0.68604 -1 -0.57383 -0.617579 -1 -0.480029 -0.617579 -1 -0.480029 -0.68604 -0.995696 -0.57383 0.651493 -0.372727 -0.57383 0.651493 -0.372727 -0.480029 0.651493 -0.995696 -0.480029 0.651493 -0.368424 -0.57383 -0.0361437 -0.368424 -0.480029 -0.0361437 -0.368424 -0.480029 0.0446976 -0.368424 -0.57383 0.0446976 -0.399036 0.0639972 -0.0361437 -0.399036 0.0639973 0.0446976 -0.399036 -0.183208 0.0446976 -0.399036 -0.183208 -0.0361437 -0.993697 0.5164 0.0582018 -0.993697 0.57096 0.0582018 -0.993697 0.57096 -0.0242879 -0.993697 0.5164 -0.0242879 -0.399036 0.573829 0.0446976 -0.399036 0.57383 -0.0361437 -0.968337 0.0639973 0.0446976 -0.968337 0.0639972 -0.0361437 -0.968337 -0.183208 -0.0361437 -0.968337 -0.183208 0.0446976 -0.968337 0.372989 0.0446976 -0.968337 0.472209 0.0446977 -0.968337 0.472209 -0.0361437 -0.968337 0.372989 -0.0361437 -0.991617 0.57383 -0.684011 -0.990828 0.57383 -0.617579 -0.968337 0.513531 0.0446976 -0.991165 0.513531 0.0568533 -0.991098 0.513531 -0.025503 -0.968337 0.513531 -0.0361437 -1 -0.57383 0.0446976 -1 -0.480029 0.0446976 -1 -0.480029 -0.0361437 -1 -0.57383 -0.0361437 -0.991665 0.573829 0.64516 -0.968337 0.573829 0.621829 -0.368424 -0.57383 -0.592219 -0.368424 -0.480029 -0.592219 -0.368424 -0.480029 0.647189 -0.368424 -0.57383 0.647189 -0.399036 0.0639973 -0.617579 -0.399036 -0.183208 -0.617579 -0.399036 0.372989 0.621829 -0.399036 0.311202 0.621829 -0.399036 0.311202 0.0446976 -0.399036 0.372989 0.0446976 -0.993697 0.5164 0.647189 -0.993697 0.57096 0.647189 -0.953992 0.053194 0.57825 -0.953992 0.053194 0.0925808 -0.953992 -0.165205 0.0925808 -0.953992 -0.165205 0.57825 -0.953992 0.32618 -0.569696 -0.953992 0.271593 -0.569696 -0.953992 0.271593 -0.0840268 -0.953992 0.32618 -0.0840268 -0.968337 0.372989 0.621829 -0.968337 0.472209 0.621829 -0.968337 0.513531 -0.0361437 -0.968337 0.513531 0.621829 -0.991665 0.513531 0.64516 -1 -0.57383 0.647189 -1 -0.480029 0.647189 -0.387376 -0.446258 -0.0366318 -0.392746 -0.455221 -0.0379031 -0.392746 -0.455221 -0.61095 -0.387376 -0.44575 -0.607603 -0.392746 -0.455221 0.0414035 -0.387376 -0.446227 0.0437921 -0.387376 -0.446303 0.625855 -0.392746 -0.455221 0.619937 -0.961183 -0.455221 0.624241 -0.397049 -0.455221 0.624241 -0.39168 -0.446308 0.630158 -0.968456 -0.446862 0.63005 -0.965486 -0.455221 0.0414035 -0.965486 -0.455221 0.619937 -0.97276 -0.446866 0.625746 -0.97276 -0.446866 0.0435367 -0.965486 -0.455221 -0.0379031 -0.97276 -0.446866 -0.0367733 -0.965486 -0.455221 -0.608301 -0.97276 -0.446866 -0.614699 -0.97276 -0.446866 -0.665727 -0.965486 -0.455221 -0.662942 -0.391461 -0.455221 -0.672398 -0.961183 -0.455221 -0.667284 -0.968456 -0.446871 -0.670056 -0.396091 -0.447639 -0.673346 -0.370126 -0.47223 -0.0361437 -0.370126 -0.472229 -0.596205 -0.392746 -0.455221 -0.0379031 -0.376292 -0.462052 -0.0369341 -0.376292 -0.46209 -0.597356 -0.392746 -0.455221 -0.61095 -0.394224 -0.438212 -0.613593 -0.399036 -0.430413 -0.617579 -0.399036 -0.430413 -0.0361437 -0.394224 -0.438212 -0.0361437 -0.370126 -0.47223 0.0446976 -0.376292 -0.462183 0.0432523 -0.392746 -0.455221 0.0414035 -0.399036 -0.430413 0.0446976 -0.394224 -0.438212 0.0446976 -0.370126 -0.472229 0.643203 -0.392746 -0.455221 0.619937 -0.376292 -0.46471 0.635967 -0.399036 -0.430413 0.621829 -0.394224 -0.438212 0.625816 -0.37443 -0.472229 0.647507 -0.990719 -0.47223 0.647507 -0.983037 -0.465412 0.641733 -0.380596 -0.464733 0.640281 -0.397049 -0.455221 0.624241 -0.961183 -0.455221 0.624241 -0.403339 -0.430413 0.626133 -0.964034 -0.430413 0.626133 -0.969011 -0.438212 0.630119 -0.398527 -0.438212 0.630119 -1 -0.480029 0.0446976 -1 -0.480029 0.647189 -0.995023 -0.47223 0.643203 -0.995023 -0.47223 0.0446976 -0.98734 -0.465417 0.0440844 -0.98734 -0.465417 0.63744 -0.965486 -0.455221 0.619937 -0.965486 -0.455221 0.0414035 -0.968337 -0.430413 0.621829 -0.968337 -0.430413 0.0446976 -0.973314 -0.438212 0.0446976 -0.973314 -0.438212 0.625816 -1 -0.480029 -0.0361437 -0.995023 -0.47223 -0.0361437 -0.98734 -0.465417 -0.0364726 -0.965486 -0.455221 -0.0379031 -0.968337 -0.430413 -0.0361437 -0.973314 -0.438212 -0.0361437 -1 -0.480029 -0.617579 -0.995023 -0.472229 -0.617579 -0.98734 -0.465417 -0.615918 -0.965486 -0.455221 -0.608301 -0.968337 -0.430413 -0.617579 -0.973314 -0.438212 -0.617579 -0.995023 -0.472229 -0.682053 -1 -0.480029 -0.68604 -0.965486 -0.455221 -0.662942 -0.98734 -0.465417 -0.676772 -0.968337 -0.430413 -0.66068 -0.973314 -0.438212 -0.664666 -0.399036 -0.480029 -0.700848 -0.995697 -0.480029 -0.690419 -0.99072 -0.472229 -0.686421 -0.399036 -0.472229 -0.69521 -0.397265 -0.464725 -0.687328 -0.983037 -0.465412 -0.681122 -0.961183 -0.455221 -0.667284 -0.391461 -0.455221 -0.672398 -0.964034 -0.430413 -0.664984 -0.399036 -0.430413 -0.664984 -0.399036 -0.438212 -0.670621 -0.969011 -0.438212 -0.668982 0.399036 -0.430413 -0.664984 0.399036 -0.438212 -0.670621 -0.387376 -0.44575 -0.607603 -0.387376 -0.446258 -0.0366318 -0.387376 -0.446227 0.0437921 -0.387376 -0.446303 0.625855 -0.39168 -0.446308 0.630158 -0.968456 -0.446862 0.63005 -0.97276 -0.446866 0.625746 -0.973314 -0.438212 0.625816 -0.973314 -0.438212 0.0446976 -0.97276 -0.446866 0.0435367 -0.973314 -0.438212 -0.0361437 -0.97276 -0.446866 -0.0367733 -0.973314 -0.438212 -0.617579 -0.97276 -0.446866 -0.614699 -0.973314 -0.438212 -0.664666 -0.97276 -0.446866 -0.665727 0.399036 0.5164 -0.700848 0.399036 0.57096 -0.700848 0.399036 0.372989 0.0446976 -0.399036 0.372989 0.0446976 -0.399036 0.372989 -0.0361437 0.399036 0.372989 -0.0361437 0.370126 -0.472229 -0.596205 -0.370126 -0.472229 -0.596205 -0.368424 -0.480029 -0.592219 0.368424 -0.480029 -0.592219 0.399036 0.57096 0.661997 0.399036 0.5164 0.661997 0.399036 0.573829 0.659128 0.399036 0.573829 0.626133 0.355998 0.274785 -0.636292 -0.355998 0.274785 -0.636292 -0.355998 0.329952 -0.636292 0.355998 0.329952 -0.636292 0.399036 -0.430413 -0.617579 -0.399036 -0.430413 -0.617579 -0.394224 -0.438212 -0.613593 0.394224 -0.438212 -0.613593 0.397265 -0.464725 -0.687328 0.399036 -0.472229 -0.69521 0.363171 0.472209 0.638552 -0.363171 0.472209 0.638552 -0.363171 0.408854 0.638552 0.363171 0.408854 0.638552 0.399036 -0.480029 -0.700848 0.399036 -0.57383 -0.700848 0.399036 0.57383 -0.0361437 0.399036 0.57383 -0.617579 0.391461 -0.455221 -0.672398 -0.968337 0.0631135 0.621921 -0.968337 0.0590413 0.602512 -0.968337 -0.174949 0.602512 -0.968337 -0.181788 0.62207 -0.968337 0.351516 0.068319 -0.968337 0.351515 0.602512 -0.968337 0.370094 0.622948 -0.968337 0.311202 0.0446976 -0.968337 0.293032 0.068319 -0.968337 -0.430413 0.0446976 -0.968337 -0.430413 0.621829 -0.968337 -0.427518 0.622948 -0.968337 -0.408939 0.602512 -0.968337 -0.408939 0.068319 -0.968337 0.293032 -0.593958 -0.968337 0.351515 -0.593958 -0.968337 -0.430413 -0.617579 -0.968337 -0.430413 -0.0361437 -0.968337 -0.40894 -0.0597649 -0.968337 -0.408939 -0.593958 -0.968337 0.0590413 -0.0597649 -0.968337 -0.174949 -0.0597649 -0.968337 0.351515 -0.0597649 -0.962983 0.339722 0.591807 -0.961165 0.340548 0.591544 -0.961165 0.283751 0.591544 -0.962983 0.283052 0.591807 -0.961165 0.340548 0.0792864 -0.961165 0.340548 0.591544 -0.962983 0.339722 0.591807 -0.962983 0.339722 0.079024 -0.961165 0.0565101 0.0792864 -0.962983 0.0563194 0.079024 -0.962983 -0.170413 0.079024 -0.961165 -0.170731 0.0792864 -0.961165 -0.397972 0.591544 -0.961165 -0.397972 0.0792864 -0.962983 -0.397146 0.079024 -0.962983 -0.397146 0.591807 -0.961165 0.0565102 -0.58299 -0.962983 0.0563194 -0.583253 -0.962983 -0.170413 -0.583253 -0.961165 -0.170731 -0.58299 -0.961165 -0.397972 -0.0707324 -0.961165 -0.397972 -0.58299 -0.962983 -0.397146 -0.583253 -0.962983 -0.397146 -0.07047 -0.962983 0.339722 -0.07047 -0.961165 0.340548 -0.0707324 -0.961165 0.283751 -0.0707324 -0.962983 0.283052 -0.07047 -0.961165 0.340548 -0.58299 -0.961165 0.340548 -0.0707324 -0.962983 0.339722 -0.07047 -0.962983 0.339722 -0.583253 -0.953992 0.32618 0.57825 -0.953992 0.271593 0.57825 -0.956743 0.272207 0.58005 -0.956743 0.326906 0.58005 -0.958005 0.329632 0.582521 -0.958005 0.274514 0.582521 -0.961165 0.283751 0.591544 -0.961165 0.340548 0.591544 -0.968337 0.0590413 0.602512 -0.965586 0.0564231 0.593315 -0.965586 -0.170586 0.593315 -0.968337 -0.174949 0.602512 -0.953992 0.32618 0.0925808 -0.953992 0.32618 0.57825 -0.956743 0.326906 0.58005 -0.956743 0.326906 0.0907809 -0.958005 0.329632 0.08831 -0.961165 0.340548 0.0792864 -0.968337 0.351515 0.602512 -0.968337 0.351516 0.068319 -0.965586 0.340171 0.077516 -0.965586 0.340171 0.593315 -0.953992 0.053194 0.0925808 -0.956743 0.0533616 0.0907809 -0.956743 -0.165484 0.0907809 -0.953992 -0.165205 0.0925808 -0.958005 -0.166533 0.08831 -0.958005 0.0539908 0.08831 -0.961165 0.0565101 0.0792864 -0.961165 -0.170731 0.0792864 -0.968337 0.293032 0.068319 -0.965586 0.283432 0.077516 -0.953992 -0.383604 0.57825 -0.953992 -0.383604 0.0925808 -0.956743 -0.38433 0.0907809 -0.956743 -0.38433 0.58005 -0.958005 -0.387056 0.582521 -0.958005 -0.387056 0.08831 -0.961165 -0.397972 0.0792864 -0.961165 -0.397972 0.591544 -0.968337 -0.408939 0.068319 -0.968337 -0.408939 0.602512 -0.965586 -0.397595 0.593315 -0.965586 -0.397595 0.077516 -0.953992 0.0531941 -0.569696 -0.956743 0.0533616 -0.571496 -0.956743 -0.165484 -0.571496 -0.953992 -0.165205 -0.569696 -0.958005 -0.166533 -0.573967 -0.958005 0.0539909 -0.573967 -0.961165 0.0565102 -0.58299 -0.961165 -0.170731 -0.58299 -0.965586 0.340171 -0.584761 -0.968337 0.351515 -0.593958 -0.968337 0.293032 -0.593958 -0.965586 0.283432 -0.584761 -0.953992 -0.383604 -0.0840267 -0.953992 -0.383604 -0.569696 -0.956743 -0.38433 -0.571496 -0.956743 -0.38433 -0.0822269 -0.958005 -0.387056 -0.079756 -0.958005 -0.387056 -0.573967 -0.961165 -0.397972 -0.58299 -0.961165 -0.397972 -0.0707324 -0.968337 -0.408939 -0.593958 -0.968337 -0.40894 -0.0597649 -0.965586 -0.397595 -0.068962 -0.965586 -0.397595 -0.584761 -0.953992 0.32618 -0.0840268 -0.953992 0.271593 -0.0840268 -0.956743 0.272207 -0.0822269 -0.956743 0.326906 -0.0822269 -0.958005 0.329632 -0.079756 -0.958005 0.274514 -0.079756 -0.961165 0.283751 -0.0707324 -0.961165 0.340548 -0.0707324 -0.968337 0.0590413 -0.0597649 -0.965586 0.0564231 -0.068962 -0.965586 -0.170586 -0.068962 -0.968337 -0.174949 -0.0597649 -0.953992 0.32618 -0.569696 -0.953992 0.32618 -0.0840268 -0.956743 0.326906 -0.0822269 -0.956743 0.326906 -0.571496 -0.958005 0.329632 -0.573967 -0.961165 0.340548 -0.58299 -0.968337 0.351515 -0.0597649 -0.965586 0.340171 -0.068962 -0.965586 0.0564231 0.593315 -0.962983 0.0563194 0.591807 -0.962983 -0.170413 0.591807 -0.965586 -0.170586 0.593315 -0.956743 0.326906 0.0907809 -0.962983 0.339722 0.591807 -0.965586 0.340171 0.593315 -0.965586 0.340171 0.077516 -0.962983 0.339722 0.079024 -0.962983 0.339722 0.079024 -0.965586 0.340171 0.077516 -0.965586 0.283432 0.077516 -0.962983 0.283052 0.079024 -0.956743 -0.38433 0.58005 -0.956743 -0.38433 0.0907809 -0.962983 -0.397146 0.079024 -0.965586 -0.397595 0.077516 -0.965586 -0.397595 0.593315 -0.962983 -0.397146 0.591807 -0.962983 0.339722 -0.583253 -0.965586 0.340171 -0.584761 -0.965586 0.283432 -0.584761 -0.962983 0.283052 -0.583253 -0.956743 -0.38433 -0.0822269 -0.956743 -0.38433 -0.571496 -0.962983 -0.397146 -0.583253 -0.965586 -0.397595 -0.584761 -0.965586 -0.397595 -0.068962 -0.962983 -0.397146 -0.07047 -0.965586 0.0564231 -0.068962 -0.962983 0.0563194 -0.07047 -0.962983 -0.170413 -0.07047 -0.965586 -0.170586 -0.068962 -0.956743 0.326906 -0.571496 -0.962983 0.339722 -0.07047 -0.965586 0.340171 -0.068962 -0.965586 0.340171 -0.584761 -0.962983 0.339722 -0.583253 0.993697 0.57096 -0.617579 0.993697 0.5164 -0.617579 0.993697 0.5164 -0.68604 0.993697 0.57096 -0.68604 0.995697 -0.480029 -0.690419 0.995697 -0.57383 -0.690419 0.989394 0.5164 0.651569 0.989394 0.57096 0.651569 0.964034 0.57383 -0.664984 0.968337 0.57383 -0.617579 0.968337 0.57383 -0.66068 0.968337 0.372989 -0.617579 0.968337 0.311203 -0.617579 0.968337 0.311203 -0.66068 0.968337 0.372989 -0.66068 0.399036 0.372989 -0.664984 0.399036 0.472209 -0.664984 0.964034 0.472209 -0.664984 0.964034 0.372989 -0.664984 0.427727 0.372989 0.640479 0.427727 0.339894 0.640479 0.939646 0.339894 0.640479 0.939646 0.372989 0.640479 0.968337 0.513531 -0.617579 0.968337 0.472209 -0.617579 0.968337 0.472209 -0.66068 0.968337 0.513531 -0.66068 0.399036 0.513531 0.626133 0.399036 0.472209 0.626133 0.964034 0.472209 0.626133 0.964034 0.513531 0.626133 0.989394 0.57096 -0.690419 0.989394 0.5164 -0.690419 0.987365 0.57383 -0.688385 0.987365 0.573829 0.649534 0.964034 0.573829 0.626133 0.968337 0.573829 0.0446976 0.991165 0.573829 0.0568533 0.991098 0.57383 -0.025503 0.968337 0.57383 -0.0361437 0.399036 0.513531 -0.664984 0.399036 0.513531 -0.697979 0.987365 0.513531 -0.688385 0.964034 0.513531 -0.664984 0.968337 0.513531 -0.66068 0.991617 0.513531 -0.684011 0.990828 0.513531 -0.617579 0.968337 0.513531 -0.617579 0.964034 0.513531 0.626133 0.987365 0.513531 0.649534 0.399036 0.513531 0.659128 0.399036 0.513531 0.626133 0.442073 0.0540647 -0.636292 0.9253 0.0540647 -0.636292 0.9253 -0.166656 -0.636292 0.442073 -0.166656 -0.636292 1 -0.480029 -0.617579 1 -0.57383 -0.617579 1 -0.57383 -0.68604 1 -0.480029 -0.68604 0.372727 -0.480029 0.651493 0.372727 -0.57383 0.651493 0.995696 -0.57383 0.651493 0.995696 -0.480029 0.651493 0.368424 -0.480029 0.0446976 0.368424 -0.480029 -0.0361437 0.368424 -0.57383 -0.0361437 0.368424 -0.57383 0.0446976 0.399036 0.0639972 0.0446976 0.399036 0.0639972 -0.0361437 0.399036 -0.183208 -0.0361437 0.399036 -0.183208 0.0446976 0.399036 0.573829 0.0446976 0.993697 0.57096 -0.0242879 0.993697 0.57096 0.0582018 0.993697 0.5164 0.0582018 0.993697 0.5164 -0.0242879 0.968337 0.0639973 -0.0361437 0.968337 0.0639972 0.0446976 0.968337 -0.183208 0.0446976 0.968337 -0.183208 -0.0361437 0.968337 0.472209 -0.0361437 0.968337 0.472209 0.0446977 0.968337 0.372989 0.0446976 0.968337 0.372989 -0.0361437 0.990828 0.57383 -0.617579 0.991617 0.57383 -0.684011 0.991098 0.513531 -0.025503 0.991165 0.513531 0.0568533 0.968337 0.513531 0.0446976 0.968337 0.513531 -0.0361437 1 -0.480029 -0.0361437 1 -0.480029 0.0446976 1 -0.57383 0.0446976 1 -0.57383 -0.0361437 0.968337 0.573829 0.621829 0.991665 0.573829 0.64516 0.368424 -0.480029 -0.592219 0.368424 -0.57383 -0.592219 0.368424 -0.57383 0.647189 0.368424 -0.480029 0.647189 0.399036 0.0639973 -0.617579 0.399036 -0.183208 -0.617579 0.399036 0.311202 0.0446976 0.399036 0.311202 0.621829 0.399036 0.372989 0.621829 0.399036 0.372989 0.0446976 -0.399036 0.372989 -0.617579 0.399036 0.372989 -0.617579 0.993697 0.57096 0.647189 0.993697 0.5164 0.647189 0.953992 0.0531941 0.0925808 0.953992 0.053194 0.57825 0.953992 -0.165205 0.57825 0.953992 -0.165205 0.0925808 0.953992 0.271593 -0.0840268 0.953992 0.271593 -0.569696 0.953992 0.32618 -0.569696 0.953992 0.32618 -0.0840268 0.968337 0.472209 0.621829 0.968337 0.372989 0.621829 0.968337 0.513531 -0.0361437 0.991665 0.513531 0.64516 0.968337 0.513531 0.621829 1 -0.480029 0.647189 1 -0.57383 0.647189 0.387376 -0.44575 -0.607603 -0.387376 -0.44575 -0.607603 -0.392746 -0.455221 -0.61095 0.392746 -0.455221 -0.61095 0.387376 -0.446258 -0.0366318 0.387376 -0.44575 -0.607603 0.392746 -0.455221 -0.61095 0.392746 -0.455221 -0.0379031 0.392746 -0.455221 0.0414035 0.387376 -0.446227 0.0437921 0.387376 -0.446303 0.625855 0.392746 -0.455221 0.619937 0.39168 -0.446308 0.630158 0.397049 -0.455221 0.624241 0.961183 -0.455221 0.624241 0.968456 -0.446862 0.63005 0.97276 -0.446866 0.625746 0.965486 -0.455221 0.619937 0.965486 -0.455221 0.0414035 0.97276 -0.446866 0.0435367 0.965486 -0.455221 -0.0379031 0.97276 -0.446866 -0.0367733 0.965486 -0.455221 -0.608301 0.97276 -0.446866 -0.614699 0.97276 -0.446866 -0.665727 0.965486 -0.455221 -0.662942 0.968456 -0.446871 -0.670056 0.961183 -0.455221 -0.667284 0.391461 -0.455221 -0.672398 0.396091 -0.447639 -0.673346 0.370126 -0.47223 -0.0361437 0.370126 -0.472229 -0.596205 0.392746 -0.455221 -0.0379031 0.392746 -0.455221 -0.61095 0.376292 -0.46209 -0.597356 0.376292 -0.462052 -0.0369341 0.394224 -0.438212 -0.613593 0.394224 -0.438212 -0.0361437 0.399036 -0.430413 -0.0361437 0.399036 -0.430413 -0.617579 0.370126 -0.47223 0.0446976 0.376292 -0.462183 0.0432523 0.392746 -0.455221 0.0414035 0.394224 -0.438212 0.0446976 0.399036 -0.430413 0.0446976 0.370126 -0.472229 0.643203 0.392746 -0.455221 0.619937 0.376292 -0.46471 0.635967 0.394224 -0.438212 0.625816 0.399036 -0.430413 0.621829 0.37443 -0.472229 0.647507 0.990719 -0.47223 0.647507 0.397049 -0.455221 0.624241 0.380596 -0.464733 0.640281 0.983037 -0.465412 0.641733 0.961183 -0.455221 0.624241 0.969011 -0.438212 0.630119 0.964034 -0.430413 0.626133 0.403339 -0.430413 0.626133 0.398527 -0.438212 0.630119 0.995023 -0.47223 0.643203 1 -0.480029 0.647189 1 -0.480029 0.0446976 0.995023 -0.47223 0.0446976 0.965486 -0.455221 0.619937 0.98734 -0.465417 0.63744 0.98734 -0.465417 0.0440844 0.965486 -0.455221 0.0414035 0.973314 -0.438212 0.0446976 0.968337 -0.430413 0.0446976 0.968337 -0.430413 0.621829 0.973314 -0.438212 0.625816 1 -0.480029 -0.0361437 0.995023 -0.47223 -0.0361437 0.98734 -0.465417 -0.0364726 0.965486 -0.455221 -0.0379031 0.973314 -0.438212 -0.0361437 0.968337 -0.430413 -0.0361437 1 -0.480029 -0.617579 0.995023 -0.472229 -0.617579 0.98734 -0.465417 -0.615918 0.965486 -0.455221 -0.608301 0.973314 -0.438212 -0.617579 0.968337 -0.430413 -0.617579 0.995023 -0.472229 -0.682053 1 -0.480029 -0.68604 0.965486 -0.455221 -0.662942 0.98734 -0.465417 -0.676772 0.973314 -0.438212 -0.664666 0.968337 -0.430413 -0.66068 0.99072 -0.472229 -0.686421 0.995697 -0.480029 -0.690419 0.399036 -0.480029 -0.700848 0.961183 -0.455221 -0.667284 0.983037 -0.465412 -0.681122 0.964034 -0.430413 -0.664984 0.969011 -0.438212 -0.668982 0.387376 -0.44575 -0.607603 0.387376 -0.446258 -0.0366318 0.387376 -0.446227 0.0437921 0.387376 -0.446303 0.625855 0.39168 -0.446308 0.630158 0.968456 -0.446862 0.63005 0.97276 -0.446866 0.625746 0.97276 -0.446866 0.0435367 0.973314 -0.438212 0.0446976 0.973314 -0.438212 0.625816 0.97276 -0.446866 -0.0367733 0.973314 -0.438212 -0.0361437 0.97276 -0.446866 -0.614699 0.973314 -0.438212 -0.617579 0.97276 -0.446866 -0.665727 0.973314 -0.438212 -0.664666 0.376292 -0.46209 -0.597356 0.392746 -0.455221 -0.61095 -0.392746 -0.455221 -0.61095 -0.376292 -0.46209 -0.597356 0.376292 -0.46209 -0.597356 -0.376292 -0.46209 -0.597356 0.399036 0.372989 0.621829 -0.399036 0.372989 0.621829 0.387376 -0.44575 -0.607603 -0.387376 -0.44575 -0.607603 -0.399036 0.513531 -0.664984 0.399036 0.513531 -0.664984 0.399036 0.0639973 -0.617579 -0.399036 0.0639973 -0.617579 -0.399036 -0.183208 -0.617579 0.399036 -0.183208 -0.617579 0.368424 -0.57383 -0.592219 -0.368424 -0.57383 -0.592219 0.968337 -0.174949 0.602512 0.968337 0.0590413 0.602512 0.968337 0.0631135 0.621921 0.968337 -0.181788 0.62207 0.968337 0.370094 0.622948 0.968337 0.351515 0.602512 0.968337 0.351516 0.068319 0.968337 0.293032 0.068319 0.968337 0.311202 0.0446976 0.968337 -0.408939 0.602512 0.968337 -0.427518 0.622948 0.968337 -0.430413 0.621829 0.968337 -0.430413 0.0446976 0.968337 -0.408939 0.068319 0.968337 0.351515 -0.593958 0.968337 0.293032 -0.593958 0.968337 -0.430413 -0.617579 0.968337 -0.408939 -0.593958 0.968337 -0.40894 -0.0597649 0.968337 -0.430413 -0.0361437 0.968337 -0.174949 -0.0597649 0.968337 0.0590413 -0.0597649 0.968337 0.351515 -0.0597649 0.962983 0.339722 0.591807 0.962983 0.283052 0.591807 0.961165 0.283751 0.591544 0.961165 0.340548 0.591544 0.962983 0.339722 0.591807 0.961165 0.340548 0.591544 0.961165 0.340548 0.0792864 0.962983 0.339722 0.079024 0.962983 0.0563194 0.079024 0.961165 0.0565101 0.0792864 0.961165 -0.170731 0.0792864 0.962983 -0.170413 0.079024 0.962983 -0.397146 0.079024 0.961165 -0.397972 0.0792864 0.961165 -0.397972 0.591544 0.962983 -0.397146 0.591807 0.962983 0.0563194 -0.583253 0.961165 0.0565102 -0.58299 0.961165 -0.170731 -0.58299 0.962983 -0.170413 -0.583253 0.962983 -0.397146 -0.583253 0.961165 -0.397972 -0.58299 0.961165 -0.397972 -0.0707324 0.962983 -0.397146 -0.07047 0.962983 0.339722 -0.07047 0.962983 0.283052 -0.07047 0.961165 0.283751 -0.0707324 0.961165 0.340548 -0.0707324 0.962983 0.339722 -0.07047 0.961165 0.340548 -0.0707324 0.961165 0.340548 -0.58299 0.962983 0.339722 -0.583253 0.956743 0.272207 0.58005 0.953992 0.271593 0.57825 0.953992 0.32618 0.57825 0.956743 0.326906 0.58005 0.961165 0.283751 0.591544 0.958005 0.274514 0.582521 0.958005 0.329632 0.582521 0.961165 0.340548 0.591544 0.965586 -0.170586 0.593315 0.965586 0.0564231 0.593315 0.968337 0.0590413 0.602512 0.968337 -0.174949 0.602512 0.956743 0.326906 0.58005 0.953992 0.32618 0.57825 0.953992 0.32618 0.0925808 0.956743 0.326906 0.0907809 0.958005 0.329632 0.08831 0.961165 0.340548 0.0792864 0.965586 0.340171 0.077516 0.968337 0.351516 0.068319 0.968337 0.351515 0.602512 0.965586 0.340171 0.593315 0.956743 0.0533616 0.0907809 0.953992 0.0531941 0.0925808 0.953992 -0.165205 0.0925808 0.956743 -0.165484 0.0907809 0.961165 0.0565101 0.0792864 0.958005 0.0539909 0.08831 0.958005 -0.166533 0.08831 0.961165 -0.170731 0.0792864 0.965586 0.283432 0.077516 0.968337 0.293032 0.068319 0.956743 -0.38433 0.0907809 0.953992 -0.383604 0.0925808 0.953992 -0.383604 0.57825 0.956743 -0.38433 0.58005 0.961165 -0.397972 0.0792864 0.958005 -0.387056 0.08831 0.958005 -0.387056 0.582521 0.961165 -0.397972 0.591544 0.965586 -0.397595 0.593315 0.968337 -0.408939 0.602512 0.968337 -0.408939 0.068319 0.965586 -0.397595 0.077516 0.956743 0.0533617 -0.571496 0.953992 0.0531941 -0.569696 0.953992 -0.165205 -0.569696 0.956743 -0.165484 -0.571496 0.961165 0.0565102 -0.58299 0.958005 0.0539909 -0.573967 0.958005 -0.166533 -0.573967 0.961165 -0.170731 -0.58299 0.965586 0.340171 -0.584761 0.965586 0.283432 -0.584761 0.968337 0.293032 -0.593958 0.968337 0.351515 -0.593958 0.956743 -0.38433 -0.571496 0.953992 -0.383604 -0.569696 0.953992 -0.383604 -0.0840267 0.956743 -0.38433 -0.0822269 0.961165 -0.397972 -0.58299 0.958005 -0.387056 -0.573967 0.958005 -0.387056 -0.079756 0.961165 -0.397972 -0.0707324 0.965586 -0.397595 -0.068962 0.968337 -0.40894 -0.0597649 0.968337 -0.408939 -0.593958 0.965586 -0.397595 -0.584761 0.956743 0.272207 -0.0822269 0.953992 0.271593 -0.0840268 0.953992 0.32618 -0.0840268 0.956743 0.326906 -0.0822269 0.961165 0.283751 -0.0707324 0.958005 0.274514 -0.079756 0.958005 0.329632 -0.079756 0.961165 0.340548 -0.0707324 0.965586 -0.170586 -0.068962 0.965586 0.0564231 -0.068962 0.968337 0.0590413 -0.0597649 0.968337 -0.174949 -0.0597649 0.956743 0.326906 -0.0822269 0.953992 0.32618 -0.0840268 0.953992 0.32618 -0.569696 0.956743 0.326906 -0.571496 0.958005 0.329632 -0.573967 0.961165 0.340548 -0.58299 0.968337 0.351515 -0.0597649 0.965586 0.340171 -0.068962 0.962983 0.0563194 0.591807 0.965586 0.0564231 0.593315 0.965586 -0.170586 0.593315 0.962983 -0.170413 0.591807 0.956743 0.326906 0.0907809 0.962983 0.339722 0.591807 0.962983 0.339722 0.079024 0.965586 0.340171 0.077516 0.965586 0.340171 0.593315 0.962983 0.339722 0.079024 0.962983 0.283052 0.079024 0.965586 0.283432 0.077516 0.965586 0.340171 0.077516 0.956743 -0.38433 0.0907809 0.956743 -0.38433 0.58005 0.962983 -0.397146 0.079024 0.962983 -0.397146 0.591807 0.965586 -0.397595 0.593315 0.965586 -0.397595 0.077516 0.962983 0.339722 -0.583253 0.962983 0.283052 -0.583253 0.965586 0.283432 -0.584761 0.965586 0.340171 -0.584761 0.956743 -0.38433 -0.571496 0.956743 -0.38433 -0.0822269 0.962983 -0.397146 -0.583253 0.962983 -0.397146 -0.07047 0.965586 -0.397595 -0.068962 0.965586 -0.397595 -0.584761 0.962983 0.0563194 -0.07047 0.965586 0.0564231 -0.068962 0.965586 -0.170586 -0.068962 0.962983 -0.170413 -0.07047 0.956743 0.326906 -0.571496 0.962983 0.339722 -0.07047 0.962983 0.339722 -0.583253 0.965586 0.340171 -0.584761 0.965586 0.340171 -0.068962 -0.399036 0.0639973 -0.664984 -0.370344 0.0573756 -0.664984 -0.370344 -0.172173 -0.664984 -0.399036 -0.183208 -0.664984 0.370344 0.344298 -0.664984 -0.370344 0.344298 -0.664984 0.399036 0.311203 -0.664984 0.370344 0.286924 -0.664984 0.399036 -0.430413 -0.664984 -0.399036 -0.430413 -0.664984 -0.370344 -0.401722 -0.664984 0.370344 -0.401722 -0.664984 -0.964144 0.0630295 -0.664984 -0.939646 0.0573756 -0.664984 -0.939646 -0.172173 -0.664984 -0.96432 -0.181663 -0.664984 -0.427727 0.344298 -0.664984 -0.939646 0.344298 -0.664984 -0.965294 0.369946 -0.664984 -0.399036 0.311203 -0.664984 -0.427727 0.286924 -0.664984 -0.964034 -0.430413 -0.664984 -0.965294 -0.42737 -0.664984 -0.939646 -0.401722 -0.664984 -0.427727 -0.401722 -0.664984 0.965052 0.308423 -0.664984 0.939646 0.286924 -0.664984 0.939646 0.344298 -0.664984 0.965294 0.369946 -0.664984 0.964034 -0.430413 -0.664984 0.427727 -0.401722 -0.664984 0.939646 -0.401722 -0.664984 0.965294 -0.42737 -0.664984 0.399036 0.0639973 -0.664984 0.427727 0.0573756 -0.664984 0.427727 -0.172173 -0.664984 0.399036 -0.183208 -0.664984 0.427727 0.344298 -0.664984 -0.933198 0.337421 -0.653978 -0.93488 0.340664 -0.650638 -0.93488 0.28385 -0.650638 -0.933198 0.281105 -0.653978 -0.432493 0.340664 -0.650638 -0.93488 0.340664 -0.650638 -0.933198 0.337421 -0.653978 -0.434175 0.337421 -0.653978 -0.432493 0.056537 -0.650638 -0.434175 0.0557884 -0.653978 -0.434175 -0.169528 -0.653978 -0.432493 -0.170776 -0.650638 -0.93488 -0.398088 -0.650638 -0.432493 -0.398088 -0.650638 -0.434175 -0.394845 -0.653978 -0.933198 -0.394845 -0.653978 -0.363019 0.336957 -0.654455 -0.366685 0.340664 -0.650638 -0.366685 0.28385 -0.650638 -0.363019 0.280713 -0.654455 0.366685 0.340664 -0.650638 -0.366685 0.340664 -0.650638 -0.363019 0.336957 -0.654455 0.363019 0.336957 -0.654455 0.366685 0.056537 -0.650638 0.363019 0.0556814 -0.654455 0.363019 -0.16935 -0.654455 0.366685 -0.170776 -0.650638 -0.366685 -0.398088 -0.650638 0.366685 -0.398088 -0.650638 0.363019 -0.394381 -0.654455 -0.363019 -0.394381 -0.654455 0.93488 0.056537 -0.650638 0.933198 0.0557884 -0.653978 0.933198 -0.169528 -0.653978 0.93488 -0.170776 -0.650638 0.432493 -0.398088 -0.650638 0.93488 -0.398088 -0.650638 0.933198 -0.394845 -0.653978 0.434175 -0.394845 -0.653978 0.434175 0.337421 -0.653978 0.432493 0.340664 -0.650638 0.432493 0.28385 -0.650638 0.434175 0.281105 -0.653978 0.93488 0.340664 -0.650638 0.432493 0.340664 -0.650638 0.434175 0.337421 -0.653978 0.933198 0.337421 -0.653978 -0.924994 0.329009 -0.638348 -0.9253 0.329952 -0.636292 -0.9253 0.274785 -0.636292 -0.924994 0.273987 -0.638348 -0.927416 0.330849 -0.64561 -0.927416 0.275544 -0.64561 -0.93488 0.28385 -0.650638 -0.93488 0.340664 -0.650638 -0.939646 0.0573756 -0.664984 -0.93438 0.0558378 -0.660474 -0.93438 -0.16961 -0.660474 -0.939646 -0.172173 -0.664984 -0.442073 0.329952 -0.636292 -0.9253 0.329952 -0.636292 -0.924994 0.329009 -0.638348 -0.442379 0.329009 -0.638348 -0.439957 0.330849 -0.64561 -0.927416 0.330849 -0.64561 -0.93488 0.340664 -0.650638 -0.432493 0.340664 -0.650638 -0.939646 0.344298 -0.664984 -0.427727 0.344298 -0.664984 -0.432993 0.337635 -0.660474 -0.93438 0.337635 -0.660474 -0.442073 0.0540647 -0.636292 -0.442379 0.053847 -0.638348 -0.442379 -0.166293 -0.638348 -0.442073 -0.166656 -0.636292 -0.439957 -0.167001 -0.64561 -0.439957 0.0542716 -0.64561 -0.432493 0.056537 -0.650638 -0.432493 -0.170776 -0.650638 -0.432993 0.337635 -0.660474 -0.427727 0.344298 -0.664984 -0.427727 0.286924 -0.664984 -0.432993 0.281286 -0.660474 -0.9253 -0.387376 -0.636292 -0.442073 -0.387376 -0.636292 -0.442379 -0.386433 -0.638348 -0.924994 -0.386433 -0.638348 -0.927416 -0.388273 -0.64561 -0.439957 -0.388273 -0.64561 -0.432493 -0.398088 -0.650638 -0.93488 -0.398088 -0.650638 -0.427727 -0.401722 -0.664984 -0.939646 -0.401722 -0.664984 -0.93438 -0.395059 -0.660474 -0.432993 -0.395059 -0.660474 -0.354916 0.328853 -0.638689 -0.355998 0.329952 -0.636292 -0.355998 0.274785 -0.636292 -0.354916 0.273855 -0.638689 -0.356524 0.330448 -0.645404 -0.356524 0.275204 -0.645404 -0.366685 0.28385 -0.650638 -0.366685 0.340664 -0.650638 -0.370344 0.0573756 -0.664984 -0.363409 0.0557672 -0.660267 -0.363409 -0.169493 -0.660267 -0.370344 -0.172173 -0.664984 0.355998 0.329952 -0.636292 -0.355998 0.329952 -0.636292 -0.354916 0.328853 -0.638689 0.354916 0.328853 -0.638689 0.356524 0.330448 -0.645404 -0.356524 0.330448 -0.645404 -0.366685 0.340664 -0.650638 0.366685 0.340664 -0.650638 -0.370344 0.344298 -0.664984 0.370344 0.344298 -0.664984 0.363409 0.337329 -0.660267 -0.363409 0.337329 -0.660267 0.355998 0.0540647 -0.636292 0.354916 0.053811 -0.638689 0.354916 -0.166233 -0.638689 0.355998 -0.166656 -0.636292 0.356524 -0.166846 -0.645404 0.356524 0.054179 -0.645404 0.366685 0.056537 -0.650638 0.366685 -0.170776 -0.650638 0.363409 0.337329 -0.660267 0.370344 0.344298 -0.664984 0.370344 0.286924 -0.664984 0.363409 0.281027 -0.660267 -0.355999 -0.387376 -0.636292 0.355999 -0.387376 -0.636292 0.354916 -0.386277 -0.638689 -0.354916 -0.386277 -0.638689 -0.356524 -0.387871 -0.645404 0.356524 -0.387871 -0.645404 0.366685 -0.398088 -0.650638 -0.366685 -0.398088 -0.650638 0.370344 -0.401722 -0.664984 -0.370344 -0.401722 -0.664984 -0.363409 -0.394753 -0.660267 0.363409 -0.394753 -0.660267 0.9253 0.0540647 -0.636292 0.924994 0.053847 -0.638348 0.924994 -0.166293 -0.638348 0.9253 -0.166656 -0.636292 0.927416 -0.167001 -0.64561 0.927416 0.0542716 -0.64561 0.93488 0.056537 -0.650638 0.93488 -0.170776 -0.650638 0.93438 0.337635 -0.660474 0.939646 0.344298 -0.664984 0.939646 0.286924 -0.664984 0.93438 0.281286 -0.660474 0.442073 -0.387376 -0.636292 0.9253 -0.387376 -0.636292 0.924994 -0.386433 -0.638348 0.442379 -0.386433 -0.638348 0.439957 -0.388273 -0.64561 0.927416 -0.388273 -0.64561 0.93488 -0.398088 -0.650638 0.432493 -0.398088 -0.650638 0.939646 -0.401722 -0.664984 0.427727 -0.401722 -0.664984 0.432993 -0.395059 -0.660474 0.93438 -0.395059 -0.660474 0.442379 0.329009 -0.638348 0.442073 0.329952 -0.636292 0.442073 0.274785 -0.636292 0.442379 0.273987 -0.638348 0.439957 0.330849 -0.64561 0.439957 0.275544 -0.64561 0.432493 0.28385 -0.650638 0.432493 0.340664 -0.650638 0.427727 0.0573756 -0.664984 0.432993 0.0558378 -0.660474 0.432993 -0.16961 -0.660474 0.427727 -0.172173 -0.664984 0.9253 0.329952 -0.636292 0.442073 0.329952 -0.636292 0.442379 0.329009 -0.638348 0.924994 0.329009 -0.638348 0.927416 0.330849 -0.64561 0.439957 0.330849 -0.64561 0.432493 0.340664 -0.650638 0.93488 0.340664 -0.650638 0.427727 0.344298 -0.664984 0.939646 0.344298 -0.664984 0.93438 0.337635 -0.660474 0.432993 0.337635 -0.660474 -0.927416 0.275544 -0.64561 -0.927416 0.330849 -0.64561 -0.93438 0.0558378 -0.660474 -0.933198 0.0557884 -0.653978 -0.933198 -0.169528 -0.653978 -0.93438 -0.16961 -0.660474 -0.439957 0.330849 -0.64561 -0.442379 0.329009 -0.638348 -0.924994 0.329009 -0.638348 -0.927416 0.330849 -0.64561 -0.933198 0.337421 -0.653978 -0.93438 0.337635 -0.660474 -0.432993 0.337635 -0.660474 -0.434175 0.337421 -0.653978 -0.439957 0.0542716 -0.64561 -0.439957 -0.167001 -0.64561 -0.434175 0.337421 -0.653978 -0.432993 0.337635 -0.660474 -0.432993 0.281286 -0.660474 -0.434175 0.281105 -0.653978 -0.927416 -0.388273 -0.64561 -0.924994 -0.386433 -0.638348 -0.442379 -0.386433 -0.638348 -0.439957 -0.388273 -0.64561 -0.434175 -0.394845 -0.653978 -0.432993 -0.395059 -0.660474 -0.93438 -0.395059 -0.660474 -0.933198 -0.394845 -0.653978 -0.354916 0.328853 -0.638689 -0.354916 0.273855 -0.638689 -0.356524 0.275204 -0.645404 -0.356524 0.330448 -0.645404 -0.363409 0.0557672 -0.660267 -0.363019 0.0556815 -0.654455 -0.363019 -0.16935 -0.654455 -0.363409 -0.169493 -0.660267 0.356524 0.330448 -0.645404 0.354916 0.328853 -0.638689 -0.354916 0.328853 -0.638689 -0.356524 0.330448 -0.645404 -0.363019 0.336957 -0.654455 -0.363409 0.337329 -0.660267 0.363409 0.337329 -0.660267 0.363019 0.336957 -0.654455 0.354916 0.053811 -0.638689 0.356524 0.054179 -0.645404 0.356524 -0.166846 -0.645404 0.354916 -0.166233 -0.638689 0.363019 0.336957 -0.654455 0.363409 0.337329 -0.660267 0.363409 0.281027 -0.660267 0.363019 0.280713 -0.654455 -0.356524 -0.387871 -0.645404 -0.354916 -0.386277 -0.638689 0.354916 -0.386277 -0.638689 0.356524 -0.387871 -0.645404 0.363019 -0.394381 -0.654455 0.363409 -0.394753 -0.660267 -0.363409 -0.394753 -0.660267 -0.363019 -0.394381 -0.654455 0.927416 0.0542716 -0.64561 0.927416 -0.167001 -0.64561 0.933198 0.337421 -0.653978 0.93438 0.337635 -0.660474 0.93438 0.281286 -0.660474 0.933198 0.281105 -0.653978 0.439957 -0.388273 -0.64561 0.442379 -0.386433 -0.638348 0.924994 -0.386433 -0.638348 0.927416 -0.388273 -0.64561 0.933198 -0.394845 -0.653978 0.93438 -0.395059 -0.660474 0.432993 -0.395059 -0.660474 0.434175 -0.394845 -0.653978 0.442379 0.329009 -0.638348 0.439957 0.275544 -0.64561 0.439957 0.330849 -0.64561 0.432993 0.0558378 -0.660474 0.434175 0.0557884 -0.653978 0.434175 -0.169528 -0.653978 0.432993 -0.16961 -0.660474 0.927416 0.330849 -0.64561 0.924994 0.329009 -0.638348 0.442379 0.329009 -0.638348 0.439957 0.330849 -0.64561 0.434175 0.337421 -0.653978 0.432993 0.337635 -0.660474 0.93438 0.337635 -0.660474 0.933198 0.337421 -0.653978 -0.964034 0.513531 -0.664984 -0.427727 0.443518 0.640479 -0.939646 0.443518 0.640479 -0.968337 0.513531 0.0446976 -0.968337 0.513531 0.621829 0.363171 0.477667 0.638552 -0.363171 0.477667 0.638552 0.964034 0.513531 -0.664984 0.939646 0.443518 0.640479 0.427727 0.443518 0.640479 0.968337 0.513531 0.0446976 0.968337 0.513531 0.621829 -0.968337 -0.183208 -0.66068 -0.968337 -0.183208 -0.617579 -0.968337 0.0639973 -0.617579 -0.968337 0.0639973 -0.66068 -0.939646 -0.183208 0.640479 -0.427727 -0.183208 0.640479 -0.427727 0.0353057 0.640479 -0.939646 0.0353057 0.640479 -0.9253 0.329952 -0.636292 -0.442073 0.329952 -0.636292 -0.442073 0.274785 -0.636292 -0.9253 0.274785 -0.636292 -0.399036 0.372989 -0.0361437 -0.399036 0.311202 -0.0361437 -0.968337 0.311202 -0.0361437 -0.399036 0.372989 -0.617579 -0.399036 0.311202 -0.617579 -0.399036 -0.183208 0.621829 -0.399036 0.0639972 0.621829 -0.953992 0.32618 0.57825 -0.953992 0.32618 0.0925808 -0.953992 0.271593 0.0925808 -0.953992 0.271593 0.57825 -0.953992 -0.165205 -0.569696 -0.953992 -0.165205 -0.0840268 -0.953992 0.053194 -0.0840268 -0.953992 0.0531941 -0.569696 0.355998 -0.166656 -0.636292 -0.355998 -0.166656 -0.636292 -0.355998 0.0540647 -0.636292 0.355998 0.0540647 -0.636292 -0.968337 0.308578 0.622722 -0.968337 0.293032 0.602512 -0.968337 -0.174949 0.068319 -0.968337 0.0590413 0.068319 -0.968337 -0.174949 -0.593958 -0.968337 0.0590413 -0.593958 -0.968337 0.293032 -0.0597649 -0.961165 -0.170731 0.591544 -0.961165 0.0565101 0.591544 -0.961165 0.283751 0.0792864 -0.961165 0.340548 0.0792864 -0.961165 0.283751 -0.58299 -0.961165 0.340548 -0.58299 -0.961165 -0.170731 -0.0707324 -0.961165 0.0565101 -0.0707324 -0.953992 -0.165205 0.57825 -0.956743 -0.165484 0.58005 -0.956743 0.0533617 0.58005 -0.953992 0.053194 0.57825 -0.958005 -0.166533 0.582521 -0.961165 -0.170731 0.591544 -0.961165 0.0565101 0.591544 -0.958005 0.0539908 0.582521 -0.968337 0.293032 0.602512 -0.965586 0.283432 0.593315 -0.953992 0.32618 0.0925808 -0.956743 0.272207 0.0907809 -0.953992 0.271593 0.0925808 -0.961165 0.283751 0.0792864 -0.958005 0.274514 0.08831 -0.968337 0.0590413 0.068319 -0.968337 -0.174949 0.068319 -0.965586 -0.170586 0.077516 -0.965586 0.0564231 0.077516 -0.953992 0.32618 -0.569696 -0.956743 0.272207 -0.571496 -0.953992 0.271593 -0.569696 -0.961165 0.283751 -0.58299 -0.958005 0.274514 -0.573967 -0.968337 0.0590413 -0.593958 -0.968337 -0.174949 -0.593958 -0.965586 -0.170586 -0.584761 -0.965586 0.0564231 -0.584761 -0.953992 -0.165205 -0.0840268 -0.956743 -0.165484 -0.0822269 -0.956743 0.0533617 -0.0822269 -0.953992 0.053194 -0.0840268 -0.958005 -0.166533 -0.079756 -0.961165 -0.170731 -0.0707324 -0.961165 0.0565101 -0.0707324 -0.958005 0.0539909 -0.079756 -0.968337 0.293032 -0.0597649 -0.965586 0.283432 -0.068962 -0.965586 0.283432 0.593315 -0.965586 0.340171 0.593315 -0.965586 -0.170586 0.077516 -0.965586 0.0564231 0.077516 -0.965586 -0.170586 -0.584761 -0.965586 0.0564231 -0.584761 -0.965586 0.283432 -0.068962 -0.965586 0.340171 -0.068962 0.968337 -0.183208 -0.617579 0.968337 -0.183208 -0.66068 0.968337 0.0639973 -0.66068 0.968337 0.0639973 -0.617579 0.427727 -0.154516 0.640479 0.939646 -0.154516 0.640479 0.939646 0.0353058 0.640479 0.427727 0.0353058 0.640479 0.442073 0.329952 -0.636292 0.9253 0.329952 -0.636292 0.9253 0.274785 -0.636292 0.442073 0.274785 -0.636292 0.399036 0.372989 -0.0361437 0.399036 0.311202 -0.0361437 0.968337 0.311202 -0.0361437 0.399036 0.372989 -0.617579 0.399036 0.311202 -0.617579 0.399036 -0.183208 0.621829 0.399036 0.0639973 0.621829 0.953992 0.32618 0.0925808 0.953992 0.32618 0.57825 0.953992 0.271593 0.57825 0.953992 0.271593 0.0925808 0.953992 -0.165205 -0.0840268 0.953992 -0.165205 -0.569696 0.953992 0.0531941 -0.569696 0.953992 0.053194 -0.0840268 0.399036 0.372989 -0.617579 -0.399036 0.372989 -0.617579 -0.399036 0.311202 -0.617579 0.399036 0.311202 -0.617579 0.968337 0.308578 0.622722 0.968337 0.293032 0.602512 0.968337 -0.174949 0.068319 0.968337 0.0590414 0.068319 0.968337 -0.174949 -0.593958 0.968337 0.0590414 -0.593958 0.968337 0.293032 -0.0597649 0.961165 -0.170731 0.591544 0.961165 0.0565101 0.591544 0.961165 0.340548 0.0792864 0.961165 0.283751 0.0792864 0.961165 0.340548 -0.58299 0.961165 0.283751 -0.58299 0.961165 -0.170731 -0.0707324 0.961165 0.0565101 -0.0707324 0.956743 -0.165484 0.58005 0.953992 -0.165205 0.57825 0.953992 0.053194 0.57825 0.956743 0.0533616 0.58005 0.961165 0.0565101 0.591544 0.961165 -0.170731 0.591544 0.958005 -0.166533 0.582521 0.958005 0.0539908 0.582521 0.968337 0.293032 0.602512 0.965586 0.283432 0.593315 0.956743 0.272207 0.0907809 0.953992 0.32618 0.0925808 0.953992 0.271593 0.0925808 0.961165 0.283751 0.0792864 0.958005 0.274514 0.08831 0.965586 -0.170586 0.077516 0.968337 -0.174949 0.068319 0.968337 0.0590414 0.068319 0.965586 0.0564231 0.077516 0.956743 0.272207 -0.571496 0.953992 0.32618 -0.569696 0.953992 0.271593 -0.569696 0.961165 0.283751 -0.58299 0.958005 0.274514 -0.573967 0.965586 -0.170586 -0.584761 0.968337 -0.174949 -0.593958 0.968337 0.0590414 -0.593958 0.965586 0.0564231 -0.584761 0.956743 -0.165484 -0.0822269 0.953992 -0.165205 -0.0840268 0.953992 0.053194 -0.0840268 0.956743 0.0533617 -0.0822269 0.961165 0.0565101 -0.0707324 0.961165 -0.170731 -0.0707324 0.958005 -0.166533 -0.079756 0.958005 0.0539908 -0.079756 0.968337 0.293032 -0.0597649 0.965586 0.283432 -0.068962 0.965586 0.340171 0.593315 0.965586 0.283432 0.593315 0.965586 -0.170586 0.077516 0.965586 0.0564231 0.077516 0.965586 -0.170586 -0.584761 0.965586 0.0564231 -0.584761 0.965586 0.340171 -0.068962 0.965586 0.283432 -0.068962 -0.370344 0.286924 -0.664984 0.370344 -0.172173 -0.664984 0.370344 0.0573755 -0.664984 -0.965052 0.308423 -0.664984 -0.939646 0.286924 -0.664984 -0.427727 -0.172173 -0.664984 -0.427727 0.0573755 -0.664984 0.964144 0.0630295 -0.664984 0.96432 -0.181663 -0.664984 0.939646 -0.172173 -0.664984 0.939646 0.0573755 -0.664984 0.427727 0.286924 -0.664984 -0.93488 -0.170776 -0.650638 -0.933198 -0.169528 -0.653978 -0.933198 0.0557884 -0.653978 -0.93488 0.056537 -0.650638 -0.432493 0.28385 -0.650638 -0.432493 0.340664 -0.650638 -0.434175 0.337421 -0.653978 -0.434175 0.281105 -0.653978 -0.366685 -0.170776 -0.650638 -0.363019 -0.16935 -0.654455 -0.363019 0.0556815 -0.654455 -0.366685 0.056537 -0.650638 0.366685 0.28385 -0.650638 0.366685 0.340664 -0.650638 0.363019 0.336957 -0.654455 0.363019 0.280713 -0.654455 0.93488 0.28385 -0.650638 0.93488 0.340664 -0.650638 0.933198 0.337421 -0.653978 0.933198 0.281105 -0.653978 0.432493 -0.170776 -0.650638 0.434175 -0.169528 -0.653978 0.434175 0.0557884 -0.653978 0.432493 0.056537 -0.650638 -0.9253 -0.166656 -0.636292 -0.924994 -0.166293 -0.638348 -0.924994 0.053847 -0.638348 -0.9253 0.0540647 -0.636292 -0.927416 -0.167 -0.64561 -0.93488 -0.170776 -0.650638 -0.93488 0.056537 -0.650638 -0.927416 0.0542717 -0.64561 -0.939646 0.286924 -0.664984 -0.939646 0.344298 -0.664984 -0.93438 0.337635 -0.660474 -0.93438 0.281286 -0.660474 -0.442073 0.274785 -0.636292 -0.442073 0.329952 -0.636292 -0.442379 0.329009 -0.638348 -0.442379 0.273987 -0.638348 -0.439957 0.330849 -0.64561 -0.432493 0.340664 -0.650638 -0.432493 0.28385 -0.650638 -0.439957 0.275544 -0.64561 -0.427727 -0.172173 -0.664984 -0.432993 -0.16961 -0.660474 -0.432993 0.0558378 -0.660474 -0.427727 0.0573755 -0.664984 -0.355998 -0.166656 -0.636292 -0.354916 -0.166233 -0.638689 -0.354916 0.053811 -0.638689 -0.355998 0.0540647 -0.636292 -0.356524 -0.166846 -0.645404 -0.366685 -0.170776 -0.650638 -0.366685 0.056537 -0.650638 -0.356524 0.0541791 -0.645404 -0.370344 0.286924 -0.664984 -0.370344 0.344298 -0.664984 -0.363409 0.337329 -0.660267 -0.363409 0.281027 -0.660267 0.355998 0.274785 -0.636292 0.355998 0.329952 -0.636292 0.354916 0.328853 -0.638689 0.354916 0.273855 -0.638689 0.356524 0.330448 -0.645404 0.366685 0.340664 -0.650638 0.366685 0.28385 -0.650638 0.356524 0.275204 -0.645404 0.370344 -0.172173 -0.664984 0.363409 -0.169493 -0.660267 0.363409 0.0557672 -0.660267 0.370344 0.0573755 -0.664984 0.9253 0.274785 -0.636292 0.9253 0.329952 -0.636292 0.924994 0.329009 -0.638348 0.924994 0.273987 -0.638348 0.927416 0.330849 -0.64561 0.93488 0.340664 -0.650638 0.93488 0.28385 -0.650638 0.927416 0.275544 -0.64561 0.939646 -0.172173 -0.664984 0.93438 -0.16961 -0.660474 0.93438 0.0558378 -0.660474 0.939646 0.0573755 -0.664984 0.442073 -0.166656 -0.636292 0.442379 -0.166293 -0.638348 0.442379 0.053847 -0.638348 0.442073 0.0540647 -0.636292 0.439957 -0.167 -0.64561 0.432493 -0.170776 -0.650638 0.432493 0.056537 -0.650638 0.439957 0.0542717 -0.64561 0.427727 0.286924 -0.664984 0.427727 0.344298 -0.664984 0.432993 0.337635 -0.660474 0.432993 0.281286 -0.660474 -0.927416 -0.167 -0.64561 -0.927416 0.0542717 -0.64561 -0.93438 0.281286 -0.660474 -0.93438 0.337635 -0.660474 -0.933198 0.337421 -0.653978 -0.933198 0.281105 -0.653978 -0.442379 0.329009 -0.638348 -0.439957 0.330849 -0.64561 -0.439957 0.275544 -0.64561 -0.442379 0.273987 -0.638348 -0.432993 -0.16961 -0.660474 -0.434175 -0.169528 -0.653978 -0.434175 0.0557884 -0.653978 -0.432993 0.0558378 -0.660474 -0.354916 -0.166233 -0.638689 -0.356524 -0.166846 -0.645404 -0.356524 0.0541791 -0.645404 -0.354916 0.053811 -0.638689 -0.363409 0.281027 -0.660267 -0.363409 0.337329 -0.660267 -0.363019 0.336957 -0.654455 -0.363019 0.280713 -0.654455 0.354916 0.328853 -0.638689 0.356524 0.330448 -0.645404 0.356524 0.275204 -0.645404 0.354916 0.273855 -0.638689 0.363409 -0.169493 -0.660267 0.363019 -0.16935 -0.654455 0.363019 0.0556814 -0.654455 0.363409 0.0557672 -0.660267 0.924994 0.329009 -0.638348 0.927416 0.330849 -0.64561 0.927416 0.275544 -0.64561 0.924994 0.273987 -0.638348 0.93438 -0.16961 -0.660474 0.933198 -0.169528 -0.653978 0.933198 0.0557884 -0.653978 0.93438 0.0558378 -0.660474 0.439957 -0.167 -0.64561 0.439957 0.0542717 -0.64561 0.432993 0.281286 -0.660474 0.432993 0.337635 -0.660474 0.434175 0.337421 -0.653978 0.434175 0.281105 -0.653978 -0.399036 0.513531 0.626133 -0.399036 0.472209 0.626133 -0.370344 0.472209 0.63138 -0.370344 0.48484 0.63138 -0.399036 0.377293 0.626133 -0.396018 0.376007 0.626685 -0.370344 0.401681 0.63138 0.396018 0.376007 0.626685 0.370344 0.401681 0.63138 0.399036 0.377293 0.626133 0.399036 0.472209 0.626133 0.370344 0.472209 0.63138 0.399036 0.513531 0.626133 0.370344 0.48484 0.63138 -0.370344 0.48484 0.63138 -0.370344 0.472209 0.63138 -0.363171 0.472209 0.638552 -0.363171 0.477667 0.638552 -0.370344 0.401681 0.63138 -0.363171 0.408854 0.638552 -0.370344 0.401681 0.63138 0.370344 0.401681 0.63138 0.363171 0.408854 0.638552 -0.363171 0.408854 0.638552 0.370344 0.401681 0.63138 0.370344 0.472209 0.63138 0.363171 0.472209 0.638552 0.363171 0.408854 0.638552 0.370344 0.48484 0.63138 0.363171 0.477667 0.638552 0.370344 0.48484 0.63138 -0.370344 0.48484 0.63138 -0.363171 0.477667 0.638552 0.363171 0.477667 0.638552 -0.965294 0.469166 0.626133 -0.964034 0.372989 0.626133 -0.953992 0.372989 0.626133 -0.953992 0.457863 0.626133 -0.965294 0.314246 0.626133 -0.953992 0.325548 0.626133 -0.964034 0.311202 0.626133 -0.403339 0.311202 0.626133 -0.402079 0.314246 0.626133 -0.413381 0.325548 0.626133 -0.403339 0.372989 0.626133 -0.413381 0.372989 0.626133 -0.399036 0.377293 0.626133 -0.413381 0.457863 0.626133 0.965294 0.314246 0.626133 0.964034 0.372989 0.626133 0.953992 0.372989 0.626133 0.953992 0.325548 0.626133 0.965294 0.469166 0.626133 0.953992 0.457863 0.626133 0.413381 0.457863 0.626133 0.399036 0.377293 0.626133 0.403339 0.372989 0.626133 0.413381 0.372989 0.626133 0.402079 0.314246 0.626133 0.413381 0.325548 0.626133 0.403339 0.311202 0.626133 0.964034 0.311202 0.626133 -0.953992 0.457863 0.626133 -0.953992 0.372989 0.626133 -0.939646 0.372989 0.640479 -0.939646 0.443518 0.640479 -0.953992 0.325548 0.626133 -0.939646 0.339894 0.640479 -0.953992 0.325548 0.626133 -0.413381 0.325548 0.626133 -0.427727 0.339894 0.640479 -0.939646 0.339894 0.640479 -0.413381 0.325548 0.626133 -0.413381 0.372989 0.626133 -0.427727 0.372989 0.640479 -0.427727 0.339894 0.640479 -0.413381 0.457863 0.626133 -0.427727 0.443518 0.640479 -0.413381 0.457863 0.626133 -0.953992 0.457863 0.626133 -0.939646 0.443518 0.640479 -0.427727 0.443518 0.640479 0.953992 0.325548 0.626133 0.953992 0.372989 0.626133 0.939646 0.372989 0.640479 0.939646 0.339894 0.640479 0.953992 0.457863 0.626133 0.939646 0.443518 0.640479 0.953992 0.457863 0.626133 0.413381 0.457863 0.626133 0.427727 0.443518 0.640479 0.939646 0.443518 0.640479 0.413381 0.457863 0.626133 0.413381 0.372989 0.626133 0.427727 0.372989 0.640479 0.427727 0.443518 0.640479 0.413381 0.325548 0.626133 0.427727 0.339894 0.640479 0.413381 0.325548 0.626133 0.953992 0.325548 0.626133 0.939646 0.339894 0.640479 0.427727 0.339894 0.640479 -0.9253 0.164425 -0.636292 -0.442073 0.164425 -0.636292 -0.442073 -0.387376 -0.636292 -0.9253 -0.387376 -0.636292 -0.399036 0.1876 -0.0361437 -0.399036 0.1876 0.0446976 -0.399036 -0.430413 0.0446976 -0.399036 -0.430413 -0.0361437 -0.968337 0.1876 0.0446976 -0.968337 0.1876 -0.0361437 -0.399036 0.1876 -0.617579 -0.399036 -0.430413 -0.617579 -0.953992 0.162393 0.57825 -0.953992 0.162394 0.0925808 -0.953992 -0.383604 0.0925808 -0.953992 -0.383604 0.57825 -0.968337 0.185708 0.622268 -0.968337 0.176037 0.602512 -0.968337 0.176037 -0.0597649 -0.961165 0.170131 0.0792864 -0.962983 0.169686 0.079024 -0.962983 -0.397146 0.079024 -0.961165 -0.397972 0.0792864 -0.961165 0.170131 -0.58299 -0.962983 0.169686 -0.583253 -0.962983 -0.397146 -0.583253 -0.961165 -0.397972 -0.58299 -0.968337 0.176037 0.602512 -0.965586 0.169928 0.593315 -0.953992 0.162394 0.0925808 -0.956743 0.162785 0.0907809 -0.953992 -0.383604 0.0925808 -0.958005 0.164253 0.08831 -0.961165 0.170131 0.0792864 -0.953992 0.162394 -0.569696 -0.956743 0.162785 -0.571496 -0.953992 -0.383604 -0.569696 -0.958005 0.164253 -0.573967 -0.961165 0.170131 -0.58299 -0.968337 0.176037 -0.0597649 -0.965586 0.169928 -0.068962 -0.965586 0.169928 0.593315 -0.962983 0.169686 0.591807 -0.962983 -0.397146 0.591807 -0.965586 -0.397595 0.593315 -0.965586 0.169928 -0.068962 -0.962983 0.169686 -0.07047 -0.962983 -0.397146 -0.07047 -0.965586 -0.397595 -0.068962 0.442073 0.164425 -0.636292 0.9253 0.164425 -0.636292 0.9253 -0.387376 -0.636292 0.442073 -0.387376 -0.636292 0.399036 0.1876 0.0446976 0.399036 0.1876 -0.0361437 0.399036 -0.430413 -0.0361437 0.399036 -0.430413 0.0446976 0.968337 0.1876 -0.0361437 0.968337 0.1876 0.0446976 0.399036 0.1876 -0.617579 0.399036 -0.430413 -0.617579 0.953992 0.162394 0.0925808 0.953992 0.162393 0.57825 0.953992 -0.383604 0.57825 0.953992 -0.383604 0.0925808 0.399036 0.1876 -0.617579 -0.399036 0.1876 -0.617579 0.968337 0.176036 0.602512 0.968337 0.185708 0.622268 0.968337 0.176037 -0.0597649 0.962983 0.169686 0.079024 0.961165 0.170131 0.0792864 0.961165 -0.397972 0.0792864 0.962983 -0.397146 0.079024 0.962983 0.169686 -0.583253 0.961165 0.170131 -0.58299 0.961165 -0.397972 -0.58299 0.962983 -0.397146 -0.583253 0.965586 0.169928 0.593315 0.968337 0.176036 0.602512 0.956743 0.162785 0.0907809 0.953992 0.162394 0.0925808 0.953992 -0.383604 0.0925808 0.961165 0.170131 0.0792864 0.958005 0.164253 0.08831 0.956743 0.162785 -0.571496 0.953992 0.162394 -0.569696 0.953992 -0.383604 -0.569696 0.961165 0.170131 -0.58299 0.958005 0.164253 -0.573967 0.965586 0.169928 -0.068962 0.968337 0.176037 -0.0597649 0.962983 0.169686 0.591807 0.965586 0.169928 0.593315 0.965586 -0.397595 0.593315 0.962983 -0.397146 0.591807 0.962983 0.169686 -0.07047 0.965586 0.169928 -0.068962 0.965586 -0.397595 -0.068962 0.962983 -0.397146 -0.07047 -0.399036 0.1876 -0.664984 -0.370344 0.17215 -0.664984 -0.964548 0.185559 -0.664984 -0.939646 0.17215 -0.664984 0.399036 0.1876 -0.664984 0.427727 0.17215 -0.664984 -0.432493 0.170193 -0.650638 -0.434175 0.168447 -0.653978 -0.434175 -0.394845 -0.653978 -0.432493 -0.398088 -0.650638 0.366685 0.170193 -0.650638 0.363019 0.168197 -0.654455 0.363019 -0.394381 -0.654455 0.366685 -0.398088 -0.650638 0.93488 0.170193 -0.650638 0.933198 0.168447 -0.653978 0.933198 -0.394845 -0.653978 0.93488 -0.398088 -0.650638 -0.939646 0.17215 -0.664984 -0.93438 0.168562 -0.660474 -0.93438 -0.395059 -0.660474 -0.939646 -0.401722 -0.664984 -0.442073 0.164425 -0.636292 -0.442379 0.163917 -0.638348 -0.442379 -0.386433 -0.638348 -0.442073 -0.387376 -0.636292 -0.439957 0.164908 -0.64561 -0.432493 0.170193 -0.650638 -0.432493 -0.398088 -0.650638 -0.439957 -0.388273 -0.64561 -0.370344 0.17215 -0.664984 -0.363409 0.168397 -0.660267 -0.363409 -0.394753 -0.660267 -0.370344 -0.401722 -0.664984 0.355998 0.164425 -0.636292 0.354916 0.163833 -0.638689 0.354916 -0.386277 -0.638689 0.355999 -0.387376 -0.636292 0.356524 0.164692 -0.645404 0.366685 0.170193 -0.650638 0.366685 -0.398088 -0.650638 0.356524 -0.387871 -0.645404 0.9253 0.164425 -0.636292 0.924994 0.163917 -0.638348 0.924994 -0.386433 -0.638348 0.9253 -0.387376 -0.636292 0.927416 0.164908 -0.64561 0.93488 0.170193 -0.650638 0.93488 -0.398088 -0.650638 0.927416 -0.388273 -0.64561 0.427727 0.17215 -0.664984 0.432993 0.168562 -0.660474 0.432993 -0.395059 -0.660474 0.427727 -0.401722 -0.664984 -0.93438 0.168562 -0.660474 -0.933198 0.168447 -0.653978 -0.933198 -0.394845 -0.653978 -0.93438 -0.395059 -0.660474 -0.439957 0.164908 -0.64561 -0.439957 -0.388273 -0.64561 -0.442379 -0.386433 -0.638348 -0.363409 0.168397 -0.660267 -0.363019 0.168197 -0.654455 -0.363019 -0.394381 -0.654455 -0.363409 -0.394753 -0.660267 0.354916 0.163833 -0.638689 0.356524 0.164692 -0.645404 0.356524 -0.387871 -0.645404 0.354916 -0.386277 -0.638689 0.927416 0.164908 -0.64561 0.927416 -0.388273 -0.64561 0.924994 -0.386433 -0.638348 0.432993 0.168562 -0.660474 0.434175 0.168447 -0.653978 0.434175 -0.394845 -0.653978 0.432993 -0.395059 -0.660474 -0.968337 -0.430413 -0.66068 -0.968337 0.1876 -0.617579 -0.968337 0.1876 -0.66068 -0.939646 -0.401722 0.640479 -0.427727 -0.401722 0.640479 -0.427727 0.158908 0.640479 -0.939646 0.158908 0.640479 -0.939646 0.0926887 0.640479 -0.427727 0.0926887 0.640479 -0.399036 -0.430413 0.621829 -0.399036 0.1876 0.621829 -0.953992 -0.383604 -0.569696 -0.953992 -0.383604 -0.0840267 -0.953992 0.162393 -0.0840268 -0.953992 0.162394 -0.569696 0.355999 -0.387376 -0.636292 -0.355999 -0.387376 -0.636292 -0.355998 0.164425 -0.636292 0.355998 0.164425 -0.636292 -0.968337 0.176037 0.068319 -0.968337 0.176037 -0.593958 -0.961165 -0.397972 0.591544 -0.961165 0.170131 0.591544 -0.961165 -0.397972 -0.0707324 -0.961165 0.170131 -0.0707324 -0.953992 -0.383604 0.57825 -0.956743 0.162785 0.58005 -0.953992 0.162393 0.57825 -0.961165 0.170131 0.591544 -0.958005 0.164253 0.582521 -0.965586 0.169928 0.077516 -0.968337 0.176037 0.068319 -0.965586 0.169928 -0.584761 -0.968337 0.176037 -0.593958 -0.953992 -0.383604 -0.0840267 -0.956743 0.162785 -0.0822269 -0.953992 0.162393 -0.0840268 -0.961165 0.170131 -0.0707324 -0.958005 0.164253 -0.079756 -0.965586 -0.397595 0.077516 -0.965586 0.169928 0.077516 -0.965586 -0.397595 -0.584761 -0.965586 0.169928 -0.584761 0.968337 -0.430413 -0.66068 0.968337 0.1876 -0.66068 0.968337 0.1876 -0.617579 0.427727 -0.401722 0.640479 0.939646 -0.401722 0.640479 0.939646 -0.211899 0.640479 0.427727 -0.211899 0.640479 0.939646 0.1876 0.640479 0.427727 0.1876 0.640479 0.427727 0.0926888 0.640479 0.939646 0.0926888 0.640479 0.399036 -0.430413 0.621829 0.399036 0.1876 0.621829 0.953992 -0.383604 -0.0840267 0.953992 -0.383604 -0.569696 0.953992 0.162394 -0.569696 0.953992 0.162393 -0.0840268 0.968337 0.176037 0.068319 0.968337 0.176037 -0.593958 0.961165 -0.397972 0.591544 0.961165 0.170131 0.591544 0.961165 -0.397972 -0.0707324 0.961165 0.170131 -0.0707324 0.953992 -0.383604 0.57825 0.953992 0.162393 0.57825 0.956743 0.162785 0.58005 0.958005 0.164253 0.582521 0.961165 0.170131 0.591544 0.968337 0.176037 0.068319 0.965586 0.169928 0.077516 0.968337 0.176037 -0.593958 0.965586 0.169928 -0.584761 0.953992 -0.383604 -0.0840267 0.953992 0.162393 -0.0840268 0.956743 0.162785 -0.0822269 0.958005 0.164253 -0.079756 0.961165 0.170131 -0.0707324 0.965586 -0.397595 0.077516 0.965586 0.169928 0.077516 0.965586 -0.397595 -0.584761 0.965586 0.169928 -0.584761 0.370344 0.17215 -0.664984 -0.427727 0.17215 -0.664984 0.939646 0.17215 -0.664984 0.964548 0.185559 -0.664984 -0.93488 -0.398088 -0.650638 -0.933198 -0.394845 -0.653978 -0.933198 -0.169528 -0.653978 -0.933198 0.168447 -0.653978 -0.93488 0.170193 -0.650638 -0.366685 -0.398088 -0.650638 -0.363019 -0.394381 -0.654455 -0.363019 -0.16935 -0.654455 -0.363019 0.168197 -0.654455 -0.366685 0.170193 -0.650638 0.432493 -0.398088 -0.650638 0.434175 -0.394845 -0.653978 0.434175 -0.169528 -0.653978 0.434175 0.168447 -0.653978 0.432493 0.170193 -0.650638 -0.9253 -0.387376 -0.636292 -0.924994 -0.386433 -0.638348 -0.924994 -0.166293 -0.638348 -0.924994 0.163917 -0.638348 -0.9253 0.164425 -0.636292 -0.927416 -0.388273 -0.64561 -0.93488 -0.398088 -0.650638 -0.93488 0.170193 -0.650638 -0.927416 0.164908 -0.64561 -0.427727 -0.401722 -0.664984 -0.432993 -0.395059 -0.660474 -0.432993 0.168562 -0.660474 -0.427727 0.17215 -0.664984 -0.355999 -0.387376 -0.636292 -0.354916 -0.386277 -0.638689 -0.354916 -0.166233 -0.638689 -0.354916 0.163833 -0.638689 -0.355998 0.164425 -0.636292 -0.356524 -0.387871 -0.645404 -0.366685 -0.398088 -0.650638 -0.366685 0.170193 -0.650638 -0.356524 0.164692 -0.645404 0.370344 -0.401722 -0.664984 0.363409 -0.394753 -0.660267 0.363409 0.168397 -0.660267 0.370344 0.17215 -0.664984 0.939646 -0.401722 -0.664984 0.93438 -0.395059 -0.660474 0.93438 0.168562 -0.660474 0.939646 0.17215 -0.664984 0.442073 -0.387376 -0.636292 0.442379 -0.386433 -0.638348 0.442379 -0.166293 -0.638348 0.442379 0.163917 -0.638348 0.442073 0.164425 -0.636292 0.439957 -0.388273 -0.64561 0.432493 -0.398088 -0.650638 0.432493 0.170193 -0.650638 0.439957 0.164908 -0.64561 -0.924994 -0.386433 -0.638348 -0.927416 -0.388273 -0.64561 -0.927416 0.164908 -0.64561 -0.432993 -0.395059 -0.660474 -0.434175 -0.394845 -0.653978 -0.434175 0.168447 -0.653978 -0.432993 0.168562 -0.660474 -0.354916 -0.386277 -0.638689 -0.356524 -0.387871 -0.645404 -0.356524 0.164692 -0.645404 -0.354916 0.163833 -0.638689 0.363409 -0.394753 -0.660267 0.363019 -0.394381 -0.654455 0.363019 0.168197 -0.654455 0.363409 0.168397 -0.660267 0.93438 -0.395059 -0.660474 0.933198 -0.394845 -0.653978 0.933198 0.168447 -0.653978 0.93438 0.168562 -0.660474 0.442379 -0.386433 -0.638348 0.439957 -0.388273 -0.64561 0.439957 0.164908 -0.64561 0.402079 0.0609541 0.626133 0.402079 -0.180165 0.626133 0.413381 -0.168862 0.626133 0.413381 0.0496515 0.626133 0.403339 -0.183208 0.626133 0.964034 -0.183208 0.626133 0.965294 -0.180165 0.626133 0.953992 -0.168862 0.626133 0.965294 0.0609541 0.626133 0.953992 0.0496515 0.626133 0.964034 0.0639973 0.626133 0.403339 0.0639973 0.626133 0.402079 -0.186251 0.626133 0.402079 -0.42737 0.626133 0.413381 -0.416067 0.626133 0.413381 -0.197554 0.626133 0.965294 -0.42737 0.626133 0.953992 -0.416067 0.626133 0.965294 -0.186251 0.626133 0.953992 -0.197554 0.626133 0.964034 0.1876 0.626133 0.953992 0.1876 0.626133 0.953992 0.078343 0.626133 0.965294 0.0670405 0.626133 0.402079 0.308159 0.626133 0.413381 0.296857 0.626133 0.953992 0.296857 0.626133 0.965294 0.308159 0.626133 0.403339 0.1876 0.626133 0.413381 0.1876 0.626133 0.413381 0.078343 0.626133 0.402079 0.0670405 0.626133 0.413381 0.0496515 0.626133 0.413381 -0.168862 0.626133 0.427727 -0.154516 0.640479 0.427727 0.0353058 0.640479 0.413381 -0.168862 0.626133 0.953992 -0.168862 0.626133 0.939646 -0.154516 0.640479 0.427727 -0.154516 0.640479 0.953992 -0.168862 0.626133 0.953992 0.0496515 0.626133 0.939646 0.0353058 0.640479 0.939646 -0.154516 0.640479 0.953992 0.0496515 0.626133 0.413381 0.0496515 0.626133 0.427727 0.0353058 0.640479 0.939646 0.0353058 0.640479 0.413381 -0.197554 0.626133 0.413381 -0.416067 0.626133 0.427727 -0.401722 0.640479 0.427727 -0.211899 0.640479 0.413381 -0.416067 0.626133 0.953992 -0.416067 0.626133 0.939646 -0.401722 0.640479 0.427727 -0.401722 0.640479 0.953992 -0.416067 0.626133 0.953992 -0.197554 0.626133 0.939646 -0.211899 0.640479 0.939646 -0.401722 0.640479 0.953992 -0.197554 0.626133 0.413381 -0.197554 0.626133 0.427727 -0.211899 0.640479 0.939646 -0.211899 0.640479 0.953992 0.1876 0.626133 0.939646 0.1876 0.640479 0.939646 0.0926888 0.640479 0.953992 0.078343 0.626133 0.953992 0.296857 0.626133 0.413381 0.296857 0.626133 0.427727 0.282511 0.640479 0.939646 0.282511 0.640479 0.413381 0.1876 0.626133 0.427727 0.1876 0.640479 0.427727 0.282511 0.640479 0.413381 0.296857 0.626133 0.413381 0.078343 0.626133 0.953992 0.078343 0.626133 0.939646 0.0926888 0.640479 0.427727 0.0926888 0.640479 -0.402079 -0.42737 0.626133 -0.403339 -0.183208 0.626133 -0.413381 -0.183208 0.626133 -0.413381 -0.416067 0.626133 -0.402079 0.060954 0.626133 -0.413381 0.0496515 0.626133 -0.403339 0.0639972 0.626133 -0.964034 0.0639972 0.626133 -0.965294 0.060954 0.626133 -0.953992 0.0496515 0.626133 -0.964034 -0.183208 0.626133 -0.953992 -0.183208 0.626133 -0.965294 -0.42737 0.626133 -0.953992 -0.416067 0.626133 -0.413381 -0.416067 0.626133 -0.413381 -0.183208 0.626133 -0.427727 -0.183208 0.640479 -0.427727 -0.401722 0.640479 -0.413381 0.0496515 0.626133 -0.427727 0.0353057 0.640479 -0.413381 0.0496515 0.626133 -0.953992 0.0496515 0.626133 -0.939646 0.0353057 0.640479 -0.427727 0.0353057 0.640479 -0.953992 0.0496515 0.626133 -0.953992 -0.183208 0.626133 -0.939646 -0.183208 0.640479 -0.939646 0.0353057 0.640479 -0.953992 -0.416067 0.626133 -0.939646 -0.401722 0.640479 -0.953992 -0.416067 0.626133 -0.413381 -0.416067 0.626133 -0.427727 -0.401722 0.640479 -0.939646 -0.401722 0.640479 -0.434175 0.281105 -0.653978 0.363019 0.280713 -0.654455 0.933198 0.281105 -0.653978 0.354916 0.273855 -0.638689 -0.427727 0.282511 0.640479 -0.939646 0.282511 0.640479 -0.939646 0.216291 0.640479 -0.427727 0.216291 0.640479 0.939646 0.282511 0.640479 0.427727 0.282511 0.640479 0.953992 0.296857 0.626133 0.939646 0.282511 0.640479 0.413381 0.078343 0.626133 0.427727 0.0926888 0.640479 -0.402079 0.0670404 0.626133 -0.402079 0.184557 0.626133 -0.413381 0.173254 0.626133 -0.413381 0.078343 0.626133 -0.403339 0.1876 0.626133 -0.964034 0.1876 0.626133 -0.965294 0.184557 0.626133 -0.953992 0.173254 0.626133 -0.965294 0.0670404 0.626133 -0.953992 0.078343 0.626133 -0.402079 0.190643 0.626133 -0.402079 0.308159 0.626133 -0.413381 0.296857 0.626133 -0.413381 0.201946 0.626133 -0.965294 0.308159 0.626133 -0.953992 0.296857 0.626133 -0.965294 0.190643 0.626133 -0.953992 0.201946 0.626133 -0.413381 0.078343 0.626133 -0.413381 0.173254 0.626133 -0.427727 0.158908 0.640479 -0.427727 0.0926887 0.640479 -0.413381 0.173254 0.626133 -0.953992 0.173254 0.626133 -0.939646 0.158908 0.640479 -0.427727 0.158908 0.640479 -0.953992 0.173254 0.626133 -0.953992 0.078343 0.626133 -0.939646 0.0926887 0.640479 -0.939646 0.158908 0.640479 -0.953992 0.078343 0.626133 -0.413381 0.078343 0.626133 -0.427727 0.0926887 0.640479 -0.939646 0.0926887 0.640479 -0.413381 0.201946 0.626133 -0.413381 0.296857 0.626133 -0.427727 0.282511 0.640479 -0.427727 0.216291 0.640479 -0.413381 0.296857 0.626133 -0.953992 0.296857 0.626133 -0.939646 0.282511 0.640479 -0.427727 0.282511 0.640479 -0.953992 0.296857 0.626133 -0.953992 0.201946 0.626133 -0.939646 0.216291 0.640479 -0.939646 0.282511 0.640479 -0.953992 0.201946 0.626133 -0.413381 0.201946 0.626133 -0.427727 0.216291 0.640479 -0.939646 0.216291 0.640479 -0.993697 0.57096 -0.617579 -0.990828 0.57383 -0.617579 -0.991617 0.57383 -0.684011 -0.993697 0.57096 -0.68604 -0.399036 0.57096 0.661997 -0.399036 0.573829 0.659128 -0.987365 0.573829 0.649534 -0.989394 0.57096 0.651569 -0.989394 0.57096 -0.690419 -0.987365 0.57383 -0.688385 -0.399036 0.57383 -0.697979 -0.399036 0.57096 -0.700848 0.399036 0.57383 -0.697979 0.399036 0.57096 -0.700848 -0.993697 0.57096 0.0582018 -0.991165 0.573829 0.0568533 -0.991098 0.57383 -0.025503 -0.993697 0.57096 -0.0242879 -0.993697 0.57096 0.647189 -0.991665 0.573829 0.64516 0.399036 0.57096 0.661997 0.399036 0.573829 0.659128 0.993697 0.57096 -0.68604 0.991617 0.57383 -0.684011 0.990828 0.57383 -0.617579 0.993697 0.57096 -0.617579 0.989394 0.57096 0.651569 0.987365 0.573829 0.649534 0.987365 0.57383 -0.688385 0.989394 0.57096 -0.690419 0.993697 0.57096 -0.0242879 0.991098 0.57383 -0.025503 0.991165 0.573829 0.0568533 0.993697 0.57096 0.0582018 0.991665 0.573829 0.64516 0.993697 0.57096 0.647189 -0.993697 0.5164 -0.68604 -0.991617 0.513531 -0.684011 -0.990828 0.513531 -0.617579 -0.993697 0.5164 -0.617579 -0.989394 0.5164 0.651569 -0.987365 0.513531 0.649534 -0.399036 0.513531 0.659128 -0.399036 0.5164 0.661997 -0.399036 0.5164 -0.700848 -0.399036 0.513531 -0.697979 -0.987365 0.513531 -0.688385 -0.989394 0.5164 -0.690419 -0.993697 0.5164 -0.0242879 -0.991098 0.513531 -0.025503 -0.991165 0.513531 0.0568533 -0.993697 0.5164 0.0582018 -0.991665 0.513531 0.64516 -0.993697 0.5164 0.647189 0.399036 0.5164 -0.700848 0.399036 0.513531 -0.697979 0.993697 0.5164 -0.617579 0.990828 0.513531 -0.617579 0.991617 0.513531 -0.684011 0.993697 0.5164 -0.68604 0.399036 0.5164 0.661997 0.399036 0.513531 0.659128 0.987365 0.513531 0.649534 0.989394 0.5164 0.651569 0.989394 0.5164 -0.690419 0.987365 0.513531 -0.688385 0.993697 0.5164 0.0582018 0.991165 0.513531 0.0568533 0.991098 0.513531 -0.025503 0.993697 0.5164 -0.0242879 0.993697 0.5164 0.647189 0.991665 0.513531 0.64516 -0.739319 0.37804 0.640242 -0.74239 0.381112 0.643231 -0.76207 0.381112 0.643231 -0.765141 0.37804 0.640242 -0.737884 0.405297 0.640242 -0.740956 0.402226 0.643231 -0.740956 0.382546 0.643231 -0.737884 0.379475 0.640242 -0.765141 0.406732 0.640242 -0.76207 0.40366 0.643231 -0.74239 0.40366 0.643231 -0.739319 0.406732 0.640242 -0.766576 0.379475 0.640242 -0.763504 0.382546 0.643231 -0.763504 0.402226 0.643231 -0.766576 0.405297 0.640242 -0.744859 0.386449 0.650184 -0.744859 0.398323 0.650184 -0.744859 0.398323 0.678876 -0.744859 0.386449 0.678876 -0.758167 0.385014 0.650184 -0.746293 0.385014 0.650184 -0.745871 0.385014 0.679892 -0.758589 0.385014 0.692659 -0.746293 0.399757 0.650184 -0.758167 0.399757 0.650184 -0.758589 0.399757 0.692659 -0.745871 0.399757 0.679892 -0.759602 0.398323 0.650184 -0.759602 0.386449 0.650184 -0.759602 0.386449 0.693675 -0.759602 0.398323 0.693675 -0.744528 0.38325 0.646213 -0.759932 0.38325 0.646213 -0.743094 0.400088 0.646213 -0.743094 0.384684 0.646213 -0.759932 0.401522 0.646213 -0.744528 0.401522 0.646213 -0.761366 0.384684 0.646213 -0.761366 0.400088 0.646213 -0.606986 0.381112 0.643231 -0.626666 0.381112 0.643231 -0.629737 0.37804 0.640242 -0.603915 0.37804 0.640242 -0.6281 0.382546 0.643231 -0.6281 0.402226 0.643231 -0.631172 0.405297 0.640242 -0.631172 0.379475 0.640242 -0.626666 0.40366 0.643231 -0.606986 0.40366 0.643231 -0.603915 0.406732 0.640242 -0.629737 0.406732 0.640242 -0.605552 0.402226 0.643231 -0.605552 0.382546 0.643231 -0.60248 0.379475 0.640242 -0.60248 0.405297 0.640242 -0.624197 0.386449 0.650184 -0.624197 0.386449 0.678876 -0.624197 0.398323 0.678876 -0.624197 0.398323 0.650184 -0.623185 0.385014 0.679892 -0.622763 0.385014 0.650184 -0.610889 0.385014 0.650184 -0.610467 0.385014 0.692659 -0.610467 0.399757 0.692659 -0.610889 0.399757 0.650184 -0.622763 0.399757 0.650184 -0.623185 0.399757 0.679892 -0.609455 0.386449 0.693675 -0.609455 0.386449 0.650184 -0.609455 0.398323 0.650184 -0.609455 0.398323 0.693675 -0.609124 0.38325 0.646213 -0.624528 0.38325 0.646213 -0.625962 0.384684 0.646213 -0.625962 0.400088 0.646213 -0.624528 0.401522 0.646213 -0.609124 0.401522 0.646213 -0.60769 0.400088 0.646213 -0.60769 0.384684 0.646213 -0.751416 0.385014 0.699832 -0.738698 0.385014 0.687065 -0.630358 0.385014 0.687065 -0.61764 0.385014 0.699832 -0.737686 0.398323 0.686049 -0.63137 0.398323 0.686049 -0.63137 0.386449 0.686049 -0.737686 0.386449 0.686049 -0.751416 0.399757 0.699832 -0.61764 0.399757 0.699832 -0.630358 0.399757 0.687065 -0.738698 0.399757 0.687065 -0.752429 0.386449 0.700848 -0.616627 0.386449 0.700848 -0.616627 0.398323 0.700848 -0.752429 0.398323 0.700848 -0.745074 0.385014 0.683877 -0.757792 0.385014 0.696644 -0.744062 0.398323 0.682861 -0.744062 0.386449 0.682861 -0.757792 0.399757 0.696644 -0.745074 0.399757 0.683877 -0.758805 0.386449 0.69766 -0.758805 0.398323 0.69766 -0.624994 0.386449 0.682861 -0.624994 0.398323 0.682861 -0.611264 0.385014 0.696644 -0.623982 0.385014 0.683877 -0.623982 0.399757 0.683877 -0.611264 0.399757 0.696644 -0.610251 0.398323 0.69766 -0.610251 0.386449 0.69766 -0.742683 0.385014 0.686268 -0.755401 0.385014 0.699035 -0.744062 0.398323 0.682861 -0.741671 0.398323 0.685252 -0.741671 0.386449 0.685252 -0.744062 0.386449 0.682861 -0.741671 0.398323 0.685252 -0.741671 0.386449 0.685252 -0.755401 0.399757 0.699035 -0.742683 0.399757 0.686268 -0.758805 0.386449 0.69766 -0.756414 0.386449 0.700051 -0.756414 0.398323 0.700051 -0.758805 0.398323 0.69766 -0.756414 0.386449 0.700051 -0.756414 0.398323 0.700051 -0.624994 0.386449 0.682861 -0.627385 0.386449 0.685252 -0.627385 0.398323 0.685252 -0.624994 0.398323 0.682861 -0.627385 0.386449 0.685252 -0.627385 0.398323 0.685252 -0.613655 0.385014 0.699035 -0.626373 0.385014 0.686268 -0.626373 0.399757 0.686268 -0.613655 0.399757 0.699035 -0.610251 0.398323 0.69766 -0.612642 0.398323 0.700051 -0.612642 0.386449 0.700051 -0.610251 0.386449 0.69766 -0.612642 0.398323 0.700051 -0.612642 0.386449 0.700051 -0.739319 0.37804 0.640242 -0.74239 0.381112 0.643231 -0.737884 0.405297 0.640242 -0.765141 0.406732 0.640242 -0.759602 0.386449 0.650184 -0.758167 0.385014 0.650184 -0.758589 0.385014 0.692659 -0.759602 0.386449 0.693675 -0.746293 0.385014 0.650184 -0.744859 0.386449 0.650184 -0.744859 0.386449 0.678876 -0.745871 0.385014 0.679892 -0.744859 0.398323 0.650184 -0.746293 0.399757 0.650184 -0.745871 0.399757 0.679892 -0.744859 0.398323 0.678876 -0.758167 0.399757 0.650184 -0.759602 0.398323 0.650184 -0.759602 0.398323 0.693675 -0.758589 0.399757 0.692659 -0.744528 0.38325 0.646213 -0.763504 0.382546 0.643231 -0.766576 0.379475 0.640242 -0.765141 0.37804 0.640242 -0.746293 0.385014 0.650184 -0.626666 0.381112 0.643231 -0.629737 0.37804 0.640242 -0.603915 0.37804 0.640242 -0.626666 0.40366 0.643231 -0.629737 0.406732 0.640242 -0.631172 0.405297 0.640242 -0.605552 0.402226 0.643231 -0.60248 0.405297 0.640242 -0.603915 0.406732 0.640242 -0.623185 0.385014 0.679892 -0.624197 0.386449 0.678876 -0.624197 0.386449 0.650184 -0.622763 0.385014 0.650184 -0.609455 0.386449 0.693675 -0.610467 0.385014 0.692659 -0.610889 0.385014 0.650184 -0.609455 0.386449 0.650184 -0.624197 0.398323 0.678876 -0.623185 0.399757 0.679892 -0.622763 0.399757 0.650184 -0.624197 0.398323 0.650184 -0.610467 0.399757 0.692659 -0.609455 0.398323 0.693675 -0.609455 0.398323 0.650184 -0.610889 0.399757 0.650184 -0.624528 0.38325 0.646213 -0.622763 0.385014 0.650184 -0.752429 0.386449 0.700848 -0.751416 0.385014 0.699832 -0.61764 0.385014 0.699832 -0.616627 0.386449 0.700848 -0.738698 0.385014 0.687065 -0.737686 0.386449 0.686049 -0.63137 0.386449 0.686049 -0.630358 0.385014 0.687065 -0.737686 0.398323 0.686049 -0.738698 0.399757 0.687065 -0.630358 0.399757 0.687065 -0.63137 0.398323 0.686049 -0.751416 0.399757 0.699832 -0.752429 0.398323 0.700848 -0.616627 0.398323 0.700848 -0.61764 0.399757 0.699832 -0.742683 0.385014 0.686268 -0.741671 0.386449 0.685252 -0.741671 0.398323 0.685252 -0.742683 0.399757 0.686268 -0.756414 0.386449 0.700051 -0.755401 0.385014 0.699035 -0.755401 0.399757 0.699035 -0.756414 0.398323 0.700051 -0.623982 0.385014 0.683877 -0.624994 0.386449 0.682861 -0.624994 0.398323 0.682861 -0.623982 0.399757 0.683877 -0.610251 0.386449 0.69766 -0.611264 0.385014 0.696644 -0.611264 0.399757 0.696644 -0.610251 0.398323 0.69766 -0.744062 0.386449 0.682861 -0.745074 0.385014 0.683877 -0.745074 0.399757 0.683877 -0.744062 0.398323 0.682861 -0.757792 0.385014 0.696644 -0.758805 0.386449 0.69766 -0.758805 0.398323 0.69766 -0.757792 0.399757 0.696644 -0.627385 0.386449 0.685252 -0.626373 0.385014 0.686268 -0.626373 0.399757 0.686268 -0.627385 0.398323 0.685252 -0.613655 0.385014 0.699035 -0.612642 0.386449 0.700051 -0.612642 0.398323 0.700051 -0.613655 0.399757 0.699035 -0.739319 0.235371 0.640242 -0.74239 0.238443 0.643231 -0.76207 0.238443 0.643231 -0.765141 0.235371 0.640242 -0.737884 0.262628 0.640242 -0.740956 0.259557 0.643231 -0.740956 0.239877 0.643231 -0.737884 0.236806 0.640242 -0.765141 0.264063 0.640242 -0.76207 0.260991 0.643231 -0.74239 0.260991 0.643231 -0.739319 0.264063 0.640242 -0.766576 0.236806 0.640242 -0.763504 0.239877 0.643231 -0.763504 0.259557 0.643231 -0.766576 0.262628 0.640242 -0.744859 0.24378 0.650184 -0.744859 0.255654 0.650184 -0.744859 0.255654 0.678876 -0.744859 0.24378 0.678876 -0.758167 0.242346 0.650184 -0.746293 0.242346 0.650184 -0.745871 0.242346 0.679892 -0.758589 0.242346 0.692659 -0.746293 0.257088 0.650184 -0.758167 0.257088 0.650184 -0.758589 0.257088 0.692659 -0.745871 0.257088 0.679892 -0.759602 0.255654 0.650184 -0.759602 0.24378 0.650184 -0.759602 0.24378 0.693675 -0.759602 0.255654 0.693675 -0.744528 0.240581 0.646213 -0.759932 0.240581 0.646213 -0.743094 0.257419 0.646213 -0.743094 0.242015 0.646213 -0.759932 0.258853 0.646213 -0.744528 0.258853 0.646213 -0.761366 0.242015 0.646213 -0.761366 0.257419 0.646213 -0.606986 0.238443 0.643231 -0.626666 0.238443 0.643231 -0.629737 0.235371 0.640242 -0.603915 0.235371 0.640242 -0.6281 0.239877 0.643231 -0.6281 0.259557 0.643231 -0.631172 0.262628 0.640242 -0.631172 0.236806 0.640242 -0.626666 0.260991 0.643231 -0.606986 0.260991 0.643231 -0.603915 0.264063 0.640242 -0.629737 0.264063 0.640242 -0.605552 0.259557 0.643231 -0.605552 0.239877 0.643231 -0.60248 0.236806 0.640242 -0.60248 0.262628 0.640242 -0.624197 0.24378 0.650184 -0.624197 0.24378 0.678876 -0.624197 0.255654 0.678876 -0.624197 0.255654 0.650184 -0.623185 0.242346 0.679892 -0.622763 0.242346 0.650184 -0.610889 0.242346 0.650184 -0.610467 0.242346 0.692659 -0.610467 0.257088 0.692659 -0.610889 0.257088 0.650184 -0.622763 0.257088 0.650184 -0.623185 0.257088 0.679892 -0.609455 0.24378 0.693675 -0.609455 0.24378 0.650184 -0.609455 0.255654 0.650184 -0.609455 0.255654 0.693675 -0.609124 0.240581 0.646213 -0.624528 0.240581 0.646213 -0.625962 0.242015 0.646213 -0.625962 0.257419 0.646213 -0.624528 0.258853 0.646213 -0.609124 0.258853 0.646213 -0.60769 0.257419 0.646213 -0.60769 0.242015 0.646213 -0.751416 0.242346 0.699832 -0.738698 0.242346 0.687065 -0.630358 0.242346 0.687065 -0.61764 0.242346 0.699832 -0.737686 0.255654 0.686049 -0.63137 0.255654 0.686049 -0.63137 0.24378 0.686049 -0.737686 0.24378 0.686049 -0.751416 0.257088 0.699832 -0.61764 0.257088 0.699832 -0.630358 0.257088 0.687065 -0.738698 0.257088 0.687065 -0.752429 0.24378 0.700848 -0.616627 0.24378 0.700848 -0.616627 0.255654 0.700848 -0.752429 0.255654 0.700848 -0.745074 0.242346 0.683877 -0.757792 0.242346 0.696644 -0.744062 0.255654 0.682861 -0.744062 0.24378 0.682861 -0.757792 0.257088 0.696644 -0.745074 0.257088 0.683877 -0.758805 0.24378 0.69766 -0.758805 0.255654 0.69766 -0.624994 0.24378 0.682861 -0.624994 0.255654 0.682861 -0.611264 0.242346 0.696644 -0.623982 0.242346 0.683877 -0.623982 0.257088 0.683877 -0.611264 0.257088 0.696644 -0.610251 0.255654 0.69766 -0.610251 0.24378 0.69766 -0.742683 0.242346 0.686268 -0.755401 0.242346 0.699035 -0.744062 0.255654 0.682861 -0.741671 0.255654 0.685252 -0.741671 0.24378 0.685252 -0.744062 0.24378 0.682861 -0.741671 0.255654 0.685252 -0.741671 0.24378 0.685252 -0.755401 0.257088 0.699035 -0.742683 0.257088 0.686268 -0.758805 0.24378 0.69766 -0.756414 0.24378 0.700051 -0.756414 0.255654 0.700051 -0.758805 0.255654 0.69766 -0.756414 0.24378 0.700051 -0.756414 0.255654 0.700051 -0.624994 0.24378 0.682861 -0.627385 0.24378 0.685252 -0.627385 0.255654 0.685252 -0.624994 0.255654 0.682861 -0.627385 0.24378 0.685252 -0.627385 0.255654 0.685252 -0.613655 0.242346 0.699035 -0.626373 0.242346 0.686268 -0.626373 0.257088 0.686268 -0.613655 0.257088 0.699035 -0.610251 0.255654 0.69766 -0.612642 0.255654 0.700051 -0.612642 0.24378 0.700051 -0.610251 0.24378 0.69766 -0.612642 0.255654 0.700051 -0.612642 0.24378 0.700051 -0.739319 0.235371 0.640242 -0.74239 0.238443 0.643231 -0.737884 0.262628 0.640242 -0.765141 0.264063 0.640242 -0.759602 0.24378 0.650184 -0.758167 0.242346 0.650184 -0.758589 0.242346 0.692659 -0.759602 0.24378 0.693675 -0.746293 0.242346 0.650184 -0.744859 0.24378 0.650184 -0.744859 0.24378 0.678876 -0.745871 0.242346 0.679892 -0.744859 0.255654 0.650184 -0.746293 0.257088 0.650184 -0.745871 0.257088 0.679892 -0.744859 0.255654 0.678876 -0.758167 0.257088 0.650184 -0.759602 0.255654 0.650184 -0.759602 0.255654 0.693675 -0.758589 0.257088 0.692659 -0.744528 0.240581 0.646213 -0.763504 0.239877 0.643231 -0.766576 0.236806 0.640242 -0.765141 0.235371 0.640242 -0.746293 0.242346 0.650184 -0.626666 0.238443 0.643231 -0.629737 0.235371 0.640242 -0.603915 0.235371 0.640242 -0.626666 0.260991 0.643231 -0.629737 0.264063 0.640242 -0.631172 0.262628 0.640242 -0.605552 0.259557 0.643231 -0.60248 0.262628 0.640242 -0.603915 0.264063 0.640242 -0.623185 0.242346 0.679892 -0.624197 0.24378 0.678876 -0.624197 0.24378 0.650184 -0.622763 0.242346 0.650184 -0.609455 0.24378 0.693675 -0.610467 0.242346 0.692659 -0.610889 0.242346 0.650184 -0.609455 0.24378 0.650184 -0.624197 0.255654 0.678876 -0.623185 0.257088 0.679892 -0.622763 0.257088 0.650184 -0.624197 0.255654 0.650184 -0.610467 0.257088 0.692659 -0.609455 0.255654 0.693675 -0.609455 0.255654 0.650184 -0.610889 0.257088 0.650184 -0.624528 0.240581 0.646213 -0.622763 0.242346 0.650184 -0.752429 0.24378 0.700848 -0.751416 0.242346 0.699832 -0.61764 0.242346 0.699832 -0.616627 0.24378 0.700848 -0.738698 0.242346 0.687065 -0.737686 0.24378 0.686049 -0.63137 0.24378 0.686049 -0.630358 0.242346 0.687065 -0.737686 0.255654 0.686049 -0.738698 0.257088 0.687065 -0.630358 0.257088 0.687065 -0.63137 0.255654 0.686049 -0.751416 0.257088 0.699832 -0.752429 0.255654 0.700848 -0.616627 0.255654 0.700848 -0.61764 0.257088 0.699832 -0.742683 0.242346 0.686268 -0.741671 0.24378 0.685252 -0.741671 0.255654 0.685252 -0.742683 0.257088 0.686268 -0.756414 0.24378 0.700051 -0.755401 0.242346 0.699035 -0.755401 0.257088 0.699035 -0.756414 0.255654 0.700051 -0.623982 0.242346 0.683877 -0.624994 0.24378 0.682861 -0.624994 0.255654 0.682861 -0.623982 0.257088 0.683877 -0.610251 0.24378 0.69766 -0.611264 0.242346 0.696644 -0.611264 0.257088 0.696644 -0.610251 0.255654 0.69766 -0.744062 0.24378 0.682861 -0.745074 0.242346 0.683877 -0.745074 0.257088 0.683877 -0.744062 0.255654 0.682861 -0.757792 0.242346 0.696644 -0.758805 0.24378 0.69766 -0.758805 0.255654 0.69766 -0.757792 0.257088 0.696644 -0.627385 0.24378 0.685252 -0.626373 0.242346 0.686268 -0.626373 0.257088 0.686268 -0.627385 0.255654 0.685252 -0.613655 0.242346 0.699035 -0.612642 0.24378 0.700051 -0.612642 0.255654 0.700051 -0.613655 0.257088 0.699035 -0.739319 0.111619 0.640242 -0.74239 0.11469 0.643231 -0.76207 0.11469 0.643231 -0.765141 0.111619 0.640242 -0.737884 0.138876 0.640242 -0.740956 0.135804 0.643231 -0.740956 0.116125 0.643231 -0.737884 0.113053 0.640242 -0.765141 0.14031 0.640242 -0.76207 0.137239 0.643231 -0.74239 0.137239 0.643231 -0.739319 0.14031 0.640242 -0.766576 0.113053 0.640242 -0.763504 0.116125 0.643231 -0.763504 0.135804 0.643231 -0.766576 0.138876 0.640242 -0.744859 0.120027 0.650184 -0.744859 0.131901 0.650184 -0.744859 0.131901 0.678876 -0.744859 0.120027 0.678876 -0.758167 0.118593 0.650184 -0.746293 0.118593 0.650184 -0.745871 0.118593 0.679892 -0.758589 0.118593 0.692659 -0.746293 0.133336 0.650184 -0.758167 0.133336 0.650184 -0.758589 0.133336 0.692659 -0.745871 0.133336 0.679892 -0.759602 0.131901 0.650184 -0.759602 0.120027 0.650184 -0.759602 0.120027 0.693675 -0.759602 0.131901 0.693675 -0.744528 0.116828 0.646213 -0.759932 0.116828 0.646213 -0.743094 0.133666 0.646213 -0.743094 0.118263 0.646213 -0.759932 0.135101 0.646213 -0.744528 0.135101 0.646213 -0.761366 0.118263 0.646213 -0.761366 0.133666 0.646213 -0.606986 0.11469 0.643231 -0.626666 0.11469 0.643231 -0.629737 0.111619 0.640242 -0.603915 0.111619 0.640242 -0.6281 0.116125 0.643231 -0.6281 0.135804 0.643231 -0.631172 0.138876 0.640242 -0.631172 0.113053 0.640242 -0.626666 0.137239 0.643231 -0.606986 0.137239 0.643231 -0.603915 0.14031 0.640242 -0.629737 0.14031 0.640242 -0.605552 0.135804 0.643231 -0.605552 0.116125 0.643231 -0.60248 0.113053 0.640242 -0.60248 0.138876 0.640242 -0.624197 0.120027 0.650184 -0.624197 0.120027 0.678876 -0.624197 0.131901 0.678876 -0.624197 0.131901 0.650184 -0.623185 0.118593 0.679892 -0.622763 0.118593 0.650184 -0.610889 0.118593 0.650184 -0.610467 0.118593 0.692659 -0.610467 0.133336 0.692659 -0.610889 0.133336 0.650184 -0.622763 0.133336 0.650184 -0.623185 0.133336 0.679892 -0.609455 0.120027 0.693675 -0.609455 0.120027 0.650184 -0.609455 0.131901 0.650184 -0.609455 0.131901 0.693675 -0.609124 0.116828 0.646213 -0.624528 0.116828 0.646213 -0.625962 0.118263 0.646213 -0.625962 0.133666 0.646213 -0.624528 0.135101 0.646213 -0.609124 0.135101 0.646213 -0.60769 0.133666 0.646213 -0.60769 0.118263 0.646213 -0.751416 0.118593 0.699832 -0.738698 0.118593 0.687065 -0.630358 0.118593 0.687065 -0.61764 0.118593 0.699832 -0.737686 0.131901 0.686049 -0.63137 0.131901 0.686049 -0.63137 0.120027 0.686049 -0.737686 0.120027 0.686049 -0.751416 0.133336 0.699832 -0.61764 0.133336 0.699832 -0.630358 0.133336 0.687065 -0.738698 0.133336 0.687065 -0.752429 0.120027 0.700848 -0.616627 0.120027 0.700848 -0.616627 0.131901 0.700848 -0.752429 0.131901 0.700848 -0.745074 0.118593 0.683877 -0.757792 0.118593 0.696644 -0.744062 0.131901 0.682861 -0.744062 0.120027 0.682861 -0.757792 0.133336 0.696644 -0.745074 0.133336 0.683877 -0.758805 0.120027 0.69766 -0.758805 0.131901 0.69766 -0.624994 0.120027 0.682861 -0.624994 0.131901 0.682861 -0.611264 0.118593 0.696644 -0.623982 0.118593 0.683877 -0.623982 0.133336 0.683877 -0.611264 0.133336 0.696644 -0.610251 0.131901 0.69766 -0.610251 0.120027 0.69766 -0.742683 0.118593 0.686268 -0.755401 0.118593 0.699035 -0.744062 0.131901 0.682861 -0.741671 0.131901 0.685252 -0.741671 0.120027 0.685252 -0.744062 0.120027 0.682861 -0.741671 0.131901 0.685252 -0.741671 0.120027 0.685252 -0.755401 0.133336 0.699035 -0.742683 0.133336 0.686268 -0.758805 0.120027 0.69766 -0.756414 0.120027 0.700051 -0.756414 0.131901 0.700051 -0.758805 0.131901 0.69766 -0.756414 0.120027 0.700051 -0.756414 0.131901 0.700051 -0.624994 0.120027 0.682861 -0.627385 0.120027 0.685252 -0.627385 0.131901 0.685252 -0.624994 0.131901 0.682861 -0.627385 0.120027 0.685252 -0.627385 0.131901 0.685252 -0.613655 0.118593 0.699035 -0.626373 0.118593 0.686268 -0.626373 0.133336 0.686268 -0.613655 0.133336 0.699035 -0.610251 0.131901 0.69766 -0.612642 0.131901 0.700051 -0.612642 0.120027 0.700051 -0.610251 0.120027 0.69766 -0.612642 0.131901 0.700051 -0.612642 0.120027 0.700051 -0.739319 0.111619 0.640242 -0.74239 0.11469 0.643231 -0.737884 0.138876 0.640242 -0.765141 0.14031 0.640242 -0.759602 0.120027 0.650184 -0.758167 0.118593 0.650184 -0.758589 0.118593 0.692659 -0.759602 0.120027 0.693675 -0.746293 0.118593 0.650184 -0.744859 0.120027 0.650184 -0.744859 0.120027 0.678876 -0.745871 0.118593 0.679892 -0.744859 0.131901 0.650184 -0.746293 0.133336 0.650184 -0.745871 0.133336 0.679892 -0.744859 0.131901 0.678876 -0.758167 0.133336 0.650184 -0.759602 0.131901 0.650184 -0.759602 0.131901 0.693675 -0.758589 0.133336 0.692659 -0.744528 0.116828 0.646213 -0.763504 0.116125 0.643231 -0.766576 0.113053 0.640242 -0.765141 0.111619 0.640242 -0.746293 0.118593 0.650184 -0.626666 0.11469 0.643231 -0.629737 0.111619 0.640242 -0.603915 0.111619 0.640242 -0.626666 0.137239 0.643231 -0.629737 0.14031 0.640242 -0.631172 0.138876 0.640242 -0.605552 0.135804 0.643231 -0.60248 0.138876 0.640242 -0.603915 0.14031 0.640242 -0.623185 0.118593 0.679892 -0.624197 0.120027 0.678876 -0.624197 0.120027 0.650184 -0.622763 0.118593 0.650184 -0.609455 0.120027 0.693675 -0.610467 0.118593 0.692659 -0.610889 0.118593 0.650184 -0.609455 0.120027 0.650184 -0.624197 0.131901 0.678876 -0.623185 0.133336 0.679892 -0.622763 0.133336 0.650184 -0.624197 0.131901 0.650184 -0.610467 0.133336 0.692659 -0.609455 0.131901 0.693675 -0.609455 0.131901 0.650184 -0.610889 0.133336 0.650184 -0.624528 0.116828 0.646213 -0.622763 0.118593 0.650184 -0.752429 0.120027 0.700848 -0.751416 0.118593 0.699832 -0.61764 0.118593 0.699832 -0.616627 0.120027 0.700848 -0.738698 0.118593 0.687065 -0.737686 0.120027 0.686049 -0.63137 0.120027 0.686049 -0.630358 0.118593 0.687065 -0.737686 0.131901 0.686049 -0.738698 0.133336 0.687065 -0.630358 0.133336 0.687065 -0.63137 0.131901 0.686049 -0.751416 0.133336 0.699832 -0.752429 0.131901 0.700848 -0.616627 0.131901 0.700848 -0.61764 0.133336 0.699832 -0.742683 0.118593 0.686268 -0.741671 0.120027 0.685252 -0.741671 0.131901 0.685252 -0.742683 0.133336 0.686268 -0.756414 0.120027 0.700051 -0.755401 0.118593 0.699035 -0.755401 0.133336 0.699035 -0.756414 0.131901 0.700051 -0.623982 0.118593 0.683877 -0.624994 0.120027 0.682861 -0.624994 0.131901 0.682861 -0.623982 0.133336 0.683877 -0.610251 0.120027 0.69766 -0.611264 0.118593 0.696644 -0.611264 0.133336 0.696644 -0.610251 0.131901 0.69766 -0.744062 0.120027 0.682861 -0.745074 0.118593 0.683877 -0.745074 0.133336 0.683877 -0.744062 0.131901 0.682861 -0.757792 0.118593 0.696644 -0.758805 0.120027 0.69766 -0.758805 0.131901 0.69766 -0.757792 0.133336 0.696644 -0.627385 0.120027 0.685252 -0.626373 0.118593 0.686268 -0.626373 0.133336 0.686268 -0.627385 0.131901 0.685252 -0.613655 0.118593 0.699035 -0.612642 0.120027 0.700051 -0.612642 0.131901 0.700051 -0.613655 0.133336 0.699035 -0.739319 -0.196779 0.640242 -0.74239 -0.193708 0.643231 -0.76207 -0.193708 0.643231 -0.765141 -0.196779 0.640242 -0.737884 -0.169523 0.640242 -0.740956 -0.172594 0.643231 -0.740956 -0.192273 0.643231 -0.737884 -0.195345 0.640242 -0.765141 -0.168088 0.640242 -0.76207 -0.171159 0.643231 -0.74239 -0.171159 0.643231 -0.739319 -0.168088 0.640242 -0.766576 -0.195345 0.640242 -0.763504 -0.192273 0.643231 -0.763504 -0.172594 0.643231 -0.766576 -0.169523 0.640242 -0.744859 -0.188371 0.650184 -0.744859 -0.176497 0.650184 -0.744859 -0.176497 0.678876 -0.744859 -0.188371 0.678876 -0.758167 -0.189805 0.650184 -0.746293 -0.189805 0.650184 -0.745871 -0.189805 0.679892 -0.758589 -0.189805 0.692659 -0.746293 -0.175062 0.650184 -0.758167 -0.175062 0.650184 -0.758589 -0.175062 0.692659 -0.745871 -0.175062 0.679892 -0.759602 -0.176497 0.650184 -0.759602 -0.188371 0.650184 -0.759602 -0.188371 0.693675 -0.759602 -0.176497 0.693675 -0.744528 -0.19157 0.646213 -0.759932 -0.19157 0.646213 -0.743094 -0.174732 0.646213 -0.743094 -0.190135 0.646213 -0.759932 -0.173297 0.646213 -0.744528 -0.173297 0.646213 -0.761366 -0.190135 0.646213 -0.761366 -0.174732 0.646213 -0.606986 -0.193708 0.643231 -0.626666 -0.193708 0.643231 -0.629737 -0.196779 0.640242 -0.603915 -0.196779 0.640242 -0.6281 -0.192273 0.643231 -0.6281 -0.172594 0.643231 -0.631172 -0.169523 0.640242 -0.631172 -0.195345 0.640242 -0.626666 -0.171159 0.643231 -0.606986 -0.171159 0.643231 -0.603915 -0.168088 0.640242 -0.629737 -0.168088 0.640242 -0.605552 -0.172594 0.643231 -0.605552 -0.192273 0.643231 -0.60248 -0.195345 0.640242 -0.60248 -0.169523 0.640242 -0.624197 -0.188371 0.650184 -0.624197 -0.188371 0.678876 -0.624197 -0.176497 0.678876 -0.624197 -0.176497 0.650184 -0.623185 -0.189805 0.679892 -0.622763 -0.189805 0.650184 -0.610889 -0.189805 0.650184 -0.610467 -0.189805 0.692659 -0.610467 -0.175062 0.692659 -0.610889 -0.175062 0.650184 -0.622763 -0.175062 0.650184 -0.623185 -0.175062 0.679892 -0.609455 -0.188371 0.693675 -0.609455 -0.188371 0.650184 -0.609455 -0.176497 0.650184 -0.609455 -0.176497 0.693675 -0.609124 -0.19157 0.646213 -0.624528 -0.19157 0.646213 -0.625962 -0.190135 0.646213 -0.625962 -0.174732 0.646213 -0.624528 -0.173297 0.646213 -0.609124 -0.173297 0.646213 -0.60769 -0.174732 0.646213 -0.60769 -0.190135 0.646213 -0.751416 -0.189805 0.699832 -0.738698 -0.189805 0.687065 -0.630358 -0.189805 0.687065 -0.61764 -0.189805 0.699832 -0.737686 -0.176497 0.686049 -0.63137 -0.176497 0.686049 -0.63137 -0.188371 0.686049 -0.737686 -0.188371 0.686049 -0.751416 -0.175062 0.699832 -0.61764 -0.175062 0.699832 -0.630358 -0.175062 0.687065 -0.738698 -0.175062 0.687065 -0.752429 -0.188371 0.700848 -0.616627 -0.188371 0.700848 -0.616627 -0.176497 0.700848 -0.752429 -0.176497 0.700848 -0.745074 -0.189805 0.683877 -0.757792 -0.189805 0.696644 -0.744062 -0.176497 0.682861 -0.744062 -0.188371 0.682861 -0.757792 -0.175062 0.696644 -0.745074 -0.175062 0.683877 -0.758805 -0.188371 0.69766 -0.758805 -0.176497 0.69766 -0.624994 -0.188371 0.682861 -0.624994 -0.176497 0.682861 -0.611264 -0.189805 0.696644 -0.623982 -0.189805 0.683877 -0.623982 -0.175062 0.683877 -0.611264 -0.175062 0.696644 -0.610251 -0.176497 0.69766 -0.610251 -0.188371 0.69766 -0.742683 -0.189805 0.686268 -0.755401 -0.189805 0.699035 -0.744062 -0.176497 0.682861 -0.741671 -0.176497 0.685252 -0.741671 -0.188371 0.685252 -0.744062 -0.188371 0.682861 -0.741671 -0.176497 0.685252 -0.741671 -0.188371 0.685252 -0.755401 -0.175062 0.699035 -0.742683 -0.175062 0.686268 -0.758805 -0.188371 0.69766 -0.756414 -0.188371 0.700051 -0.756414 -0.176497 0.700051 -0.758805 -0.176497 0.69766 -0.756414 -0.188371 0.700051 -0.756414 -0.176497 0.700051 -0.624994 -0.188371 0.682861 -0.627385 -0.188371 0.685252 -0.627385 -0.176497 0.685252 -0.624994 -0.176497 0.682861 -0.627385 -0.188371 0.685252 -0.627385 -0.176497 0.685252 -0.613655 -0.189805 0.699035 -0.626373 -0.189805 0.686268 -0.626373 -0.175062 0.686268 -0.613655 -0.175062 0.699035 -0.610251 -0.176497 0.69766 -0.612642 -0.176497 0.700051 -0.612642 -0.188371 0.700051 -0.610251 -0.188371 0.69766 -0.612642 -0.176497 0.700051 -0.612642 -0.188371 0.700051 -0.739319 -0.196779 0.640242 -0.74239 -0.193708 0.643231 -0.737884 -0.169523 0.640242 -0.765141 -0.168088 0.640242 -0.759602 -0.188371 0.650184 -0.758167 -0.189805 0.650184 -0.758589 -0.189805 0.692659 -0.759602 -0.188371 0.693675 -0.746293 -0.189805 0.650184 -0.744859 -0.188371 0.650184 -0.744859 -0.188371 0.678876 -0.745871 -0.189805 0.679892 -0.744859 -0.176497 0.650184 -0.746293 -0.175062 0.650184 -0.745871 -0.175062 0.679892 -0.744859 -0.176497 0.678876 -0.758167 -0.175062 0.650184 -0.759602 -0.176497 0.650184 -0.759602 -0.176497 0.693675 -0.758589 -0.175062 0.692659 -0.744528 -0.19157 0.646213 -0.763504 -0.192273 0.643231 -0.766576 -0.195345 0.640242 -0.765141 -0.196779 0.640242 -0.746293 -0.189805 0.650184 -0.626666 -0.193708 0.643231 -0.629737 -0.196779 0.640242 -0.603915 -0.196779 0.640242 -0.626666 -0.171159 0.643231 -0.629737 -0.168088 0.640242 -0.631172 -0.169523 0.640242 -0.605552 -0.172594 0.643231 -0.60248 -0.169523 0.640242 -0.603915 -0.168088 0.640242 -0.623185 -0.189805 0.679892 -0.624197 -0.188371 0.678876 -0.624197 -0.188371 0.650184 -0.622763 -0.189805 0.650184 -0.609455 -0.188371 0.693675 -0.610467 -0.189805 0.692659 -0.610889 -0.189805 0.650184 -0.609455 -0.188371 0.650184 -0.624197 -0.176497 0.678876 -0.623185 -0.175062 0.679892 -0.622763 -0.175062 0.650184 -0.624197 -0.176497 0.650184 -0.610467 -0.175062 0.692659 -0.609455 -0.176497 0.693675 -0.609455 -0.176497 0.650184 -0.610889 -0.175062 0.650184 -0.624528 -0.19157 0.646213 -0.622763 -0.189805 0.650184 -0.752429 -0.188371 0.700848 -0.751416 -0.189805 0.699832 -0.61764 -0.189805 0.699832 -0.616627 -0.188371 0.700848 -0.738698 -0.189805 0.687065 -0.737686 -0.188371 0.686049 -0.63137 -0.188371 0.686049 -0.630358 -0.189805 0.687065 -0.737686 -0.176497 0.686049 -0.738698 -0.175062 0.687065 -0.630358 -0.175062 0.687065 -0.63137 -0.176497 0.686049 -0.751416 -0.175062 0.699832 -0.752429 -0.176497 0.700848 -0.616627 -0.176497 0.700848 -0.61764 -0.175062 0.699832 -0.742683 -0.189805 0.686268 -0.741671 -0.188371 0.685252 -0.741671 -0.176497 0.685252 -0.742683 -0.175062 0.686268 -0.756414 -0.188371 0.700051 -0.755401 -0.189805 0.699035 -0.755401 -0.175062 0.699035 -0.756414 -0.176497 0.700051 -0.623982 -0.189805 0.683877 -0.624994 -0.188371 0.682861 -0.624994 -0.176497 0.682861 -0.623982 -0.175062 0.683877 -0.610251 -0.188371 0.69766 -0.611264 -0.189805 0.696644 -0.611264 -0.175062 0.696644 -0.610251 -0.176497 0.69766 -0.744062 -0.188371 0.682861 -0.745074 -0.189805 0.683877 -0.745074 -0.175062 0.683877 -0.744062 -0.176497 0.682861 -0.757792 -0.189805 0.696644 -0.758805 -0.188371 0.69766 -0.758805 -0.176497 0.69766 -0.757792 -0.175062 0.696644 -0.627385 -0.188371 0.685252 -0.626373 -0.189805 0.686268 -0.626373 -0.175062 0.686268 -0.627385 -0.176497 0.685252 -0.613655 -0.189805 0.699035 -0.612642 -0.188371 0.700051 -0.612642 -0.176497 0.700051 -0.613655 -0.175062 0.699035 0.632182 0.37804 0.640242 0.62911 0.381112 0.643231 0.609431 0.381112 0.643231 0.606359 0.37804 0.640242 0.633616 0.405297 0.640242 0.630545 0.402226 0.643231 0.630545 0.382546 0.643231 0.633616 0.379475 0.640242 0.606359 0.406732 0.640242 0.609431 0.40366 0.643231 0.62911 0.40366 0.643231 0.632182 0.406732 0.640242 0.604925 0.379475 0.640242 0.607996 0.382546 0.643231 0.607996 0.402226 0.643231 0.604925 0.405297 0.640242 0.626642 0.386449 0.650184 0.626642 0.398323 0.650184 0.626642 0.398323 0.678876 0.626642 0.386449 0.678876 0.613334 0.385014 0.650184 0.625207 0.385014 0.650184 0.62563 0.385014 0.679892 0.612912 0.385014 0.692659 0.625207 0.399757 0.650184 0.613334 0.399757 0.650184 0.612912 0.399757 0.692659 0.62563 0.399757 0.679892 0.611899 0.398323 0.650184 0.611899 0.386449 0.650184 0.611899 0.386449 0.693675 0.611899 0.398323 0.693675 0.626972 0.38325 0.646213 0.611569 0.38325 0.646213 0.628407 0.400088 0.646213 0.628407 0.384684 0.646213 0.611569 0.401522 0.646213 0.626972 0.401522 0.646213 0.610134 0.384684 0.646213 0.610134 0.400088 0.646213 0.764514 0.381112 0.643231 0.744835 0.381112 0.643231 0.741764 0.37804 0.640242 0.767586 0.37804 0.640242 0.7434 0.382546 0.643231 0.7434 0.402226 0.643231 0.740329 0.405297 0.640242 0.740329 0.379475 0.640242 0.744835 0.40366 0.643231 0.764514 0.40366 0.643231 0.767586 0.406732 0.640242 0.741764 0.406732 0.640242 0.765949 0.402226 0.643231 0.765949 0.382546 0.643231 0.76902 0.379475 0.640242 0.76902 0.405297 0.640242 0.747303 0.386449 0.650184 0.747303 0.386449 0.678876 0.747303 0.398323 0.678876 0.747303 0.398323 0.650184 0.748316 0.385014 0.679892 0.748738 0.385014 0.650184 0.760612 0.385014 0.650184 0.761034 0.385014 0.692659 0.761034 0.399757 0.692659 0.760612 0.399757 0.650184 0.748738 0.399757 0.650184 0.748316 0.399757 0.679892 0.762046 0.386449 0.693675 0.762046 0.386449 0.650184 0.762046 0.398323 0.650184 0.762046 0.398323 0.693675 0.762376 0.38325 0.646213 0.746973 0.38325 0.646213 0.745538 0.384684 0.646213 0.745538 0.400088 0.646213 0.746973 0.401522 0.646213 0.762376 0.401522 0.646213 0.763811 0.400088 0.646213 0.763811 0.384684 0.646213 0.620084 0.385014 0.699832 0.632802 0.385014 0.687065 0.741143 0.385014 0.687065 0.753861 0.385014 0.699832 0.633815 0.398323 0.686049 0.74013 0.398323 0.686049 0.74013 0.386449 0.686049 0.633815 0.386449 0.686049 0.620084 0.399757 0.699832 0.753861 0.399757 0.699832 0.741143 0.399757 0.687065 0.632802 0.399757 0.687065 0.619072 0.386449 0.700848 0.754873 0.386449 0.700848 0.754873 0.398323 0.700848 0.619072 0.398323 0.700848 0.626427 0.385014 0.683877 0.613708 0.385014 0.696644 0.627439 0.398323 0.682861 0.627439 0.386449 0.682861 0.613708 0.399757 0.696644 0.626427 0.399757 0.683877 0.612696 0.386449 0.69766 0.612696 0.398323 0.69766 0.746506 0.386449 0.682861 0.746506 0.398323 0.682861 0.760237 0.385014 0.696644 0.747519 0.385014 0.683877 0.747519 0.399757 0.683877 0.760237 0.399757 0.696644 0.761249 0.398323 0.69766 0.761249 0.386449 0.69766 0.628817 0.385014 0.686268 0.616099 0.385014 0.699035 0.627439 0.398323 0.682861 0.62983 0.398323 0.685252 0.62983 0.386449 0.685252 0.627439 0.386449 0.682861 0.62983 0.398323 0.685252 0.62983 0.386449 0.685252 0.616099 0.399757 0.699035 0.628817 0.399757 0.686268 0.612696 0.386449 0.69766 0.615087 0.386449 0.700051 0.615087 0.398323 0.700051 0.612696 0.398323 0.69766 0.615087 0.386449 0.700051 0.615087 0.398323 0.700051 0.746506 0.386449 0.682861 0.744115 0.386449 0.685252 0.744115 0.398323 0.685252 0.746506 0.398323 0.682861 0.744115 0.386449 0.685252 0.744115 0.398323 0.685252 0.757846 0.385014 0.699035 0.745128 0.385014 0.686268 0.745128 0.399757 0.686268 0.757846 0.399757 0.699035 0.761249 0.398323 0.69766 0.758858 0.398323 0.700051 0.758858 0.386449 0.700051 0.761249 0.386449 0.69766 0.758858 0.398323 0.700051 0.758858 0.386449 0.700051 0.632182 0.37804 0.640242 0.62911 0.381112 0.643231 0.633616 0.405297 0.640242 0.606359 0.406732 0.640242 0.611899 0.386449 0.650184 0.613334 0.385014 0.650184 0.612912 0.385014 0.692659 0.611899 0.386449 0.693675 0.625207 0.385014 0.650184 0.626642 0.386449 0.650184 0.626642 0.386449 0.678876 0.62563 0.385014 0.679892 0.626642 0.398323 0.650184 0.625207 0.399757 0.650184 0.62563 0.399757 0.679892 0.626642 0.398323 0.678876 0.613334 0.399757 0.650184 0.611899 0.398323 0.650184 0.611899 0.398323 0.693675 0.612912 0.399757 0.692659 0.626972 0.38325 0.646213 0.607996 0.382546 0.643231 0.604925 0.379475 0.640242 0.606359 0.37804 0.640242 0.625207 0.385014 0.650184 0.744835 0.381112 0.643231 0.741764 0.37804 0.640242 0.767586 0.37804 0.640242 0.744835 0.40366 0.643231 0.741764 0.406732 0.640242 0.740329 0.405297 0.640242 0.765949 0.402226 0.643231 0.76902 0.405297 0.640242 0.767586 0.406732 0.640242 0.748316 0.385014 0.679892 0.747303 0.386449 0.678876 0.747303 0.386449 0.650184 0.748738 0.385014 0.650184 0.762046 0.386449 0.693675 0.761034 0.385014 0.692659 0.760612 0.385014 0.650184 0.762046 0.386449 0.650184 0.747303 0.398323 0.678876 0.748316 0.399757 0.679892 0.748738 0.399757 0.650184 0.747303 0.398323 0.650184 0.761034 0.399757 0.692659 0.762046 0.398323 0.693675 0.762046 0.398323 0.650184 0.760612 0.399757 0.650184 0.746973 0.38325 0.646213 0.748738 0.385014 0.650184 0.619072 0.386449 0.700848 0.620084 0.385014 0.699832 0.753861 0.385014 0.699832 0.754873 0.386449 0.700848 0.632802 0.385014 0.687065 0.633815 0.386449 0.686049 0.74013 0.386449 0.686049 0.741143 0.385014 0.687065 0.633815 0.398323 0.686049 0.632802 0.399757 0.687065 0.741143 0.399757 0.687065 0.74013 0.398323 0.686049 0.620084 0.399757 0.699832 0.619072 0.398323 0.700848 0.754873 0.398323 0.700848 0.753861 0.399757 0.699832 0.628817 0.385014 0.686268 0.62983 0.386449 0.685252 0.62983 0.398323 0.685252 0.628817 0.399757 0.686268 0.615087 0.386449 0.700051 0.616099 0.385014 0.699035 0.616099 0.399757 0.699035 0.615087 0.398323 0.700051 0.747519 0.385014 0.683877 0.746506 0.386449 0.682861 0.746506 0.398323 0.682861 0.747519 0.399757 0.683877 0.761249 0.386449 0.69766 0.760237 0.385014 0.696644 0.760237 0.399757 0.696644 0.761249 0.398323 0.69766 0.627439 0.386449 0.682861 0.626427 0.385014 0.683877 0.626427 0.399757 0.683877 0.627439 0.398323 0.682861 0.613708 0.385014 0.696644 0.612696 0.386449 0.69766 0.612696 0.398323 0.69766 0.613708 0.399757 0.696644 0.744115 0.386449 0.685252 0.745128 0.385014 0.686268 0.745128 0.399757 0.686268 0.744115 0.398323 0.685252 0.757846 0.385014 0.699035 0.758858 0.386449 0.700051 0.758858 0.398323 0.700051 0.757846 0.399757 0.699035 0.632182 0.17332 0.640242 0.62911 0.176392 0.643231 0.609431 0.176392 0.643231 0.606359 0.17332 0.640242 0.633616 0.200577 0.640242 0.630545 0.197506 0.643231 0.630545 0.177826 0.643231 0.633616 0.174755 0.640242 0.606359 0.202012 0.640242 0.609431 0.19894 0.643231 0.62911 0.19894 0.643231 0.632182 0.202012 0.640242 0.604925 0.174755 0.640242 0.607996 0.177826 0.643231 0.607996 0.197506 0.643231 0.604925 0.200577 0.640242 0.626642 0.181729 0.650184 0.626642 0.193603 0.650184 0.626642 0.193603 0.678876 0.626642 0.181729 0.678876 0.613334 0.180294 0.650184 0.625207 0.180294 0.650184 0.62563 0.180294 0.679892 0.612912 0.180294 0.692659 0.625207 0.195037 0.650184 0.613334 0.195037 0.650184 0.612912 0.195037 0.692659 0.62563 0.195037 0.679892 0.611899 0.193603 0.650184 0.611899 0.181729 0.650184 0.611899 0.181729 0.693675 0.611899 0.193603 0.693675 0.626972 0.17853 0.646213 0.611569 0.17853 0.646213 0.628407 0.195368 0.646213 0.628407 0.179964 0.646213 0.611569 0.196802 0.646213 0.626972 0.196802 0.646213 0.610134 0.179964 0.646213 0.610134 0.195368 0.646213 0.764514 0.176392 0.643231 0.744835 0.176392 0.643231 0.741764 0.17332 0.640242 0.767586 0.17332 0.640242 0.7434 0.177826 0.643231 0.7434 0.197506 0.643231 0.740329 0.200577 0.640242 0.740329 0.174755 0.640242 0.744835 0.19894 0.643231 0.764514 0.19894 0.643231 0.767586 0.202012 0.640242 0.741764 0.202012 0.640242 0.765949 0.197506 0.643231 0.765949 0.177826 0.643231 0.76902 0.174755 0.640242 0.76902 0.200577 0.640242 0.747303 0.181729 0.650184 0.747303 0.181729 0.678876 0.747303 0.193603 0.678876 0.747303 0.193603 0.650184 0.748316 0.180294 0.679892 0.748738 0.180294 0.650184 0.760612 0.180294 0.650184 0.761034 0.180294 0.692659 0.761034 0.195037 0.692659 0.760612 0.195037 0.650184 0.748738 0.195037 0.650184 0.748316 0.195037 0.679892 0.762046 0.181729 0.693675 0.762046 0.181729 0.650184 0.762046 0.193603 0.650184 0.762046 0.193603 0.693675 0.762376 0.17853 0.646213 0.746973 0.17853 0.646213 0.745538 0.179964 0.646213 0.745538 0.195368 0.646213 0.746973 0.196802 0.646213 0.762376 0.196802 0.646213 0.763811 0.195368 0.646213 0.763811 0.179964 0.646213 0.620084 0.180294 0.699832 0.632802 0.180294 0.687065 0.741143 0.180294 0.687065 0.753861 0.180294 0.699832 0.633815 0.193603 0.686049 0.74013 0.193603 0.686049 0.74013 0.181729 0.686049 0.633815 0.181729 0.686049 0.620084 0.195037 0.699832 0.753861 0.195037 0.699832 0.741143 0.195037 0.687065 0.632802 0.195037 0.687065 0.619072 0.181729 0.700848 0.754873 0.181729 0.700848 0.754873 0.193603 0.700848 0.619072 0.193603 0.700848 0.626427 0.180294 0.683877 0.613708 0.180294 0.696644 0.627439 0.193603 0.682861 0.627439 0.181729 0.682861 0.613708 0.195037 0.696644 0.626427 0.195037 0.683877 0.612696 0.181729 0.69766 0.612696 0.193603 0.69766 0.746506 0.181729 0.682861 0.746506 0.193603 0.682861 0.760237 0.180294 0.696644 0.747519 0.180294 0.683877 0.747519 0.195037 0.683877 0.760237 0.195037 0.696644 0.761249 0.193603 0.69766 0.761249 0.181729 0.69766 0.628817 0.180294 0.686268 0.616099 0.180294 0.699035 0.627439 0.193603 0.682861 0.62983 0.193603 0.685252 0.62983 0.181729 0.685252 0.627439 0.181729 0.682861 0.62983 0.193603 0.685252 0.62983 0.181729 0.685252 0.616099 0.195037 0.699035 0.628817 0.195037 0.686268 0.612696 0.181729 0.69766 0.615087 0.181729 0.700051 0.615087 0.193603 0.700051 0.612696 0.193603 0.69766 0.615087 0.181729 0.700051 0.615087 0.193603 0.700051 0.746506 0.181729 0.682861 0.744115 0.181729 0.685252 0.744115 0.193603 0.685252 0.746506 0.193603 0.682861 0.744115 0.181729 0.685252 0.744115 0.193603 0.685252 0.757846 0.180294 0.699035 0.745128 0.180294 0.686268 0.745128 0.195037 0.686268 0.757846 0.195037 0.699035 0.761249 0.193603 0.69766 0.758858 0.193603 0.700051 0.758858 0.181729 0.700051 0.761249 0.181729 0.69766 0.758858 0.193603 0.700051 0.758858 0.181729 0.700051 0.632182 0.17332 0.640242 0.62911 0.176392 0.643231 0.633616 0.200577 0.640242 0.606359 0.202012 0.640242 0.611899 0.181729 0.650184 0.613334 0.180294 0.650184 0.612912 0.180294 0.692659 0.611899 0.181729 0.693675 0.625207 0.180294 0.650184 0.626642 0.181729 0.650184 0.626642 0.181729 0.678876 0.62563 0.180294 0.679892 0.626642 0.193603 0.650184 0.625207 0.195037 0.650184 0.62563 0.195037 0.679892 0.626642 0.193603 0.678876 0.613334 0.195037 0.650184 0.611899 0.193603 0.650184 0.611899 0.193603 0.693675 0.612912 0.195037 0.692659 0.626972 0.17853 0.646213 0.607996 0.177826 0.643231 0.604925 0.174755 0.640242 0.606359 0.17332 0.640242 0.625207 0.180294 0.650184 0.744835 0.176392 0.643231 0.741764 0.17332 0.640242 0.767586 0.17332 0.640242 0.744835 0.19894 0.643231 0.741764 0.202012 0.640242 0.740329 0.200577 0.640242 0.765949 0.197506 0.643231 0.76902 0.200577 0.640242 0.767586 0.202012 0.640242 0.748316 0.180294 0.679892 0.747303 0.181729 0.678876 0.747303 0.181729 0.650184 0.748738 0.180294 0.650184 0.762046 0.181729 0.693675 0.761034 0.180294 0.692659 0.760612 0.180294 0.650184 0.762046 0.181729 0.650184 0.747303 0.193603 0.678876 0.748316 0.195037 0.679892 0.748738 0.195037 0.650184 0.747303 0.193603 0.650184 0.761034 0.195037 0.692659 0.762046 0.193603 0.693675 0.762046 0.193603 0.650184 0.760612 0.195037 0.650184 0.746973 0.17853 0.646213 0.748738 0.180294 0.650184 0.619072 0.181729 0.700848 0.620084 0.180294 0.699832 0.753861 0.180294 0.699832 0.754873 0.181729 0.700848 0.632802 0.180294 0.687065 0.633815 0.181729 0.686049 0.74013 0.181729 0.686049 0.741143 0.180294 0.687065 0.633815 0.193603 0.686049 0.632802 0.195037 0.687065 0.741143 0.195037 0.687065 0.74013 0.193603 0.686049 0.620084 0.195037 0.699832 0.619072 0.193603 0.700848 0.754873 0.193603 0.700848 0.753861 0.195037 0.699832 0.628817 0.180294 0.686268 0.62983 0.181729 0.685252 0.62983 0.193603 0.685252 0.628817 0.195037 0.686268 0.615087 0.181729 0.700051 0.616099 0.180294 0.699035 0.616099 0.195037 0.699035 0.615087 0.193603 0.700051 0.747519 0.180294 0.683877 0.746506 0.181729 0.682861 0.746506 0.193603 0.682861 0.747519 0.195037 0.683877 0.761249 0.181729 0.69766 0.760237 0.180294 0.696644 0.760237 0.195037 0.696644 0.761249 0.193603 0.69766 0.627439 0.181729 0.682861 0.626427 0.180294 0.683877 0.626427 0.195037 0.683877 0.627439 0.193603 0.682861 0.613708 0.180294 0.696644 0.612696 0.181729 0.69766 0.612696 0.193603 0.69766 0.613708 0.195037 0.696644 0.744115 0.181729 0.685252 0.745128 0.180294 0.686268 0.745128 0.195037 0.686268 0.744115 0.193603 0.685252 0.757846 0.180294 0.699035 0.758858 0.181729 0.700051 0.758858 0.193603 0.700051 0.757846 0.195037 0.699035 0.632182 -0.0685671 0.640242 0.62911 -0.0654957 0.643231 0.609431 -0.0654957 0.643231 0.606359 -0.0685671 0.640242 0.633616 -0.0413102 0.640242 0.630545 -0.0443816 0.643231 0.630545 -0.0640611 0.643231 0.633616 -0.0671325 0.640242 0.606359 -0.0398756 0.640242 0.609431 -0.042947 0.643231 0.62911 -0.042947 0.643231 0.632182 -0.0398756 0.640242 0.604925 -0.0671325 0.640242 0.607996 -0.0640611 0.643231 0.607996 -0.0443816 0.643231 0.604925 -0.0413102 0.640242 0.626642 -0.0601583 0.650184 0.626642 -0.0482844 0.650184 0.626642 -0.0482845 0.678876 0.626642 -0.0601583 0.678876 0.613334 -0.0615928 0.650184 0.625207 -0.0615928 0.650184 0.62563 -0.0615928 0.679892 0.612912 -0.0615928 0.692659 0.625207 -0.0468499 0.650184 0.613334 -0.0468499 0.650184 0.612912 -0.0468499 0.692659 0.62563 -0.0468499 0.679892 0.611899 -0.0482844 0.650184 0.611899 -0.0601583 0.650184 0.611899 -0.0601583 0.693675 0.611899 -0.0482845 0.693675 0.626972 -0.0633577 0.646213 0.611569 -0.0633577 0.646213 0.628407 -0.0465196 0.646213 0.628407 -0.0619231 0.646213 0.611569 -0.045085 0.646213 0.626972 -0.045085 0.646213 0.610134 -0.0619231 0.646213 0.610134 -0.0465196 0.646213 0.764514 -0.0654957 0.643231 0.744835 -0.0654957 0.643231 0.741764 -0.0685671 0.640242 0.767586 -0.0685671 0.640242 0.7434 -0.0640611 0.643231 0.7434 -0.0443816 0.643231 0.740329 -0.0413102 0.640242 0.740329 -0.0671325 0.640242 0.744835 -0.042947 0.643231 0.764514 -0.042947 0.643231 0.767586 -0.0398756 0.640242 0.741764 -0.0398756 0.640242 0.765949 -0.0443816 0.643231 0.765949 -0.0640611 0.643231 0.76902 -0.0671325 0.640242 0.76902 -0.0413102 0.640242 0.747303 -0.0601583 0.650184 0.747303 -0.0601583 0.678876 0.747303 -0.0482845 0.678876 0.747303 -0.0482844 0.650184 0.748316 -0.0615928 0.679892 0.748738 -0.0615928 0.650184 0.760612 -0.0615928 0.650184 0.761034 -0.0615928 0.692659 0.761034 -0.0468499 0.692659 0.760612 -0.0468499 0.650184 0.748738 -0.0468499 0.650184 0.748316 -0.0468499 0.679892 0.762046 -0.0601583 0.693675 0.762046 -0.0601583 0.650184 0.762046 -0.0482844 0.650184 0.762046 -0.0482845 0.693675 0.762376 -0.0633577 0.646213 0.746973 -0.0633577 0.646213 0.745538 -0.0619231 0.646213 0.745538 -0.0465196 0.646213 0.746973 -0.045085 0.646213 0.762376 -0.045085 0.646213 0.763811 -0.0465196 0.646213 0.763811 -0.0619231 0.646213 0.620084 -0.0615928 0.699832 0.632802 -0.0615928 0.687065 0.741143 -0.0615928 0.687065 0.753861 -0.0615928 0.699832 0.633815 -0.0482845 0.686049 0.74013 -0.0482845 0.686049 0.74013 -0.0601583 0.686049 0.633815 -0.0601583 0.686049 0.620084 -0.0468499 0.699832 0.753861 -0.0468499 0.699832 0.741143 -0.0468499 0.687065 0.632802 -0.0468499 0.687065 0.619072 -0.0601583 0.700848 0.754873 -0.0601583 0.700848 0.754873 -0.0482845 0.700848 0.619072 -0.0482845 0.700848 0.626427 -0.0615928 0.683877 0.613708 -0.0615928 0.696644 0.627439 -0.0482845 0.682861 0.627439 -0.0601583 0.682861 0.613708 -0.0468499 0.696644 0.626427 -0.0468499 0.683877 0.612696 -0.0601583 0.69766 0.612696 -0.0482845 0.69766 0.746506 -0.0601583 0.682861 0.746506 -0.0482845 0.682861 0.760237 -0.0615928 0.696644 0.747519 -0.0615928 0.683877 0.747519 -0.0468499 0.683877 0.760237 -0.0468499 0.696644 0.761249 -0.0482845 0.69766 0.761249 -0.0601583 0.69766 0.628817 -0.0615928 0.686268 0.616099 -0.0615928 0.699035 0.627439 -0.0482845 0.682861 0.62983 -0.0482845 0.685252 0.62983 -0.0601583 0.685252 0.627439 -0.0601583 0.682861 0.62983 -0.0482845 0.685252 0.62983 -0.0601583 0.685252 0.616099 -0.0468499 0.699035 0.628817 -0.0468499 0.686268 0.612696 -0.0601583 0.69766 0.615087 -0.0601583 0.700051 0.615087 -0.0482845 0.700051 0.612696 -0.0482845 0.69766 0.615087 -0.0601583 0.700051 0.615087 -0.0482845 0.700051 0.746506 -0.0601583 0.682861 0.744115 -0.0601583 0.685252 0.744115 -0.0482845 0.685252 0.746506 -0.0482845 0.682861 0.744115 -0.0601583 0.685252 0.744115 -0.0482845 0.685252 0.757846 -0.0615928 0.699035 0.745128 -0.0615928 0.686268 0.745128 -0.0468499 0.686268 0.757846 -0.0468499 0.699035 0.761249 -0.0482845 0.69766 0.758858 -0.0482845 0.700051 0.758858 -0.0601583 0.700051 0.761249 -0.0601583 0.69766 0.758858 -0.0482845 0.700051 0.758858 -0.0601583 0.700051 0.632182 -0.0685671 0.640242 0.62911 -0.0654957 0.643231 0.633616 -0.0413102 0.640242 0.606359 -0.0398756 0.640242 0.611899 -0.0601583 0.650184 0.613334 -0.0615928 0.650184 0.612912 -0.0615928 0.692659 0.611899 -0.0601583 0.693675 0.625207 -0.0615928 0.650184 0.626642 -0.0601583 0.650184 0.626642 -0.0601583 0.678876 0.62563 -0.0615928 0.679892 0.626642 -0.0482844 0.650184 0.625207 -0.0468499 0.650184 0.62563 -0.0468499 0.679892 0.626642 -0.0482845 0.678876 0.613334 -0.0468499 0.650184 0.611899 -0.0482844 0.650184 0.611899 -0.0482845 0.693675 0.612912 -0.0468499 0.692659 0.626972 -0.0633577 0.646213 0.607996 -0.0640611 0.643231 0.604925 -0.0671325 0.640242 0.606359 -0.0685671 0.640242 0.625207 -0.0615928 0.650184 0.744835 -0.0654957 0.643231 0.741764 -0.0685671 0.640242 0.767586 -0.0685671 0.640242 0.744835 -0.042947 0.643231 0.741764 -0.0398756 0.640242 0.740329 -0.0413102 0.640242 0.765949 -0.0443816 0.643231 0.76902 -0.0413102 0.640242 0.767586 -0.0398756 0.640242 0.748316 -0.0615928 0.679892 0.747303 -0.0601583 0.678876 0.747303 -0.0601583 0.650184 0.748738 -0.0615928 0.650184 0.762046 -0.0601583 0.693675 0.761034 -0.0615928 0.692659 0.760612 -0.0615928 0.650184 0.762046 -0.0601583 0.650184 0.747303 -0.0482845 0.678876 0.748316 -0.0468499 0.679892 0.748738 -0.0468499 0.650184 0.747303 -0.0482844 0.650184 0.761034 -0.0468499 0.692659 0.762046 -0.0482845 0.693675 0.762046 -0.0482844 0.650184 0.760612 -0.0468499 0.650184 0.746973 -0.0633577 0.646213 0.748738 -0.0615928 0.650184 0.619072 -0.0601583 0.700848 0.620084 -0.0615928 0.699832 0.753861 -0.0615928 0.699832 0.754873 -0.0601583 0.700848 0.632802 -0.0615928 0.687065 0.633815 -0.0601583 0.686049 0.74013 -0.0601583 0.686049 0.741143 -0.0615928 0.687065 0.633815 -0.0482845 0.686049 0.632802 -0.0468499 0.687065 0.741143 -0.0468499 0.687065 0.74013 -0.0482845 0.686049 0.620084 -0.0468499 0.699832 0.619072 -0.0482845 0.700848 0.754873 -0.0482845 0.700848 0.753861 -0.0468499 0.699832 0.628817 -0.0615928 0.686268 0.62983 -0.0601583 0.685252 0.62983 -0.0482845 0.685252 0.628817 -0.0468499 0.686268 0.615087 -0.0601583 0.700051 0.616099 -0.0615928 0.699035 0.616099 -0.0468499 0.699035 0.615087 -0.0482845 0.700051 0.747519 -0.0615928 0.683877 0.746506 -0.0601583 0.682861 0.746506 -0.0482845 0.682861 0.747519 -0.0468499 0.683877 0.761249 -0.0601583 0.69766 0.760237 -0.0615928 0.696644 0.760237 -0.0468499 0.696644 0.761249 -0.0482845 0.69766 0.627439 -0.0601583 0.682861 0.626427 -0.0615928 0.683877 0.626427 -0.0468499 0.683877 0.627439 -0.0482845 0.682861 0.613708 -0.0615928 0.696644 0.612696 -0.0601583 0.69766 0.612696 -0.0482845 0.69766 0.613708 -0.0468499 0.696644 0.744115 -0.0601583 0.685252 0.745128 -0.0615928 0.686268 0.745128 -0.0468499 0.686268 0.744115 -0.0482845 0.685252 0.757846 -0.0615928 0.699035 0.758858 -0.0601583 0.700051 0.758858 -0.0482845 0.700051 0.757846 -0.0468499 0.699035 0.632182 -0.315887 0.640242 0.62911 -0.312816 0.643231 0.609431 -0.312816 0.643231 0.606359 -0.315887 0.640242 0.633616 -0.28863 0.640242 0.630545 -0.291701 0.643231 0.630545 -0.311381 0.643231 0.633616 -0.314452 0.640242 0.606359 -0.287195 0.640242 0.609431 -0.290267 0.643231 0.62911 -0.290267 0.643231 0.632182 -0.287195 0.640242 0.604925 -0.314452 0.640242 0.607996 -0.311381 0.643231 0.607996 -0.291701 0.643231 0.604925 -0.28863 0.640242 0.626642 -0.307478 0.650184 0.626642 -0.295604 0.650184 0.626642 -0.295604 0.678876 0.626642 -0.307478 0.678876 0.613334 -0.308913 0.650184 0.625207 -0.308913 0.650184 0.62563 -0.308913 0.679892 0.612912 -0.308913 0.692659 0.625207 -0.29417 0.650184 0.613334 -0.29417 0.650184 0.612912 -0.29417 0.692659 0.62563 -0.29417 0.679892 0.611899 -0.295604 0.650184 0.611899 -0.307478 0.650184 0.611899 -0.307478 0.693675 0.611899 -0.295604 0.693675 0.626972 -0.310678 0.646213 0.611569 -0.310678 0.646213 0.628407 -0.293839 0.646213 0.628407 -0.309243 0.646213 0.611569 -0.292405 0.646213 0.626972 -0.292405 0.646213 0.610134 -0.309243 0.646213 0.610134 -0.293839 0.646213 0.764514 -0.312816 0.643231 0.744835 -0.312816 0.643231 0.741764 -0.315887 0.640242 0.767586 -0.315887 0.640242 0.7434 -0.311381 0.643231 0.7434 -0.291701 0.643231 0.740329 -0.28863 0.640242 0.740329 -0.314452 0.640242 0.744835 -0.290267 0.643231 0.764514 -0.290267 0.643231 0.767586 -0.287195 0.640242 0.741764 -0.287195 0.640242 0.765949 -0.291701 0.643231 0.765949 -0.311381 0.643231 0.76902 -0.314452 0.640242 0.76902 -0.28863 0.640242 0.747303 -0.307478 0.650184 0.747303 -0.307478 0.678876 0.747303 -0.295604 0.678876 0.747303 -0.295604 0.650184 0.748316 -0.308913 0.679892 0.748738 -0.308913 0.650184 0.760612 -0.308913 0.650184 0.761034 -0.308913 0.692659 0.761034 -0.29417 0.692659 0.760612 -0.29417 0.650184 0.748738 -0.29417 0.650184 0.748316 -0.29417 0.679892 0.762046 -0.307478 0.693675 0.762046 -0.307478 0.650184 0.762046 -0.295604 0.650184 0.762046 -0.295604 0.693675 0.762376 -0.310678 0.646213 0.746973 -0.310678 0.646213 0.745538 -0.309243 0.646213 0.745538 -0.293839 0.646213 0.746973 -0.292405 0.646213 0.762376 -0.292405 0.646213 0.763811 -0.293839 0.646213 0.763811 -0.309243 0.646213 0.620084 -0.308913 0.699832 0.632802 -0.308913 0.687065 0.741143 -0.308913 0.687065 0.753861 -0.308913 0.699832 0.633815 -0.295604 0.686049 0.74013 -0.295604 0.686049 0.74013 -0.307478 0.686049 0.633815 -0.307478 0.686049 0.620084 -0.29417 0.699832 0.753861 -0.29417 0.699832 0.741143 -0.29417 0.687065 0.632802 -0.29417 0.687065 0.619072 -0.307478 0.700848 0.754873 -0.307478 0.700848 0.754873 -0.295604 0.700848 0.619072 -0.295604 0.700848 0.626427 -0.308913 0.683877 0.613708 -0.308913 0.696644 0.627439 -0.295604 0.682861 0.627439 -0.307478 0.682861 0.613708 -0.29417 0.696644 0.626427 -0.29417 0.683877 0.612696 -0.307478 0.69766 0.612696 -0.295604 0.69766 0.746506 -0.307478 0.682861 0.746506 -0.295604 0.682861 0.760237 -0.308913 0.696644 0.747519 -0.308913 0.683877 0.747519 -0.29417 0.683877 0.760237 -0.29417 0.696644 0.761249 -0.295604 0.69766 0.761249 -0.307478 0.69766 0.628817 -0.308913 0.686268 0.616099 -0.308913 0.699035 0.627439 -0.295604 0.682861 0.62983 -0.295604 0.685252 0.62983 -0.307478 0.685252 0.627439 -0.307478 0.682861 0.62983 -0.295604 0.685252 0.62983 -0.307478 0.685252 0.616099 -0.29417 0.699035 0.628817 -0.29417 0.686268 0.612696 -0.307478 0.69766 0.615087 -0.307478 0.700051 0.615087 -0.295604 0.700051 0.612696 -0.295604 0.69766 0.615087 -0.307478 0.700051 0.615087 -0.295604 0.700051 0.746506 -0.307478 0.682861 0.744115 -0.307478 0.685252 0.744115 -0.295604 0.685252 0.746506 -0.295604 0.682861 0.744115 -0.307478 0.685252 0.744115 -0.295604 0.685252 0.757846 -0.308913 0.699035 0.745128 -0.308913 0.686268 0.745128 -0.29417 0.686268 0.757846 -0.29417 0.699035 0.761249 -0.295604 0.69766 0.758858 -0.295604 0.700051 0.758858 -0.307478 0.700051 0.761249 -0.307478 0.69766 0.758858 -0.295604 0.700051 0.758858 -0.307478 0.700051 0.632182 -0.315887 0.640242 0.62911 -0.312816 0.643231 0.633616 -0.28863 0.640242 0.606359 -0.287195 0.640242 0.611899 -0.307478 0.650184 0.613334 -0.308913 0.650184 0.612912 -0.308913 0.692659 0.611899 -0.307478 0.693675 0.625207 -0.308913 0.650184 0.626642 -0.307478 0.650184 0.626642 -0.307478 0.678876 0.62563 -0.308913 0.679892 0.626642 -0.295604 0.650184 0.625207 -0.29417 0.650184 0.62563 -0.29417 0.679892 0.626642 -0.295604 0.678876 0.613334 -0.29417 0.650184 0.611899 -0.295604 0.650184 0.611899 -0.295604 0.693675 0.612912 -0.29417 0.692659 0.626972 -0.310678 0.646213 0.607996 -0.311381 0.643231 0.604925 -0.314452 0.640242 0.606359 -0.315887 0.640242 0.625207 -0.308913 0.650184 0.744835 -0.312816 0.643231 0.741764 -0.315887 0.640242 0.767586 -0.315887 0.640242 0.744835 -0.290267 0.643231 0.741764 -0.287195 0.640242 0.740329 -0.28863 0.640242 0.765949 -0.291701 0.643231 0.76902 -0.28863 0.640242 0.767586 -0.287195 0.640242 0.748316 -0.308913 0.679892 0.747303 -0.307478 0.678876 0.747303 -0.307478 0.650184 0.748738 -0.308913 0.650184 0.762046 -0.307478 0.693675 0.761034 -0.308913 0.692659 0.760612 -0.308913 0.650184 0.762046 -0.307478 0.650184 0.747303 -0.295604 0.678876 0.748316 -0.29417 0.679892 0.748738 -0.29417 0.650184 0.747303 -0.295604 0.650184 0.761034 -0.29417 0.692659 0.762046 -0.295604 0.693675 0.762046 -0.295604 0.650184 0.760612 -0.29417 0.650184 0.746973 -0.310678 0.646213 0.748738 -0.308913 0.650184 0.619072 -0.307478 0.700848 0.620084 -0.308913 0.699832 0.753861 -0.308913 0.699832 0.754873 -0.307478 0.700848 0.632802 -0.308913 0.687065 0.633815 -0.307478 0.686049 0.74013 -0.307478 0.686049 0.741143 -0.308913 0.687065 0.633815 -0.295604 0.686049 0.632802 -0.29417 0.687065 0.741143 -0.29417 0.687065 0.74013 -0.295604 0.686049 0.620084 -0.29417 0.699832 0.619072 -0.295604 0.700848 0.754873 -0.295604 0.700848 0.753861 -0.29417 0.699832 0.628817 -0.308913 0.686268 0.62983 -0.307478 0.685252 0.62983 -0.295604 0.685252 0.628817 -0.29417 0.686268 0.615087 -0.307478 0.700051 0.616099 -0.308913 0.699035 0.616099 -0.29417 0.699035 0.615087 -0.295604 0.700051 0.747519 -0.308913 0.683877 0.746506 -0.307478 0.682861 0.746506 -0.295604 0.682861 0.747519 -0.29417 0.683877 0.761249 -0.307478 0.69766 0.760237 -0.308913 0.696644 0.760237 -0.29417 0.696644 0.761249 -0.295604 0.69766 0.627439 -0.307478 0.682861 0.626427 -0.308913 0.683877 0.626427 -0.29417 0.683877 0.627439 -0.295604 0.682861 0.613708 -0.308913 0.696644 0.612696 -0.307478 0.69766 0.612696 -0.295604 0.69766 0.613708 -0.29417 0.696644 0.744115 -0.307478 0.685252 0.745128 -0.308913 0.686268 0.745128 -0.29417 0.686268 0.744115 -0.295604 0.685252 0.757846 -0.308913 0.699035 0.758858 -0.307478 0.700051 0.758858 -0.295604 0.700051 0.757846 -0.29417 0.699035 -0.968337 0.372989 -0.66068 -0.964034 0.372989 -0.664984 -0.965294 0.369946 -0.664984 -0.968337 -0.430413 -0.66068 -0.965294 -0.42737 -0.664984 -0.964034 -0.430413 -0.664984 -0.968337 0.372989 0.621829 -0.968337 0.370094 0.622948 -0.964034 0.372989 0.626133 -0.964034 -0.430413 0.626133 -0.965294 -0.42737 0.626133 -0.968337 -0.427518 0.622948 -0.968337 -0.430413 0.621829 0.968337 0.372989 -0.66068 0.965294 0.369946 -0.664984 0.964034 0.372989 -0.664984 0.968337 -0.430413 -0.66068 0.964034 -0.430413 -0.664984 0.965294 -0.42737 -0.664984 0.968337 0.372989 0.621829 0.964034 0.372989 0.626133 0.968337 0.370094 0.622948 0.964034 -0.430413 0.626133 0.968337 -0.430413 0.621829 0.968337 -0.427518 0.622948 0.965294 -0.42737 0.626133 -0.965294 0.469166 0.626133 -0.964034 0.472209 0.626133 -0.968337 0.472209 0.621829 0.968337 0.472209 0.621829 0.964034 0.472209 0.626133 0.965294 0.469166 0.626133 -0.968337 0.308578 0.622722 -0.965294 0.308159 0.626133 -0.964034 0.311202 0.626133 -0.965294 0.314246 0.626133 0.965294 0.314246 0.626133 0.964034 0.311202 0.626133 0.965294 0.308159 0.626133 0.968337 0.308578 0.622722 -0.964034 0.0639972 0.626133 -0.965294 0.0670404 0.626133 -0.968337 0.0631135 0.621921 -0.965294 0.060954 0.626133 0.968337 0.0631135 0.621921 0.965294 0.0670405 0.626133 0.964034 0.0639973 0.626133 0.965294 0.0609541 0.626133 0.968337 -0.181788 0.62207 0.965294 -0.180165 0.626133 0.964034 -0.183208 0.626133 0.965294 -0.186251 0.626133 -0.968337 0.185708 0.622268 -0.965294 0.184557 0.626133 -0.964034 0.1876 0.626133 -0.965294 0.190643 0.626133 -0.989394 0.5164 -0.690419 -0.993697 0.5164 -0.68604 -0.993697 0.57096 -0.68604 -0.989394 0.57096 -0.690419 -0.995697 -0.57383 -0.690419 -1 -0.57383 -0.68604 -1 -0.480029 -0.68604 -0.995697 -0.480029 -0.690419 -0.989394 0.57096 0.651569 -0.993697 0.57096 0.647189 -0.993697 0.5164 0.647189 -0.989394 0.5164 0.651569 -0.968337 -0.183208 -0.66068 -0.96432 -0.181663 -0.664984 -0.968337 0.472209 -0.66068 -0.964034 0.472209 -0.664984 -0.964034 -0.183208 0.626133 -0.968337 -0.181788 0.62207 -0.964034 0.513531 0.626133 -0.968337 0.513531 0.621829 -0.964034 0.513531 -0.664984 -0.987365 0.513531 -0.688385 -0.968337 0.513531 0.621829 -0.991665 0.513531 0.64516 -0.995696 -0.480029 0.651493 -1 -0.480029 0.647189 -1 -0.57383 0.647189 -0.995696 -0.57383 0.651493 -0.968456 -0.446862 0.63005 -0.97276 -0.446866 0.625746 -0.965486 -0.455221 0.619937 -0.961183 -0.455221 0.624241 -0.97276 -0.446866 -0.665727 -0.968456 -0.446871 -0.670056 -0.961183 -0.455221 -0.667284 -0.965486 -0.455221 -0.662942 -0.990719 -0.47223 0.647507 -0.995696 -0.480029 0.651493 -0.961183 -0.455221 0.624241 -0.983037 -0.465412 0.641733 -0.964034 -0.430413 0.626133 -0.968337 -0.430413 0.621829 -0.973314 -0.438212 0.625816 -0.969011 -0.438212 0.630119 -0.99072 -0.472229 -0.686421 -0.995697 -0.480029 -0.690419 -0.961183 -0.455221 -0.667284 -0.983037 -0.465412 -0.681122 -0.968337 -0.430413 -0.66068 -0.964034 -0.430413 -0.664984 -0.969011 -0.438212 -0.668982 -0.973314 -0.438212 -0.664666 -0.97276 -0.446866 0.625746 -0.968456 -0.446862 0.63005 -0.969011 -0.438212 0.630119 -0.973314 -0.438212 0.625816 -0.968456 -0.446871 -0.670056 -0.97276 -0.446866 -0.665727 -0.973314 -0.438212 -0.664666 -0.969011 -0.438212 -0.668982 0.989394 0.57096 -0.690419 0.993697 0.57096 -0.68604 0.993697 0.5164 -0.68604 0.989394 0.5164 -0.690419 0.995697 -0.480029 -0.690419 1 -0.480029 -0.68604 1 -0.57383 -0.68604 0.995697 -0.57383 -0.690419 0.989394 0.5164 0.651569 0.993697 0.5164 0.647189 0.993697 0.57096 0.647189 0.989394 0.57096 0.651569 0.968337 0.311203 -0.66068 0.965052 0.308423 -0.664984 0.964034 0.513531 -0.664984 0.968337 0.513531 -0.66068 0.968337 0.472209 -0.66068 0.964034 0.472209 -0.664984 0.987365 0.513531 -0.688385 0.964034 0.513531 -0.664984 0.991665 0.513531 0.64516 0.968337 0.513531 0.621829 0.995696 -0.57383 0.651493 1 -0.57383 0.647189 1 -0.480029 0.647189 0.995696 -0.480029 0.651493 0.961183 -0.455221 0.624241 0.965486 -0.455221 0.619937 0.97276 -0.446866 0.625746 0.968456 -0.446862 0.63005 0.965486 -0.455221 -0.662942 0.961183 -0.455221 -0.667284 0.968456 -0.446871 -0.670056 0.97276 -0.446866 -0.665727 0.995696 -0.480029 0.651493 0.990719 -0.47223 0.647507 0.983037 -0.465412 0.641733 0.961183 -0.455221 0.624241 0.969011 -0.438212 0.630119 0.973314 -0.438212 0.625816 0.968337 -0.430413 0.621829 0.964034 -0.430413 0.626133 0.995697 -0.480029 -0.690419 0.99072 -0.472229 -0.686421 0.983037 -0.465412 -0.681122 0.961183 -0.455221 -0.667284 0.973314 -0.438212 -0.664666 0.969011 -0.438212 -0.668982 0.964034 -0.430413 -0.664984 0.968337 -0.430413 -0.66068 0.973314 -0.438212 0.625816 0.969011 -0.438212 0.630119 0.968456 -0.446862 0.63005 0.97276 -0.446866 0.625746 0.969011 -0.438212 -0.668982 0.973314 -0.438212 -0.664666 0.97276 -0.446866 -0.665727 0.968456 -0.446871 -0.670056 0.968337 0.513531 0.621829 0.964034 0.513531 0.626133 -0.968337 0.513531 -0.66068 -0.964034 0.513531 -0.664984 -0.965052 0.308423 -0.664984 -0.968337 0.311203 -0.66068 0.968337 0.1876 -0.66068 0.964548 0.185559 -0.664984 0.964034 0.1876 0.626133 0.968337 0.185708 0.622268 -0.968337 0.0639973 -0.66068 -0.964144 0.0630295 -0.664984 -0.968337 0.1876 -0.66068 -0.964548 0.185559 -0.664984 0.964144 0.0630295 -0.664984 0.968337 0.0639973 -0.66068 0.968337 -0.183208 -0.66068 0.96432 -0.181663 -0.664984 -0.989394 0.57096 -0.690419 -0.993697 0.57096 -0.68604 -0.991617 0.57383 -0.684011 -0.987365 0.57383 -0.688385 -0.993697 0.57096 0.647189 -0.989394 0.57096 0.651569 -0.987365 0.573829 0.649534 -0.991665 0.573829 0.64516 0.987365 0.57383 -0.688385 0.991617 0.57383 -0.684011 0.993697 0.57096 -0.68604 0.989394 0.57096 -0.690419 0.991665 0.573829 0.64516 0.987365 0.573829 0.649534 0.989394 0.57096 0.651569 0.993697 0.57096 0.647189 -0.987365 0.513531 -0.688385 -0.991617 0.513531 -0.684011 -0.993697 0.5164 -0.68604 -0.989394 0.5164 -0.690419 -0.991665 0.513531 0.64516 -0.987365 0.513531 0.649534 -0.989394 0.5164 0.651569 -0.993697 0.5164 0.647189 0.991617 0.513531 -0.684011 0.987365 0.513531 -0.688385 0.989394 0.5164 -0.690419 0.993697 0.5164 -0.68604 0.987365 0.513531 0.649534 0.991665 0.513531 0.64516 0.993697 0.5164 0.647189 0.989394 0.5164 0.651569 -0.399036 0.372989 0.621829 -0.396018 0.376007 0.626685 -0.399036 0.377293 0.626133 -0.403339 0.372989 0.626133 -0.403339 -0.430413 0.626133 -0.399036 -0.430413 0.621829 -0.402079 -0.42737 0.626133 0.403339 -0.430413 0.626133 0.402079 -0.42737 0.626133 0.399036 -0.430413 0.621829 0.399036 0.372989 0.621829 0.403339 0.372989 0.626133 0.399036 0.377293 0.626133 0.396018 0.376007 0.626685 0.399036 0.311202 0.621829 0.402079 0.308159 0.626133 0.403339 0.311202 0.626133 0.402079 0.314246 0.626133 -0.402079 0.314246 0.626133 -0.403339 0.311202 0.626133 -0.402079 0.308159 0.626133 -0.399036 0.311202 0.621829 -0.399036 0.0639972 0.621829 -0.402079 0.0670404 0.626133 -0.403339 0.0639972 0.626133 -0.402079 0.060954 0.626133 0.399036 0.0639973 0.621829 0.402079 0.0609541 0.626133 0.403339 0.0639973 0.626133 0.402079 0.0670405 0.626133 0.402079 -0.186251 0.626133 0.403339 -0.183208 0.626133 0.402079 -0.180165 0.626133 0.399036 -0.183208 0.621829 -0.402079 0.190643 0.626133 -0.403339 0.1876 0.626133 -0.402079 0.184557 0.626133 -0.399036 0.1876 0.621829 -0.402079 -0.42737 0.626133 -0.399036 -0.430413 0.621829 -0.399036 -0.183208 0.621829 -0.403339 -0.183208 0.626133 -0.372727 -0.57383 0.651493 -0.372727 -0.480029 0.651493 -0.387376 -0.446303 0.625855 -0.39168 -0.446308 0.630158 -0.397049 -0.455221 0.624241 -0.392746 -0.455221 0.619937 -0.370126 -0.472229 0.643203 -0.368424 -0.480029 0.647189 -0.392746 -0.455221 0.619937 -0.376292 -0.46471 0.635967 -0.399036 -0.430413 0.621829 -0.403339 -0.430413 0.626133 -0.398527 -0.438212 0.630119 -0.394224 -0.438212 0.625816 -0.39168 -0.446308 0.630158 -0.387376 -0.446303 0.625855 -0.394224 -0.438212 0.625816 -0.398527 -0.438212 0.630119 -0.376292 -0.46471 0.635967 -0.370126 -0.472229 0.643203 0.403339 0.372989 0.626133 0.399036 0.372989 0.621829 0.399036 0.311202 0.621829 0.402079 0.314246 0.626133 0.372727 -0.480029 0.651493 0.368424 -0.480029 0.647189 0.368424 -0.57383 0.647189 0.372727 -0.57383 0.651493 0.392746 -0.455221 0.619937 0.397049 -0.455221 0.624241 0.39168 -0.446308 0.630158 0.387376 -0.446303 0.625855 0.368424 -0.480029 0.647189 0.370126 -0.472229 0.643203 0.376292 -0.46471 0.635967 0.392746 -0.455221 0.619937 0.394224 -0.438212 0.625816 0.398527 -0.438212 0.630119 0.403339 -0.430413 0.626133 0.399036 -0.430413 0.621829 0.398527 -0.438212 0.630119 0.394224 -0.438212 0.625816 0.387376 -0.446303 0.625855 0.39168 -0.446308 0.630158 0.370126 -0.472229 0.643203 0.376292 -0.46471 0.635967 -0.396018 0.376007 0.626685 -0.399036 0.372989 0.621829 0.399036 0.372989 0.621829 0.396018 0.376007 0.626685 0.402079 0.308159 0.626133 0.399036 0.311202 0.621829 0.399036 0.1876 0.621829 0.403339 0.1876 0.626133 -0.402079 0.314246 0.626133 -0.399036 0.311202 0.621829 -0.399036 0.372989 0.621829 -0.403339 0.372989 0.626133 -0.403339 -0.183208 0.626133 -0.399036 -0.183208 0.621829 -0.399036 0.0639972 0.621829 -0.402079 0.060954 0.626133 -0.402079 0.0670404 0.626133 -0.399036 0.0639972 0.621829 -0.399036 0.1876 0.621829 -0.402079 0.184557 0.626133 0.402079 0.0609541 0.626133 0.399036 0.0639973 0.621829 0.399036 -0.183208 0.621829 0.402079 -0.180165 0.626133 0.402079 -0.186251 0.626133 0.399036 -0.183208 0.621829 0.399036 -0.430413 0.621829 0.402079 -0.42737 0.626133 0.399036 0.0639973 0.621829 0.402079 0.0670405 0.626133 -0.402079 0.190643 0.626133 -0.399036 0.1876 0.621829 -0.399036 0.311202 0.621829 -0.402079 0.308159 0.626133 </float_array>
          <technique_common>
            <accessor count="4563" offset="0" source="#meshId0-positions-array" stride="3">
              <param name="X" type="float" />
              <param name="Y" type="float" />
              <param name="Z" type="float" />
            </accessor>
          </technique_common>
        </source>
        <source id="meshId0-normals" name="meshId0-normals">
          <float_array id="meshId0-normals-array" count="13689"> -1 0 0 -1 0 0 -1 0 0 -1 0 0 -0.0174766 -1.01805e-07 -0.999847 -0.0174766 -1.01805e-07 -0.999847 -0.00873863 -2.9048e-08 -0.999962 -0.00873863 -2.9048e-08 -0.999962 -0.0176618 -4.37046e-08 0.999844 -0.0176618 -4.37046e-08 0.999844 -0.00883126 -4.37097e-08 0.999961 -0.00883126 -4.37097e-08 0.999961 0 1 4.37114e-08 0 1 4.37114e-08 0 1 4.37114e-08 0 1 4.37114e-08 0 1 4.37114e-08 -1 0 0 -1 0 0 -1 0 0 -1 0 0 0 4.37114e-08 -1 0 4.37114e-08 -1 0 4.37114e-08 -1 0 4.37114e-08 -1 0 -4.37114e-08 1 0 -4.37114e-08 1 0 -4.37114e-08 1 0 -4.37114e-08 1 -1 0 0 -1 0 0 -1 0 0 -1 0 0 0 -4.37114e-08 1 -0.0903083 -1.07529e-07 0.995914 -0.0454831 0.0454831 0.997929 0 -4.37114e-08 1 -0.0176618 -1.75621e-07 -0.999844 -0.00883125 -6.59576e-08 -0.999961 -0.00883125 -6.59576e-08 -0.999961 -0.0176618 -1.75621e-07 -0.999844 0 1 4.37114e-08 0 1 4.37114e-08 0 1 4.37114e-08 0 1 4.37114e-08 0 1 4.37114e-08 0 1 4.37114e-08 0 1 4.37114e-08 0 1 4.37114e-08 0 1 4.37114e-08 0 1 4.37114e-08 0 1 4.37114e-08 0 1 4.37114e-08 0 -1 -4.37114e-08 0 -1 -4.37114e-08 0 -1 -4.37114e-08 0 -1 -4.37114e-08 0 -1 -4.37114e-08 0 -1 -4.37114e-08 0 -1 -4.37114e-08 0 -1 -4.37114e-08 0 -1 -4.37114e-08 0 -1 -4.37114e-08 0 -1 -4.37114e-08 0 -1 -4.37114e-08 0 4.37114e-08 -1 0 4.37114e-08 -1 0 4.37114e-08 -1 0 4.37114e-08 -1 -1 0 0 -1 0 0 -1 0 0 -1 0 0 0 -4.37114e-08 1 0.382686 -4.0384e-08 0.923878 0.372198 0.237212 0.897329 -0.234556 0.394575 0.888422 1 0 0 0.994232 0.107249 7.31684e-09 0.994232 0.107249 2.2449e-09 1 0 0 1 1.10687e-07 -2.66406e-14 1 1.10687e-07 -2.66309e-14 1 5.53433e-08 -6.94689e-15 1 5.53433e-08 -5.64466e-15 -1 0 0 -1 0 0 -1 0 0 -1 0 0 0 1 4.37114e-08 0 1 4.37114e-08 -1 0 0 -1 0 0 -1 0 0 -1 0 0 -1 0 0 -1 0 0 -1 0 0 -1 0 0 0 1 4.37114e-08 0 1 4.37114e-08 2.19957e-07 -1 3.96162e-07 1.15382e-07 -1 1.87032e-07 2.14468e-07 -1 3.85184e-07 1.21022e-07 -1 1.9831e-07 -1 0 0 -1 0 0 -1 0 0 -1 0 0 0 1 4.37114e-08 0 1 4.37114e-08 1 0 0 0.992651 0.121017 1.12224e-08 0.893562 0.190951 0.406306 0.923881 -1.67275e-08 0.38268 1 1.10687e-07 7.44272e-15 1 5.53433e-08 5.02359e-15 1 0 0 1 0 0 1 0 0 1 0 0 -1 0 0 -1 0 0 -1 0 0 -1 0 0 -1 0 0 -1 0 0 -1 0 0 -1 0 0 -1 0 0 -1 0 0 -1 0 0 -1 0 0 -1 0 0 0 -1 -4.37114e-08 0 -1 -4.37114e-08 -1 0 0 -1 0 0 0.86094 -0.508706 -4.89012e-05 0.861392 -0.507941 -7.38838e-05 0.864083 -0.503349 -0.000223585 0.864083 -0.503349 -0.000223585 0.857985 -0.513674 4.31702e-05 0.857907 -0.513805 2.39653e-05 0.857672 -0.514197 -3.36873e-05 0.857672 -0.514197 -3.36873e-05 0.000194245 -0.561682 0.827353 0.000194245 -0.561682 0.827353 0.000194245 -0.561682 0.827353 0.000194245 -0.561682 0.827353 -0.754252 -0.656586 -2.19926e-08 -0.754251 -0.656586 -1.34363e-08 -0.754251 -0.656586 -1.34363e-08 -0.754252 -0.656586 -2.0144e-08 -0.754252 -0.656586 -3.6914e-08 -0.754252 -0.656586 -3.59156e-08 -0.754251 -0.656586 -3.89871e-08 -0.754251 -0.656586 -3.38425e-08 -0.754251 -0.656586 -2.87003e-08 -0.754251 -0.656586 -2.87003e-08 -0.00239342 -0.159798 -0.987147 -0.00731324 -0.232576 -0.972551 -0.00533255 0.0529436 -0.998583 -0.00338287 0.0260073 -0.999656 0.92838 0.371632 0.000107217 0.915573 0.402151 -1.05005e-05 0.385397 0.922751 0.000348311 0.651744 0.758439 0.000298851 0.600368 0.799724 -2.63949e-05 0.384357 0.923184 -3.03802e-05 0.819281 0.573392 0.000100844 0.851049 0.525086 3.53689e-08 0.851049 0.525086 2.91606e-08 0.806212 0.591627 3.85297e-05 0.921558 0.38824 0.000433346 0.653691 0.756761 0.00113041 0.414675 0.909969 0.00130472 0.851049 0.525086 1.68128e-08 0.80857 0.588399 -1.87178e-05 0.796213 0.529718 0.292308 0.378405 0.918591 0.114015 0.564239 0.804013 0.187612 0.851049 0.525086 1.06732e-08 0.801935 0.597411 2.44605e-05 0.311351 0.615273 0.724223 -0.263361 0.667385 0.696591 -0.170472 0.836274 0.521139 0.193176 0.825871 0.529736 0.110768 0.90162 0.418104 -0.0938732 0.905825 0.41312 0 0.240418 0.970669 0 0.241225 0.970469 -5.64655e-05 0.191438 0.981505 -6.50927e-05 0.147873 0.989006 -0.842979 0.537947 2.35144e-08 -0.712889 0.621233 0.32536 -0.665381 0.700556 0.257858 -0.760521 0.649313 2.83824e-08 -0.548849 0.835921 3.07874e-08 -0.473571 0.863026 0.175834 -0.349205 0.930996 0.106306 -0.422805 0.90622 2.97273e-08 -0.842974 0.537955 1.07799e-08 -0.842973 0.537955 1.71474e-08 -0.842973 0.537955 1.71474e-08 -0.842974 0.537955 1.07799e-08 -0.842979 0.537947 2.35144e-08 -0.760521 0.649313 2.83824e-08 -0.548849 0.835921 4.18089e-08 -0.422805 0.90622 5.08593e-08 -0.842973 0.537955 2.98569e-08 -0.842973 0.537955 2.98569e-08 -0.842979 0.537947 2.35144e-08 -0.760521 0.649313 2.83824e-08 -0.548849 0.835921 4.0949e-08 -0.422806 0.90622 5.25612e-08 -0.842974 0.537955 2.98569e-08 -0.842974 0.537954 2.98569e-08 -0.669888 0.697211 -0.25524 -0.714291 0.621007 -0.322707 -0.355106 0.926824 -0.122052 -0.483244 0.856782 -0.179997 -0.842974 0.537954 2.35147e-08 -0.842974 0.537954 2.35147e-08 -0.00684478 0.557675 -0.830031 -0.357677 0.62074 -0.697674 -0.273652 0.686904 -0.673259 -0.00614654 0.631553 -0.775308 -0.00400638 0.773484 -0.633803 -0.186421 0.82907 -0.527153 -0.100765 0.880313 -0.463569 -0.00239873 0.837336 -0.546684 -0.00122817 0.525859 -0.850571 -0.000614485 0.556204 -0.831046 -0.0015436 0.401611 -0.915809 -0.00295195 0.342042 -0.93968 0.000614485 0.556204 -0.831046 0.0015436 0.401611 -0.915809 0.751116 0.66017 0.000292105 0.755896 0.654692 8.90565e-05 0.761343 0.64835 -4.65469e-05 0.761814 0.647795 4.23611e-05 -9.33649e-05 -0.00184536 0.999998 -9.33649e-05 -0.00184536 0.999998 -0.997952 -0.0639697 -2.7962e-09 -0.997952 -0.0639697 -2.7962e-09 -0.997952 -0.0639697 -2.7962e-09 -0.997952 -0.0639697 -2.7962e-09 -0.997952 -0.0639697 -2.7962e-09 -0.997952 -0.0639697 -2.79621e-09 -0.997952 -0.0639697 -2.7962e-09 -0.997952 -0.0639697 -2.7962e-09 -0.997952 -0.0639697 -2.7962e-09 -0.997952 -0.0639697 -2.7962e-09 0.00883125 -6.59576e-08 -0.999961 0.00883125 -6.59576e-08 -0.999961 0 -1 1.49229e-07 0 -1 1.49229e-07 0 -1 1.49053e-07 0 -1 1.49053e-07 0 0.251739 0.967795 0 0.251739 0.967795 0 0.247519 0.968883 0 0.247519 0.968883 0.00883126 -4.37097e-08 0.999961 0.00883126 -4.37097e-08 0.999961 0 1 4.37114e-08 0 1 4.37114e-08 0 4.37114e-08 -1 0 4.37114e-08 -1 0 4.37114e-08 -1 0 4.37114e-08 -1 -2.90095e-16 0.189312 0.981917 -2.90095e-16 0.189312 0.981917 0 0.509876 0.860248 0 0.509876 0.860248 0.00400638 0.773484 -0.633803 0.00614654 0.631553 -0.775308 0 -4.37114e-08 1 0 -4.37114e-08 1 0 -4.37114e-08 1 0 -4.37114e-08 1 0.00873863 -2.9048e-08 -0.999962 0.00873863 -2.9048e-08 -0.999962 0 1 4.37114e-08 0 1 4.37114e-08 0.00239873 0.837336 -0.546684 -1 0 0 -0.989458 6.3304e-09 -0.144823 -0.989458 6.3304e-09 -0.144823 -1 0 0 -0.998908 -0.0339611 0.0320998 -0.998908 -0.0339608 -0.0320998 -1 0 0 -1 0 0 -0.989457 -6.33047e-09 0.144824 -1 0 0 -1 0 0 -1 0 0 -0.998908 0.0339609 -0.0320997 -0.998908 0.0339611 0.0320999 -0.989457 -1.36855e-08 0.144823 -0.998908 -0.033961 0.0320998 -1 0 0 -1 0 0 -0.998908 0.033961 -0.0320997 -0.998908 0.033961 0.0320998 -0.989457 -8.30834e-10 -0.144824 -0.989457 4.93411e-11 -0.144823 -0.998908 -0.0339611 -0.0320999 -0.314469 4.14938e-08 -0.949268 -0.142856 4.32631e-08 -0.989744 -0.142856 4.32631e-08 -0.989744 -0.327992 4.12933e-08 -0.944681 0.413749 -0.910391 -1.5478e-08 0.413749 -0.910391 -1.54779e-08 0.413749 -0.910391 -1.54779e-08 0.413749 -0.910391 -1.5478e-08 -0.142856 -4.32631e-08 0.989744 -0.328007 -4.12931e-08 0.944675 -0.328007 -4.12931e-08 0.944675 -0.142856 -4.32631e-08 0.989744 0.413737 0.910396 1.55014e-08 0.413737 0.910396 1.55014e-08 0.413737 0.910396 1.55014e-08 0.413737 0.910396 1.55014e-08 -0.142851 -5.91532e-08 0.989744 -0.328004 -5.82335e-08 0.944676 -0.328005 -5.44925e-08 0.944676 -0.142853 -5.15301e-08 0.989744 0.413743 0.910394 1.37014e-07 0.413743 0.910394 1.37014e-07 0.413743 0.910394 1.37014e-07 0.413743 0.910394 1.37014e-07 -0.31448 4.99449e-07 -0.949264 -0.142841 5.20558e-07 -0.989746 -0.142836 3.37164e-07 -0.989746 -0.328001 2.32524e-07 -0.944677 0.413743 -0.910394 -8.84043e-08 0.413743 -0.910394 -8.84043e-08 0.413743 -0.910394 -8.84043e-08 0.413743 -0.910394 -8.84043e-08 -0.547489 3.65783e-08 -0.836813 -0.547489 3.65783e-08 -0.836813 -0.743983 2.92079e-08 -0.668199 -0.897704 -0.174479 -0.40458 -0.968511 -0.161867 -0.189171 -0.919305 1.72024e-08 -0.393545 -0.943805 1.44467e-08 -0.330502 -0.975891 -0.158213 -0.150351 -0.989458 6.3304e-09 -0.144823 -0.958053 1.25273e-08 -0.286592 -0.958053 1.25273e-08 -0.286592 -0.989458 6.3304e-09 -0.144823 -0.255199 -0.966889 -6.94166e-08 -0.255199 -0.966889 -6.94167e-08 -0.255199 -0.966889 -6.94166e-08 -0.255199 -0.966889 -6.94167e-08 -0.968511 -0.161866 0.189171 -0.975891 -0.158213 0.150351 -0.998908 -0.0339608 -0.0320998 -0.998908 -0.0339611 0.0320998 -0.981679 -0.114763 0.152102 -0.98168 -0.114763 -0.152099 -0.547466 -3.65789e-08 0.836828 -0.743977 -2.92082e-08 0.668206 -0.743977 -2.92082e-08 0.668206 -0.547466 -3.65789e-08 0.836828 -0.919307 -1.72023e-08 0.393542 -0.919307 -1.72023e-08 0.393542 -0.943805 -1.44468e-08 0.330504 -0.943805 -1.44468e-08 0.330504 -0.989457 -6.33047e-09 0.144824 -0.958052 -1.25275e-08 0.286595 -0.255199 0.966888 1.5146e-08 -0.255199 0.966889 1.5146e-08 -0.255199 0.966889 1.5146e-08 -0.255199 0.966889 1.5146e-08 -0.968511 0.161867 -0.189171 -0.968511 0.161866 0.189171 -0.975891 0.158213 0.150352 -0.975891 0.158213 -0.150351 -0.998908 0.0339611 0.0320999 -0.998908 0.0339609 -0.0320997 -0.98168 0.114763 -0.152099 -0.981679 0.114763 0.152101 -0.547475 -4.33236e-08 0.836822 -0.743979 -3.66587e-08 0.668202 -0.74398 -4.32889e-08 0.668202 -0.547476 -4.9645e-08 0.836822 -0.919306 -2.68071e-08 0.393543 -0.919306 -2.17073e-08 0.393543 -0.943805 -1.65427e-08 0.330503 -0.943805 -1.94611e-08 0.330503 -0.98168 -0.114764 0.1521 -0.998908 -0.033961 0.0320998 -0.989457 -1.36855e-08 0.144823 -0.958052 -2.29227e-08 0.286593 -0.255199 0.966888 1.23653e-07 -0.255199 0.966889 1.23653e-07 -0.255199 0.966889 1.23653e-07 -0.255199 0.966889 1.23653e-07 -0.968511 0.161866 -0.18917 -0.968511 0.161866 0.189171 -0.975891 0.158213 0.150351 -0.975891 0.158213 -0.150351 -0.998908 0.033961 0.0320998 -0.998908 0.033961 -0.0320997 -0.98168 0.114763 -0.1521 -0.98168 0.114763 0.152101 -0.547477 3.65786e-08 -0.836821 -0.547477 3.65786e-08 -0.836821 -0.743981 2.9208e-08 -0.6682 -0.897705 -0.17448 -0.404578 -0.968511 -0.161866 -0.189171 -0.919307 1.72023e-08 -0.393542 -0.943805 1.44468e-08 -0.330504 -0.975891 -0.158213 -0.150352 -0.989457 -8.30834e-10 -0.144824 -0.958052 -7.4291e-09 -0.286594 -0.958052 -9.17096e-09 -0.286594 -0.989457 4.93411e-11 -0.144823 -0.255204 -0.966887 -9.65346e-08 -0.255204 -0.966887 -9.65346e-08 -0.255204 -0.966887 -9.65346e-08 -0.255204 -0.966887 -9.65346e-08 -0.968511 -0.161866 0.189171 -0.975891 -0.158213 0.150351 -0.998908 -0.0339611 -0.0320999 -0.981679 -0.114763 -0.152101 -0.50122 3.78243e-08 -0.86532 -0.327992 4.12933e-08 -0.944681 -0.327992 4.12933e-08 -0.944681 -0.50122 3.78243e-08 -0.86532 -0.897703 -0.17448 0.404582 -0.170078 -0.985431 -1.68612e-08 -0.170078 -0.985431 -1.68612e-08 -0.170078 -0.985431 -1.68612e-08 -0.170078 -0.985431 -1.68612e-08 -0.314483 -4.14936e-08 0.949263 -0.501247 -3.78237e-08 0.865304 -0.501247 -3.78236e-08 0.865304 -0.328007 -4.12931e-08 0.944675 -0.897703 0.174478 -0.404581 -0.897703 0.17448 0.404581 -0.170083 0.98543 -9.34328e-09 -0.170083 0.98543 -9.34328e-09 -0.170083 0.98543 -9.34328e-09 -0.170083 0.98543 -9.34328e-09 -0.314478 -6.61295e-08 0.949265 -0.501244 -9.00677e-08 0.865306 -0.501245 -7.79845e-08 0.865305 -0.328002 -6.06743e-08 0.944677 -0.897702 0.17448 -0.404583 -0.897704 0.17448 0.40458 -0.170078 0.985431 1.21732e-07 -0.170078 0.985431 1.21732e-07 -0.170078 0.985431 1.21732e-07 -0.170078 0.985431 1.21732e-07 -0.501257 -1.32273e-08 -0.865298 -0.327998 -5.0623e-08 -0.944678 -0.327995 -5.3634e-08 -0.94468 -0.50125 -1.24665e-08 -0.865302 -0.897703 -0.17448 0.404581 -0.170083 -0.98543 -4.30745e-08 -0.170083 -0.98543 -4.30745e-08 -0.170083 -0.98543 -4.30745e-08 -0.170083 -0.98543 -4.30745e-08 1 0 0 1 0 0 1 0 0 1 0 0 0.0174766 -1.01805e-07 -0.999847 0.0174766 -1.01805e-07 -0.999847 0.0176618 -4.37046e-08 0.999844 0.0176618 -4.37046e-08 0.999844 0 1 4.37114e-08 0 1 4.37114e-08 0 1 4.37114e-08 1 0 0 1 0 0 1 0 0 1 0 0 0 4.37114e-08 -1 0 4.37114e-08 -1 0 4.37114e-08 -1 0 4.37114e-08 -1 0 -4.37114e-08 1 0 -4.37114e-08 1 0 -4.37114e-08 1 0 -4.37114e-08 1 1 0 0 1 0 0 1 0 0 1 0 0 0.0454831 0.0454831 0.997929 0.0903083 -1.07529e-07 0.995914 0 -4.37114e-08 1 0 -4.37114e-08 1 0.0176618 -1.75621e-07 -0.999844 0.0176618 -1.75621e-07 -0.999844 0 1 4.37114e-08 0 1 4.37114e-08 0 1 4.37114e-08 0 1 4.37114e-08 0 1 4.37114e-08 0 1 4.37114e-08 0 1 4.37114e-08 0 -1 -4.37114e-08 0 -1 -4.37114e-08 0 -1 -4.37114e-08 0 -1 -4.37114e-08 0 -1 -4.37114e-08 0 -1 -4.37114e-08 0 -1 -4.37114e-08 0 -1 -4.37114e-08 0 -1 -4.37114e-08 0 -1 -4.37114e-08 0 -1 -4.37114e-08 0 -1 -4.37114e-08 0 4.37114e-08 -1 0 4.37114e-08 -1 0 4.37114e-08 -1 0 4.37114e-08 -1 1 0 0 1 0 0 1 0 0 1 0 0 -0.372198 0.237212 0.897329 -0.382686 -4.0384e-08 0.923878 0 -4.37114e-08 1 0.234556 0.394575 0.888422 -0.994232 0.107249 2.2449e-09 -0.994232 0.107249 7.31684e-09 -1 0 0 -1 0 0 -1 1.10687e-07 7.6446e-15 -1 1.10687e-07 1.15998e-14 -1 5.53433e-08 7.10214e-15 -1 5.53433e-08 4.47827e-15 0 1 4.37114e-08 1 0 0 1 0 0 1 0 0 1 0 0 1 0 0 1 0 0 1 0 0 1 0 0 1 0 0 1 0 0 1 0 0 1 0 0 0 1 4.37114e-08 0 1 4.37114e-08 -2.14468e-07 -1 3.85184e-07 -1.15382e-07 -1 1.87032e-07 -2.19957e-07 -1 3.96162e-07 -1.21022e-07 -1 1.9831e-07 1 0 0 1 0 0 1 0 0 1 0 0 0 1 4.37114e-08 0 1 4.37114e-08 -0.992651 0.121017 1.12224e-08 -1 0 0 -0.923881 -1.67275e-08 0.38268 -0.893562 0.190951 0.406306 -1 1.10687e-07 -3.70643e-16 -1 5.53433e-08 2.41913e-15 -1 0 0 -1 0 0 -1 0 0 -1 0 0 0 -1 3.34857e-09 0 -1 3.34857e-09 1 0 0 1 0 0 1 0 0 1 0 0 1 0 0 1 0 0 1 0 0 1 0 0 1 0 0 1 0 0 1 0 0 1 0 0 1 0 0 0 -1 -4.37114e-08 0 -1 -4.37114e-08 1 0 0 1 0 0 0 -0.333279 0.942828 0 -0.333279 0.942828 0 -0.333278 0.942828 0 -0.333278 0.942828 -0.86094 -0.508706 -4.89012e-05 -0.864083 -0.503349 -0.000223585 -0.864083 -0.503349 -0.000223585 -0.861392 -0.507941 -7.38838e-05 -0.857985 -0.513674 4.31702e-05 -0.857907 -0.513805 2.39653e-05 -0.857672 -0.514197 -3.36873e-05 -0.857672 -0.514197 -3.36873e-05 -0.000194245 -0.561682 0.827353 -0.000194245 -0.561682 0.827353 -0.000194245 -0.561682 0.827353 -0.000194245 -0.561682 0.827353 0.754251 -0.656586 -1.34363e-08 0.754251 -0.656586 -1.34363e-08 0.754252 -0.656585 -2.19926e-08 0.754252 -0.656586 -2.0144e-08 0.754252 -0.656586 -3.70423e-08 0.754252 -0.656585 -3.60283e-08 0.754251 -0.656586 -3.91479e-08 0.754251 -0.656586 -3.39228e-08 0.754251 -0.656586 -2.87003e-08 0.754251 -0.656586 -2.87003e-08 0.00533255 0.0529437 -0.998583 0.00731324 -0.232576 -0.972551 0.00239342 -0.159798 -0.987147 0.00338287 0.0260073 -0.999656 -0.92838 0.371632 0.000107216 -0.915573 0.402151 -1.05006e-05 -0.385397 0.922751 0.000348312 -0.384357 0.923184 -3.03796e-05 -0.600368 0.799724 -2.63946e-05 -0.651744 0.758439 0.000298851 -0.819281 0.573392 0.000100844 -0.806212 0.591627 3.85297e-05 -0.851049 0.525086 2.91606e-08 -0.851049 0.525086 3.53689e-08 -0.921558 0.38824 0.000433345 -0.653691 0.756761 0.00113041 -0.414675 0.909969 0.00130472 -0.80857 0.588399 -1.87178e-05 -0.851049 0.525086 1.67405e-08 -0.796213 0.529718 0.292308 -0.378405 0.918591 0.114015 -0.564239 0.804013 0.187612 -0.801935 0.597411 2.44604e-05 -0.851049 0.525086 1.05288e-08 -0.311351 0.615273 0.724223 0.263361 0.667385 0.696591 -0.110768 0.90162 0.418104 -0.193176 0.825871 0.529736 0.170472 0.836274 0.521139 0.0938732 0.905825 0.41312 5.64655e-05 0.191438 0.981505 0 0.241225 0.970469 0 0.240418 0.970669 6.50927e-05 0.147872 0.989006 0.665381 0.700556 0.257858 0.712889 0.621233 0.32536 0.842979 0.537947 2.35144e-08 0.760521 0.649313 2.83824e-08 0.349205 0.930996 0.106306 0.473571 0.863026 0.175834 0.548849 0.835921 3.07874e-08 0.422805 0.90622 2.97273e-08 0.842973 0.537955 1.71474e-08 0.842973 0.537955 1.71474e-08 0.842974 0.537955 1.07799e-08 0.842974 0.537955 1.07799e-08 0.842979 0.537947 2.35144e-08 0.760521 0.649313 2.83824e-08 0.548849 0.835921 4.18089e-08 0.422805 0.90622 5.08593e-08 0.842973 0.537955 2.98569e-08 0.842973 0.537955 2.98569e-08 0.842979 0.537947 2.35144e-08 0.760521 0.649313 2.83824e-08 0.548849 0.835921 4.0949e-08 0.422806 0.90622 5.25612e-08 0.842974 0.537955 2.98569e-08 0.842974 0.537955 2.98569e-08 0.669888 0.697211 -0.25524 0.714291 0.621006 -0.322707 0.355106 0.926824 -0.122052 0.483244 0.856782 -0.179997 0.842974 0.537954 2.35147e-08 0.842974 0.537954 2.35147e-08 0.273652 0.686904 -0.673259 0.357677 0.62074 -0.697674 0.00684478 0.557675 -0.830031 0.100765 0.880313 -0.463569 0.186421 0.82907 -0.527153 0.00122817 0.525859 -0.850571 0.00295195 0.342042 -0.93968 -0.751116 0.66017 0.000292105 -0.755896 0.654692 8.90565e-05 -0.761343 0.648349 -4.65469e-05 -0.761814 0.647795 4.23611e-05 9.33649e-05 -0.00184536 0.999998 9.33649e-05 -0.00184536 0.999998 0.997952 -0.0639697 -2.7962e-09 0.997952 -0.0639697 -2.7962e-09 0.997952 -0.0639697 -2.7962e-09 0.997952 -0.0639697 -2.7962e-09 0.997952 -0.0639697 -2.7962e-09 0.997952 -0.0639697 -2.7962e-09 0.997952 -0.0639697 -2.7962e-09 0.997952 -0.0639697 -2.7962e-09 0.997952 -0.0639697 -2.7962e-09 0.997952 -0.0639697 -2.7962e-09 0 0.892547 0.450955 0 0.892547 0.450955 0 0.892547 0.450955 0 0.892547 0.450955 0 0.112701 0.993629 0 0.112701 0.993629 0 -1 3.6995e-09 0 -1 3.6995e-09 0 0.62213 0.782914 0 0.62213 0.782914 0 4.37114e-08 -1 0 4.37114e-08 -1 -1.06733e-15 -7.8301e-08 1 -1.06733e-15 -7.8301e-08 1 -9.48739e-16 -7.8301e-08 1 -9.48739e-16 -7.8301e-08 1 0 5.39701e-07 1 0 5.39701e-07 1 0.989458 6.33039e-09 -0.144823 0.989458 6.33039e-09 -0.144823 1 0 0 1 0 0 1 0 0 0.998908 -0.0339608 -0.0320998 0.998908 -0.0339611 0.0320998 0.989457 -6.33047e-09 0.144824 1 0 0 0.998908 0.0339609 -0.0320997 1 0 0 1 0 0 1 0 0 0.998908 0.0339611 0.0320999 0.998908 -0.033961 0.0320998 0.989457 -1.37292e-08 0.144823 1 0 0 0.998908 0.033961 0.0320998 0.998908 0.033961 -0.0320997 1 0 0 0.989457 8.11979e-11 -0.144823 0.989457 -7.94453e-10 -0.144824 0.998908 -0.0339611 -0.0320999 0.314469 4.14938e-08 -0.949268 0.327992 4.12933e-08 -0.944681 0.142856 4.32631e-08 -0.989744 0.142856 4.32631e-08 -0.989744 -0.413749 -0.910391 -1.55014e-08 -0.413749 -0.910391 -1.55014e-08 -0.413749 -0.910391 -1.55014e-08 -0.413749 -0.910391 -1.55014e-08 0.328007 -4.12931e-08 0.944675 0.142856 -4.32631e-08 0.989744 0.142856 -4.32631e-08 0.989744 0.328007 -4.12931e-08 0.944675 -0.413737 0.910396 1.5478e-08 -0.413737 0.910396 1.5478e-08 -0.413737 0.910396 1.5478e-08 -0.413737 0.910396 1.5478e-08 0.328004 -5.82518e-08 0.944676 0.142851 -5.91531e-08 0.989744 0.142853 -5.15302e-08 0.989744 0.328005 -5.4511e-08 0.944676 -0.413743 0.910394 1.37014e-07 -0.413743 0.910394 1.37014e-07 -0.413743 0.910394 1.37014e-07 -0.413743 0.910394 1.37014e-07 0.31448 4.99449e-07 -0.949264 0.328001 2.32524e-07 -0.944677 0.142836 3.37164e-07 -0.989746 0.142841 5.20558e-07 -0.989746 -0.413743 -0.910394 -8.84043e-08 -0.413743 -0.910394 -8.84043e-08 -0.413743 -0.910394 -8.84043e-08 -0.413743 -0.910394 -8.84043e-08 0.743983 2.92079e-08 -0.668199 0.547489 3.65783e-08 -0.836813 0.547489 3.65783e-08 -0.836813 0.897704 -0.174479 -0.40458 0.943805 1.44467e-08 -0.330502 0.919305 1.72024e-08 -0.393545 0.968511 -0.161867 -0.189171 0.975891 -0.158213 -0.150351 0.958053 1.25273e-08 -0.286592 0.958053 1.25273e-08 -0.286592 0.989458 6.33039e-09 -0.144823 0.989458 6.33039e-09 -0.144823 0.255199 -0.966889 -6.93821e-08 0.255199 -0.966889 -6.93821e-08 0.255199 -0.966889 -6.93821e-08 0.255199 -0.966889 -6.93821e-08 0.968511 -0.161866 0.189171 0.975891 -0.158213 0.150351 0.981679 -0.114763 0.152102 0.998908 -0.0339611 0.0320998 0.998908 -0.0339608 -0.0320998 0.98168 -0.114763 -0.152099 0.743977 -2.92082e-08 0.668206 0.547466 -3.65789e-08 0.836828 0.547466 -3.65789e-08 0.836828 0.743977 -2.92082e-08 0.668206 0.943805 -1.44468e-08 0.330504 0.919307 -1.72023e-08 0.393542 0.919307 -1.72023e-08 0.393542 0.943805 -1.44468e-08 0.330504 0.958052 -1.25275e-08 0.286595 0.989457 -6.33047e-09 0.144824 0.255199 0.966889 1.5146e-08 0.255199 0.966889 1.5146e-08 0.255199 0.966888 1.5146e-08 0.255199 0.966889 1.5146e-08 0.975891 0.158213 0.150352 0.968511 0.161866 0.189171 0.968511 0.161867 -0.189171 0.975891 0.158213 -0.150351 0.98168 0.114763 -0.152099 0.998908 0.0339609 -0.0320997 0.998908 0.0339611 0.0320999 0.981679 0.114763 0.152101 0.743979 -3.66586e-08 0.668202 0.547475 -4.33237e-08 0.836822 0.547476 -4.9645e-08 0.836822 0.74398 -4.32889e-08 0.668202 0.943805 -1.65427e-08 0.330503 0.919306 -2.17073e-08 0.393543 0.919306 -2.68071e-08 0.393543 0.943805 -1.94611e-08 0.330504 0.98168 -0.114764 0.1521 0.958052 -2.31826e-08 0.286593 0.989457 -1.37292e-08 0.144823 0.998908 -0.033961 0.0320998 0.255199 0.966889 1.23653e-07 0.255199 0.966889 1.23653e-07 0.255199 0.966888 1.23653e-07 0.255199 0.966889 1.23653e-07 0.975891 0.158213 0.150351 0.968511 0.161866 0.189171 0.968511 0.161866 -0.18917 0.975891 0.158213 -0.150351 0.98168 0.114763 -0.1521 0.998908 0.033961 -0.0320997 0.998908 0.033961 0.0320998 0.98168 0.114763 0.152101 0.743981 2.9208e-08 -0.6682 0.547477 3.65786e-08 -0.836821 0.547477 3.65786e-08 -0.836821 0.897705 -0.17448 -0.404578 0.943805 1.44468e-08 -0.330504 0.919307 1.72023e-08 -0.393542 0.968511 -0.161866 -0.189171 0.975891 -0.158213 -0.150352 0.958052 -9.06076e-09 -0.286594 0.958052 -7.32785e-09 -0.286594 0.989457 -7.94453e-10 -0.144824 0.989457 8.11979e-11 -0.144823 0.255204 -0.966887 -9.65173e-08 0.255204 -0.966887 -9.65173e-08 0.255204 -0.966887 -9.65173e-08 0.255204 -0.966887 -9.65173e-08 0.968511 -0.161866 0.189171 0.975891 -0.158213 0.150351 0.998908 -0.0339611 -0.0320999 0.981679 -0.114763 -0.152101 0.327992 4.12933e-08 -0.944681 0.50122 3.78243e-08 -0.86532 0.50122 3.78243e-08 -0.86532 0.327992 4.12933e-08 -0.944681 0.897703 -0.17448 0.404582 0.170078 -0.985431 -1.68524e-08 0.170078 -0.985431 -1.68524e-08 0.170078 -0.985431 -1.68524e-08 0.170078 -0.985431 -1.68524e-08 0.314483 -4.14936e-08 0.949263 0.328007 -4.12931e-08 0.944675 0.501247 -3.78236e-08 0.865304 0.501247 -3.78237e-08 0.865304 0.897703 0.17448 0.404581 0.897703 0.174478 -0.404581 0.170083 0.98543 -9.36973e-09 0.170083 0.98543 -9.36973e-09 0.170083 0.98543 -9.36973e-09 0.170083 0.98543 -9.36973e-09 0.314478 -6.5997e-08 0.949265 0.328002 -6.06085e-08 0.944677 0.501245 -7.78329e-08 0.865305 0.501244 -8.97869e-08 0.865306 0.897704 0.17448 0.40458 0.897702 0.17448 -0.404583 0.170078 0.985431 1.21732e-07 0.170078 0.985431 1.21732e-07 0.170078 0.985431 1.21732e-07 0.170078 0.985431 1.21732e-07 0.327998 -5.06215e-08 -0.944678 0.501257 -1.32282e-08 -0.865298 0.50125 -1.24656e-08 -0.865302 0.327995 -5.36356e-08 -0.94468 0.897703 -0.17448 0.404581 0.170083 -0.98543 -4.30745e-08 0.170083 -0.98543 -4.30745e-08 0.170083 -0.98543 -4.30745e-08 0.170083 -0.98543 -4.30745e-08 0 4.37114e-08 -1 0 4.37114e-08 -1 0 4.37114e-08 -1 0 4.37114e-08 -1 0 4.37114e-08 -1 0 4.37114e-08 -1 0 4.37114e-08 -1 0 4.37114e-08 -1 0 4.37114e-08 -1 0 4.37114e-08 -1 0 4.37114e-08 -1 0 4.37114e-08 -1 0 4.37114e-08 -1 0 4.37114e-08 -1 0 4.37114e-08 -1 0 4.37114e-08 -1 0 4.37114e-08 -1 0 4.37114e-08 -1 0 4.37114e-08 -1 0 4.37114e-08 -1 0 4.37114e-08 -1 0 4.37114e-08 -1 0 4.37114e-08 -1 0 4.37114e-08 -1 0 4.37114e-08 -1 0 4.37114e-08 -1 0 4.37114e-08 -1 0 4.37114e-08 -1 0 4.37114e-08 -1 0 4.37114e-08 -1 0 4.37114e-08 -1 0 4.37114e-08 -1 0 4.37114e-08 -1 0 4.37114e-08 -1 0 4.37114e-08 -1 0 4.37114e-08 -1 0 4.37114e-08 -1 0 4.37114e-08 -1 0.893185 -1.96566e-08 0.44969 0.893185 -1.96566e-08 0.44969 0.893185 -1.96566e-08 0.44969 0.893185 -1.96566e-08 0.44969 1.3072e-08 -0.717391 0.696671 1.3072e-08 -0.717391 0.696671 1.3072e-08 -0.717391 0.696671 1.3072e-08 -0.717391 0.696671 -0.893184 1.01085e-07 0.449691 -0.893184 7.3725e-08 0.449691 -0.893184 2.22155e-08 0.449691 -0.893184 4.46836e-08 0.449691 1.24965e-08 0.717391 0.696671 1.24965e-08 0.71739 0.696671 1.24965e-08 0.717391 0.696671 1.24965e-08 0.71739 0.696671 0.721219 -3.54039e-08 0.692707 0.721219 -3.54039e-08 0.692707 0.721219 -3.45589e-08 0.692707 0.721219 -3.36859e-08 0.692707 0 -0.717391 0.696671 0 -0.717391 0.696671 0 -0.717391 0.696671 0 -0.717391 0.696671 -0.721218 -1.01387e-07 0.692708 -0.721218 -9.70257e-08 0.692708 -0.721218 -7.72986e-08 0.692708 -0.721218 -7.70841e-08 0.692708 0 0.717391 0.696671 0 0.717391 0.696671 0 0.717391 0.696671 0 0.717391 0.696671 -0.893185 -2.07702e-08 0.44969 -0.893185 -2.10907e-08 0.44969 -0.893185 -2.11916e-08 0.44969 -0.893185 -2.06693e-08 0.44969 -1.24554e-08 0.71739 0.696671 -1.24554e-08 0.71739 0.696671 -1.24554e-08 0.71739 0.696671 -1.24554e-08 0.71739 0.696671 0.893184 -1.96566e-08 0.449691 0.893184 -1.96566e-08 0.449691 0.893184 -1.96566e-08 0.449691 0.893184 -1.96566e-08 0.449691 -1.3072e-08 -0.717391 0.696671 -1.3072e-08 -0.717391 0.696671 -1.3072e-08 -0.717391 0.696671 -1.3072e-08 -0.717391 0.696671 0.997181 3.2796e-09 -0.0750285 0.989093 -6.43841e-09 0.147294 0.989093 -6.43841e-09 0.147294 0.996213 3.80038e-09 -0.0869427 0.558693 3.62531e-08 -0.829375 0.558693 3.62531e-08 -0.829375 0.558693 3.62531e-08 -0.829375 0.558693 3.62531e-08 -0.829375 0.650395 3.3203e-08 -0.759597 0.650395 3.3203e-08 -0.759597 0.650395 3.3203e-08 -0.759597 0.650395 3.3203e-08 -0.759597 0 -0.908947 0.416912 0 -0.908947 0.416912 0 -0.908947 0.416912 0 -0.908947 0.416912 0 -0.455922 -0.89002 0 -0.455922 -0.89002 0 -0.455922 -0.89002 0 -0.455922 -0.89002 -6.30076e-09 -0.560465 -0.828178 -6.30076e-09 -0.560465 -0.828178 -6.30076e-09 -0.560465 -0.828178 -6.30076e-09 -0.560465 -0.828178 -0.989094 8.76792e-08 0.147287 -0.996213 9.48804e-08 -0.0869485 -0.996213 6.55774e-08 -0.0869485 -0.989094 5.49552e-08 0.147287 -0.558696 6.37918e-08 -0.829373 -0.558696 9.55428e-08 -0.829373 -0.558696 1.16351e-07 -0.829373 -0.558696 8.01174e-08 -0.829373 -0.650395 1.89758e-07 -0.759596 -0.650395 1.89758e-07 -0.759596 -0.650395 1.45505e-07 -0.759596 -0.650394 7.74566e-08 -0.759597 0 0.908947 0.416912 0 0.908947 0.416912 0 0.908947 0.416912 0 0.908947 0.416912 0 0.455922 -0.89002 0 0.455922 -0.89002 0 0.455922 -0.89002 0 0.455922 -0.89002 -6.30076e-09 0.560465 -0.828178 -6.30076e-09 0.560465 -0.828178 -6.30076e-09 0.560465 -0.828178 -6.30076e-09 0.560465 -0.828178 0.911368 -2.44266e-07 0.411593 0.911368 -2.44266e-07 0.411593 0.911369 -1.55616e-07 0.411591 0.911369 -1.06641e-07 0.41159 0.457899 3.88596e-08 -0.889004 0.457899 -8.62979e-10 -0.889004 0.457899 2.23283e-08 -0.889004 0.457899 3.88596e-08 -0.889004 0.562305 -1.81457e-08 -0.82693 0.562305 -1.40729e-08 -0.82693 0.562305 7.73292e-10 -0.82693 0.562305 7.73292e-10 -0.82693 0 -0.908945 0.416917 0 -0.908945 0.416917 0 -0.908945 0.416917 0 -0.908945 0.416917 0 -0.455921 -0.89002 0 -0.455921 -0.89002 0 -0.455921 -0.89002 0 -0.455921 -0.89002 0 -0.560464 -0.828179 0 -0.560464 -0.828179 0 -0.560464 -0.828179 0 -0.560464 -0.828179 -0.911368 -1.04619e-07 0.411593 -0.911368 -1.01154e-07 0.411593 -0.911368 -7.4588e-08 0.411593 -0.911368 -7.4588e-08 0.411593 -0.457899 1.84735e-08 -0.889004 -0.457899 1.60655e-08 -0.889004 -0.457899 8.39203e-09 -0.889004 -0.457899 5.98412e-09 -0.889004 -0.562306 3.61462e-08 -0.82693 -0.562306 3.61462e-08 -0.82693 -0.562306 3.56559e-08 -0.82693 -0.562306 3.50287e-08 -0.82693 0 0.908945 0.416917 0 0.908945 0.416917 0 0.908945 0.416917 0 0.908945 0.416917 0 0.455922 -0.89002 0 0.455922 -0.89002 0 0.455921 -0.89002 0 0.455921 -0.89002 0 0.560464 -0.828179 0 0.560464 -0.828179 0 0.560464 -0.828179 0 0.560464 -0.828179 -0.989093 -6.43842e-09 0.147294 -0.996213 3.80039e-09 -0.0869427 -0.996213 3.80038e-09 -0.0869427 -0.989093 -6.43841e-09 0.147294 -0.558693 3.81565e-08 -0.829375 -0.558693 3.80108e-08 -0.829375 -0.558693 3.75338e-08 -0.829375 -0.558693 3.73882e-08 -0.829375 -0.650395 3.3203e-08 -0.759597 -0.650395 3.3203e-08 -0.759597 -0.650395 3.3203e-08 -0.759597 -0.650395 3.3203e-08 -0.759597 0 0.908947 0.416912 0 0.908947 0.416912 0 0.908947 0.416912 0 0.908947 0.416912 0 0.455922 -0.89002 0 0.455922 -0.89002 0 0.455922 -0.89002 0 0.455922 -0.89002 6.30076e-09 0.560465 -0.828178 6.30076e-09 0.560465 -0.828178 6.30076e-09 0.560465 -0.828178 6.30076e-09 0.560465 -0.828178 0.997181 2.50685e-07 -0.0750343 0.989094 2.39164e-07 0.147287 0.989093 1.45019e-07 0.14729 0.996213 1.04923e-07 -0.0869469 0.558696 3.6253e-08 -0.829373 0.558696 3.6253e-08 -0.829373 0.558696 3.6253e-08 -0.829373 0.558695 3.6253e-08 -0.829373 0.650395 9.4616e-08 -0.759596 0.650395 8.91787e-08 -0.759596 0.650395 7.23326e-08 -0.759596 0.650395 7.23326e-08 -0.759596 0 -0.908947 0.416912 0 -0.908947 0.416912 0 -0.908947 0.416912 0 -0.908947 0.416912 0 -0.455922 -0.89002 0 -0.455922 -0.89002 0 -0.455922 -0.89002 0 -0.455922 -0.89002 6.30076e-09 -0.560465 -0.828178 6.30076e-09 -0.560465 -0.828178 6.30076e-09 -0.560465 -0.828178 6.30076e-09 -0.560465 -0.828178 0.948624 1.38305e-08 -0.316404 0.948624 1.38305e-08 -0.316404 0.983867 7.98038e-09 -0.178904 0.983867 7.98192e-09 -0.178904 0.983867 7.98243e-09 -0.178904 0.983867 7.97987e-09 -0.178904 0 -0.969361 -0.24564 0 -0.969361 -0.24564 0 -0.969361 -0.24564 0 -0.969361 -0.24564 2.73938e-08 -0.999457 -0.0329385 2.73938e-08 -0.999457 -0.0329385 2.73938e-08 -0.999457 -0.0329385 2.73938e-08 -0.999457 -0.0329385 -0.948623 1.03021e-07 -0.316409 -0.948623 7.25997e-08 -0.316409 -0.983866 2.46658e-07 -0.178906 -0.983866 2.46658e-07 -0.178906 -0.983866 1.29325e-07 -0.178905 -0.983866 1.25153e-07 -0.178905 0 0.969361 -0.245639 0 0.969361 -0.245639 0 0.969361 -0.245639 0 0.969361 -0.245639 2.74159e-08 0.999457 -0.0329384 2.74159e-08 0.999457 -0.0329384 2.74159e-08 0.999457 -0.0329384 2.74159e-08 0.999457 -0.0329384 0.972515 -2.31278e-07 -0.232839 0.972515 -1.63411e-07 -0.232839 0.972515 -1.78263e-07 -0.232839 0.972515 -2.31278e-07 -0.232839 0.997757 -5.70986e-08 -0.0669342 0.997757 -5.82345e-08 -0.0669342 0.997757 -5.85959e-08 -0.0669342 0.997757 -5.67007e-08 -0.0669342 0 -0.972941 -0.231052 0 -0.972941 -0.231052 0 -0.972941 -0.231052 0 -0.972941 -0.231052 0 -0.997964 -0.0637862 0 -0.997964 -0.0637862 0 -0.997964 -0.0637862 0 -0.997964 -0.0637862 -0.972515 -2.10199e-08 -0.23284 -0.972515 -1.89742e-08 -0.23284 -0.972515 -5.01719e-08 -0.232839 -0.972515 -5.01719e-08 -0.232839 -0.997757 3.3643e-09 -0.0669341 -0.997757 3.3643e-09 -0.0669341 -0.997757 3.18785e-09 -0.0669341 -0.997757 3.17531e-09 -0.0669341 0 0.972942 -0.231052 0 0.972942 -0.231052 0 0.972942 -0.231052 0 0.972942 -0.231052 0 0.997964 -0.0637862 0 0.997964 -0.0637862 0 0.997964 -0.0637862 0 0.997964 -0.0637862 -0.948624 1.38305e-08 -0.316404 -0.948624 1.38305e-08 -0.316404 -0.983867 7.82016e-09 -0.178904 -0.983867 7.82016e-09 -0.178904 -0.983867 7.82016e-09 -0.178904 -0.983867 7.82016e-09 -0.178904 0 0.969361 -0.245639 0 0.969361 -0.245639 0 0.969361 -0.245639 0 0.969361 -0.245639 -2.74159e-08 0.999457 -0.0329384 -2.74159e-08 0.999457 -0.0329384 -2.74159e-08 0.999457 -0.0329384 -2.74159e-08 0.999457 -0.0329384 0.997181 2.50685e-07 -0.0750343 0.948623 1.46416e-07 -0.31641 0.948623 2.48962e-07 -0.316409 0.983866 9.75054e-08 -0.178906 0.983866 9.7221e-08 -0.178906 0.983866 6.75156e-08 -0.178906 0.983866 6.75156e-08 -0.178906 0 -0.969361 -0.24564 0 -0.969361 -0.24564 0 -0.969361 -0.24564 0 -0.969361 -0.24564 -2.73864e-08 -0.999457 -0.0329385 -2.73864e-08 -0.999457 -0.0329385 -2.73864e-08 -0.999457 -0.0329385 -2.73864e-08 -0.999457 -0.0329385 0 4.37114e-08 -1 0 -4.37114e-08 1 0 -4.37114e-08 1 -1 0 0 -1 0 0 0 -4.37114e-08 1 0 -4.37114e-08 1 0 4.37114e-08 -1 0 -4.37114e-08 1 0 -4.37114e-08 1 1 0 0 1 0 0 -1 0 0 -1 0 0 -1 0 0 -1 0 0 0 -4.37114e-08 1 0 -4.37114e-08 1 0 -4.37114e-08 1 0 -4.37114e-08 1 0 4.37114e-08 -1 0 4.37114e-08 -1 0 4.37114e-08 -1 0 4.37114e-08 -1 1 0 0 1 0 0 -1 0 0 1 0 0 1 0 0 1 5.53433e-08 2.41913e-15 1 1.10687e-07 7.46215e-15 -1 0 0 -1 0 0 -1 0 0 -1 0 0 -1 0 0 -1 0 0 -1 0 0 -1 0 0 0 4.37114e-08 -1 0 4.37114e-08 -1 0 4.37114e-08 -1 0 4.37114e-08 -1 -1 0 0 -0.989458 6.33039e-09 -0.144823 -0.989457 -6.33047e-09 0.144824 -0.989457 -6.33047e-09 0.144824 -0.989457 -8.48712e-09 0.144824 -0.989457 -7.20288e-09 0.144824 -0.989457 6.33047e-09 -0.144824 -0.142856 4.32631e-08 -0.989744 -0.142856 4.32631e-08 -0.989744 -0.142856 -4.32631e-08 0.989744 -0.142856 -4.32631e-08 0.989744 -0.142848 -4.32631e-08 0.989745 -0.142848 -4.32631e-08 0.989745 -0.142827 -6.30236e-08 -0.989748 -0.142827 -6.81758e-08 -0.989748 -0.547489 3.65783e-08 -0.836813 -0.743983 2.92079e-08 -0.668199 -0.743983 2.92079e-08 -0.668199 -0.547489 3.65783e-08 -0.836813 -0.919305 1.72024e-08 -0.393545 -0.943805 1.44467e-08 -0.330502 -0.943805 1.44467e-08 -0.330502 -0.919305 1.72024e-08 -0.393545 -0.989458 6.33039e-09 -0.144823 -0.958053 1.25273e-08 -0.286592 -0.547466 -3.65789e-08 0.836828 -0.743977 -2.92082e-08 0.668206 -0.547466 -3.65789e-08 0.836828 -0.943805 -1.44468e-08 0.330504 -0.919307 -1.72023e-08 0.393542 -0.989457 -6.33047e-09 0.144824 -0.989457 -6.33047e-09 0.144824 -0.958052 -1.25275e-08 0.286595 -0.958052 -1.25275e-08 0.286595 -0.547472 -8.88566e-08 0.836824 -0.743979 -6.90183e-08 0.668203 -0.547473 -7.42464e-08 0.836823 -0.943805 -3.19455e-08 0.330503 -0.919306 -4.79249e-08 0.393542 -0.989457 -7.20288e-09 0.144824 -0.989457 -8.48712e-09 0.144824 -0.958052 -1.67482e-08 0.286594 -0.958052 -1.49587e-08 0.286593 -0.547463 -1.29621e-08 -0.83683 -0.743975 6.55542e-10 -0.668207 -0.743978 -2.67309e-08 -0.668204 -0.547468 -6.47558e-08 -0.836826 -0.919307 4.38946e-09 -0.393541 -0.943805 -4.59328e-10 -0.330503 -0.943805 -2.47061e-09 -0.330504 -0.919307 5.39744e-09 -0.393542 -0.989457 6.33047e-09 -0.144824 -0.958052 1.25275e-08 -0.286595 -0.50122 3.78243e-08 -0.86532 -0.50122 3.78243e-08 -0.86532 -0.501247 -3.78236e-08 0.865304 -0.501247 -3.78236e-08 0.865304 -0.501247 -5.75788e-08 0.865305 -0.501246 -5.74477e-08 0.865305 -0.501257 2.6337e-07 -0.865298 -0.501254 4.55492e-07 -0.8653 1 0 0 1 0 0 1 0 0 1 0 0 0 -4.37114e-08 1 0 -4.37114e-08 1 0 -4.37114e-08 1 0 -4.37114e-08 1 0 4.37114e-08 -1 0 4.37114e-08 -1 0 4.37114e-08 -1 0 4.37114e-08 -1 -1 0 0 -1 0 0 1 0 0 -1 0 0 -1 0 0 -1 5.53433e-08 -2.82862e-15 -1 1.10687e-07 -8.28112e-15 1 0 0 1 0 0 1 0 0 1 0 0 1 0 0 1 0 0 1 0 0 1 0 0 0 -4.37114e-08 1 0 -4.37114e-08 1 -1.18592e-16 -5.75472e-08 1 -1.18592e-16 -5.75472e-08 1 1 0 0 0.989458 6.33039e-09 -0.144823 0.989457 -6.33047e-09 0.144824 0.989457 -6.33047e-09 0.144824 0.989457 -8.51901e-09 0.144824 0.989457 -7.23923e-09 0.144824 0.989457 6.33047e-09 -0.144824 0.142856 4.32631e-08 -0.989744 0.142856 4.32631e-08 -0.989744 0.142856 -4.32631e-08 0.989744 0.142856 -4.32631e-08 0.989744 0.142848 -4.32631e-08 0.989745 0.142848 -4.32631e-08 0.989745 0.142827 -6.30214e-08 -0.989748 0.142827 -6.8178e-08 -0.989748 0.743983 2.92079e-08 -0.668199 0.547489 3.65783e-08 -0.836813 0.547489 3.65783e-08 -0.836813 0.743983 2.92079e-08 -0.668199 0.943805 1.44467e-08 -0.330502 0.943805 1.44467e-08 -0.330502 0.919305 1.72024e-08 -0.393545 0.919305 1.72024e-08 -0.393545 0.989458 6.33039e-09 -0.144823 0.958053 1.25273e-08 -0.286592 0.743977 -2.92082e-08 0.668206 0.547466 -3.65789e-08 0.836828 0.547466 -3.65789e-08 0.836828 0.943805 -1.44468e-08 0.330504 0.919307 -1.72023e-08 0.393542 0.958052 -1.25275e-08 0.286595 0.989457 -6.33047e-09 0.144824 0.989457 -6.33047e-09 0.144824 0.958052 -1.25275e-08 0.286595 0.743979 -6.90183e-08 0.668203 0.547472 -8.88566e-08 0.836824 0.547473 -7.42464e-08 0.836823 0.943805 -3.19455e-08 0.330503 0.919306 -4.79249e-08 0.393542 0.958052 -1.68584e-08 0.286594 0.989457 -8.51901e-09 0.144824 0.989457 -7.23923e-09 0.144824 0.958052 -1.506e-08 0.286594 0.743975 6.55542e-10 -0.668207 0.547463 -1.29621e-08 -0.83683 0.547468 -6.47558e-08 -0.836826 0.743978 -2.67309e-08 -0.668204 0.943805 -2.47057e-09 -0.330504 0.943805 -4.5936e-10 -0.330503 0.919307 4.38948e-09 -0.393541 0.919307 5.39742e-09 -0.393542 0.989457 6.33047e-09 -0.144824 0.958052 1.25275e-08 -0.286595 0.50122 3.78243e-08 -0.86532 0.50122 3.78243e-08 -0.86532 0.501247 -3.78236e-08 0.865304 0.501247 -3.78236e-08 0.865304 0.501247 -5.76126e-08 0.865304 0.501246 -5.7482e-08 0.865305 0.501254 4.55492e-07 -0.8653 0.501257 2.6337e-07 -0.865299 0 4.37114e-08 -1 0 4.37114e-08 -1 0 4.37114e-08 -1 0 4.37114e-08 -1 0 4.37114e-08 -1 0 4.37114e-08 -1 0 4.37114e-08 -1 0 4.37114e-08 -1 0 4.37114e-08 -1 0 4.37114e-08 -1 0 4.37114e-08 -1 0 4.37114e-08 -1 0.893185 -2.06693e-08 0.44969 0.893185 -2.11916e-08 0.44969 0.893185 -2.10906e-08 0.44969 0.893185 -2.07702e-08 0.44969 -0.893184 -1.96566e-08 0.449691 -0.893184 -1.96566e-08 0.449691 -0.893184 -1.96566e-08 0.449691 -0.893184 -1.96566e-08 0.449691 0.721218 -7.70841e-08 0.692708 0.721218 -7.72986e-08 0.692708 0.721218 -9.67383e-08 0.692708 0.721218 -1.01034e-07 0.692708 -0.721219 -3.45589e-08 0.692707 -0.721219 -3.54039e-08 0.692707 -0.721219 -3.54039e-08 0.692707 -0.721219 -3.3686e-08 0.692707 -0.893185 -1.96566e-08 0.44969 -0.893185 -1.96566e-08 0.44969 -0.893185 -1.96566e-08 0.44969 -0.893185 -1.96566e-08 0.44969 0.893184 4.4752e-08 0.449691 0.893184 2.22603e-08 0.449691 0.893184 7.37255e-08 0.449691 0.893184 1.01084e-07 0.449691 0.989093 -6.43842e-09 0.147294 0.996213 3.80039e-09 -0.0869427 0.996213 3.80039e-09 -0.0869427 0.989093 -6.43841e-09 0.147294 0.558693 3.83944e-08 -0.829375 0.558693 3.75301e-08 -0.829375 0.558693 3.76939e-08 -0.829375 0.558693 3.82305e-08 -0.829375 0.650395 3.3203e-08 -0.759597 0.650395 3.3203e-08 -0.759597 0.650395 3.3203e-08 -0.759597 0.650395 3.3203e-08 -0.759597 -0.989093 1.45019e-07 0.14729 -0.989094 2.39164e-07 0.147287 -0.997181 2.50685e-07 -0.0750343 -0.996213 1.04923e-07 -0.0869469 -0.558696 3.6253e-08 -0.829373 -0.558695 3.6253e-08 -0.829373 -0.558695 3.6253e-08 -0.829373 -0.558695 3.6253e-08 -0.829373 -0.650395 7.23326e-08 -0.759596 -0.650395 7.23326e-08 -0.759596 -0.650395 8.91787e-08 -0.759596 -0.650395 9.46159e-08 -0.759596 0.911368 -7.45879e-08 0.411593 0.911368 -7.45879e-08 0.411593 0.911368 -1.01154e-07 0.411593 0.911368 -1.04619e-07 0.411593 0.457899 1.88359e-08 -0.889004 0.457899 6.22019e-09 -0.889004 0.457899 8.65258e-09 -0.889004 0.457899 1.64034e-08 -0.889004 0.562306 3.56559e-08 -0.826929 0.562306 3.61462e-08 -0.82693 0.562306 3.61462e-08 -0.82693 0.562306 3.50287e-08 -0.826929 -0.911369 -1.55616e-07 0.411591 -0.911368 -2.44266e-07 0.411593 -0.911368 -2.44266e-07 0.411593 -0.911369 -1.06641e-07 0.41159 -0.457899 3.88596e-08 -0.889004 -0.457899 3.88596e-08 -0.889004 -0.457899 2.23283e-08 -0.889004 -0.457899 -8.62979e-10 -0.889004 -0.562305 7.73292e-10 -0.82693 -0.562305 7.73292e-10 -0.82693 -0.562305 -1.4073e-08 -0.82693 -0.562305 -1.81455e-08 -0.82693 -0.989093 -6.43841e-09 0.147294 -0.989093 -6.43841e-09 0.147294 -0.997181 3.2796e-09 -0.0750285 -0.996213 3.80039e-09 -0.0869427 -0.558693 3.62531e-08 -0.829375 -0.558693 3.62531e-08 -0.829375 -0.558693 3.62531e-08 -0.829375 -0.558693 3.62531e-08 -0.829375 -0.650394 3.3203e-08 -0.759597 -0.650394 3.3203e-08 -0.759597 -0.650394 3.3203e-08 -0.759597 -0.650394 3.3203e-08 -0.759597 0.989094 5.4961e-08 0.147287 0.996213 6.55811e-08 -0.0869484 0.996213 9.48836e-08 -0.0869485 0.989094 8.76858e-08 0.147287 0.558696 6.35538e-08 -0.829373 0.558696 7.99757e-08 -0.829373 0.558696 1.16191e-07 -0.829373 0.558696 9.53233e-08 -0.829373 0.650395 1.45505e-07 -0.759596 0.650395 1.89758e-07 -0.759596 0.650395 1.89758e-07 -0.759596 0.650394 7.74566e-08 -0.759597 0.948624 1.38305e-08 -0.316404 0.948624 1.38305e-08 -0.316404 0.983867 7.82016e-09 -0.178904 0.983867 7.82016e-09 -0.178904 0.983867 7.82016e-09 -0.178904 0.983867 7.82016e-09 -0.178904 -0.997181 2.50685e-07 -0.0750343 -0.948623 2.48962e-07 -0.316409 -0.948623 1.46416e-07 -0.31641 -0.996213 1.04923e-07 -0.0869469 -0.983866 6.75156e-08 -0.178906 -0.983866 6.75156e-08 -0.178906 -0.983866 9.72209e-08 -0.178906 -0.983866 9.75055e-08 -0.178906 0.972515 -5.01719e-08 -0.232839 0.972515 -5.01719e-08 -0.232839 0.972515 -1.89741e-08 -0.23284 0.972515 -2.10201e-08 -0.23284 0.997757 3.22313e-09 -0.0669341 0.997757 3.3643e-09 -0.0669341 0.997757 3.3643e-09 -0.0669341 0.997757 3.21309e-09 -0.0669341 -0.972515 -2.31278e-07 -0.232839 -0.972515 -2.31278e-07 -0.232839 -0.972515 -1.78318e-07 -0.232839 -0.972515 -1.63481e-07 -0.232839 -0.997757 -5.66829e-08 -0.0669342 -0.997757 -5.85772e-08 -0.0669342 -0.997757 -5.81629e-08 -0.0669342 -0.997757 -5.70242e-08 -0.0669342 -0.997181 3.2796e-09 -0.0750285 -0.948624 1.38305e-08 -0.316404 -0.948624 1.38305e-08 -0.316404 -0.996213 3.80039e-09 -0.0869427 -0.983867 7.97987e-09 -0.178904 -0.983867 7.98243e-09 -0.178904 -0.983867 7.98192e-09 -0.178904 -0.983867 7.98038e-09 -0.178904 0.948623 7.25997e-08 -0.316409 0.948623 1.03021e-07 -0.316409 0.983866 1.29325e-07 -0.178905 0.983866 2.46658e-07 -0.178906 0.983866 2.46658e-07 -0.178906 0.983866 1.25153e-07 -0.178905 -0.0454831 0.0454831 0.997929 -0.0903083 -1.07529e-07 0.995914 -0.179879 -1.70469e-07 0.983689 -0.0906758 0.0906757 0.991744 -0.0821893 -1.6005e-07 0.996617 -0.129037 -0.0520467 0.990273 -0.0906757 -0.0906768 0.991744 0.129037 -0.0520467 0.990273 0.0906757 -0.0906768 0.991744 0.0821893 -1.6005e-07 0.996617 0.0903083 -1.07529e-07 0.995914 0.179879 -1.70469e-07 0.983689 0.0454831 0.0454831 0.997929 0.0906758 0.0906757 0.991744 -0.707107 -3.09086e-08 0.707107 -0.707107 -3.09086e-08 0.707107 -0.707107 -3.09086e-08 0.707107 -0.707107 -3.09086e-08 0.707107 -0.707107 -3.09086e-08 0.707107 -0.707107 -3.09086e-08 0.707107 0 -0.707107 0.707107 0 -0.707107 0.707107 0 -0.707107 0.707107 0 -0.707107 0.707107 0.707107 -3.09086e-08 0.707107 0.707107 -3.09086e-08 0.707107 0.707107 -3.09086e-08 0.707107 0.707107 -3.09086e-08 0.707107 0.707107 -3.09086e-08 0.707107 0.707107 -3.09086e-08 0.707107 0 0.707107 0.707107 0 0.707107 0.707107 0 0.707107 0.707107 0 0.707107 0.707107 0 -4.37114e-08 1 0 -4.37114e-08 1 0 -4.37114e-08 1 0 -4.37114e-08 1 0 -4.37114e-08 1 0 -4.37114e-08 1 0 -4.37114e-08 1 0 -4.37114e-08 1 0 -4.37114e-08 1 0 -4.37114e-08 1 0 -4.37114e-08 1 0 -4.37114e-08 1 -0.0821893 -1.6005e-07 0.996617 0 -4.37114e-08 1 0 -4.37114e-08 1 0 -4.37114e-08 1 0 -4.37114e-08 1 0 -4.37114e-08 1 0 -4.37114e-08 1 0 -4.37114e-08 1 0 -4.37114e-08 1 0.0821893 -1.6005e-07 0.996617 0 -4.37114e-08 1 0 -4.37114e-08 1 0 -4.37114e-08 1 0 -4.37114e-08 1 0 -4.37114e-08 1 0 -4.37114e-08 1 -0.707107 -3.09086e-08 0.707107 -0.707107 -3.09086e-08 0.707107 -0.707107 -3.09086e-08 0.707107 -0.707107 -3.09086e-08 0.707107 -0.707107 -3.09086e-08 0.707107 -0.707107 -3.09086e-08 0.707107 0 -0.707107 0.707107 0 -0.707107 0.707107 0 -0.707107 0.707107 0 -0.707107 0.707107 0.707107 -3.09086e-08 0.707107 0.707107 -3.09086e-08 0.707107 0.707107 -3.09086e-08 0.707107 0.707107 -3.09086e-08 0.707107 0.707107 -3.09086e-08 0.707107 0.707107 -3.09086e-08 0.707107 0 0.707107 0.707107 0 0.707107 0.707107 0 0.707107 0.707107 0 0.707107 0.707107 0.707107 -3.09086e-08 0.707107 0.707107 -3.09086e-08 0.707107 0.707107 -3.09086e-08 0.707107 0.707107 -3.09086e-08 0.707107 0.707107 -3.09086e-08 0.707107 0.707107 -3.09086e-08 0.707107 0 0.707107 0.707107 0 0.707107 0.707107 0 0.707107 0.707107 0 0.707107 0.707107 -0.707107 -3.09086e-08 0.707107 -0.707107 -3.09086e-08 0.707107 -0.707107 -3.09086e-08 0.707107 -0.707107 -3.09086e-08 0.707107 -0.707107 -3.09086e-08 0.707107 -0.707107 -3.09086e-08 0.707107 0 -0.707107 0.707107 0 -0.707107 0.707107 0 -0.707107 0.707107 0 -0.707107 0.707107 0 4.37114e-08 -1 0 4.37114e-08 -1 0 4.37114e-08 -1 0 4.37114e-08 -1 1 1.10687e-07 -2.66406e-14 1 1.10687e-07 -2.66309e-14 1 1.10687e-07 -1.38938e-14 1 1.10687e-07 -1.12893e-14 -1 0 0 -1 0 0 1 1.10687e-07 7.44272e-15 1 1.10687e-07 1.00472e-14 -1 0 0 -1 0 0 -1 0 0 -1 0 0 -1 0 0 -0.989458 6.3304e-09 -0.144823 -0.989457 6.33047e-09 -0.144824 -0.142856 -4.32631e-08 0.989744 -0.328007 -4.12931e-08 0.944675 -0.314484 -4.14936e-08 0.949263 -0.142856 -4.32631e-08 0.989744 -0.142849 -5.59159e-08 0.989744 -0.328003 -6.32616e-08 0.944677 -0.314482 -6.19279e-08 0.949263 -0.142854 -5.81714e-08 0.989744 -0.989458 6.3304e-09 -0.144823 -0.958053 1.25273e-08 -0.286592 -0.547466 -3.65789e-08 0.836828 -0.743977 -2.92082e-08 0.668206 -0.547466 -3.65789e-08 0.836828 -0.919307 -1.72023e-08 0.393542 -0.943805 -1.44468e-08 0.330504 -0.547474 -4.86604e-08 0.836823 -0.743979 -4.15299e-08 0.668203 -0.547476 -4.96449e-08 0.836821 -0.919306 -2.81226e-08 0.393543 -0.943805 -2.12208e-08 0.330503 -0.989457 6.33047e-09 -0.144824 -0.958052 1.25275e-08 -0.286595 -0.50122 3.78243e-08 -0.86532 -0.327992 4.12933e-08 -0.944681 -0.31447 4.14938e-08 -0.949268 -0.50122 3.78243e-08 -0.86532 -0.501261 3.78233e-08 -0.865296 -0.328 4.12932e-08 -0.944678 -0.314468 4.14938e-08 -0.949268 -0.501247 3.78236e-08 -0.865304 0 4.37114e-08 -1 0 4.37114e-08 -1 0 4.37114e-08 -1 0 4.37114e-08 -1 -1 1.10687e-07 7.6446e-15 -1 1.10687e-07 1.15998e-14 -1 1.10687e-07 1.42043e-14 -1 1.10687e-07 8.95654e-15 1 0 0 1 0 0 -1 1.10687e-07 -3.70643e-16 -1 1.10687e-07 4.83827e-15 1 0 0 1 0 0 1 0 0 1 0 0 -4.74369e-16 -7.13831e-08 1 -4.74369e-16 -7.13831e-08 1 0.989458 6.3304e-09 -0.144823 1 0 0 0.989457 6.33047e-09 -0.144824 0.328007 -4.12931e-08 0.944675 0.142856 -4.32631e-08 0.989744 0.142856 -4.32631e-08 0.989744 0.314484 -4.14936e-08 0.949263 0.328003 -6.32616e-08 0.944677 0.142849 -5.5916e-08 0.989744 0.142854 -5.81714e-08 0.989744 0.314482 -6.19279e-08 0.949263 0.958053 1.25273e-08 -0.286592 0.989458 6.3304e-09 -0.144823 0.743977 -2.92082e-08 0.668206 0.547466 -3.65789e-08 0.836828 0.547466 -3.65789e-08 0.836828 0.943805 -1.44468e-08 0.330504 0.919307 -1.72023e-08 0.393542 0.743979 -4.153e-08 0.668203 0.547474 -4.86603e-08 0.836823 0.547476 -4.96449e-08 0.836821 0.943805 -2.12208e-08 0.330503 0.919306 -2.81226e-08 0.393543 0.958052 1.25275e-08 -0.286595 0.989457 6.33047e-09 -0.144824 0.327992 4.12933e-08 -0.944681 0.50122 3.78243e-08 -0.86532 0.50122 3.78243e-08 -0.86532 0.31447 4.14938e-08 -0.949268 0.328 4.12932e-08 -0.944678 0.501261 3.78233e-08 -0.865296 0.501247 3.78236e-08 -0.865304 0.314468 4.14938e-08 -0.949268 0 4.37114e-08 -1 0 4.37114e-08 -1 0 4.37114e-08 -1 0 4.37114e-08 -1 0 4.37114e-08 -1 0 4.37114e-08 -1 -0.893184 5.82354e-08 0.449691 -0.893184 1.18273e-07 0.449691 -0.893184 8.82542e-08 0.449691 -0.893184 8.82542e-08 0.449691 -0.721219 -6.66384e-08 0.692707 -0.721219 -8.67836e-08 0.692708 -0.721218 -7.65509e-08 0.692708 -0.721218 -7.65509e-08 0.692708 -0.893185 -1.96566e-08 0.44969 -0.893185 -1.96566e-08 0.44969 -0.893185 -1.96566e-08 0.44969 -0.893185 -1.96566e-08 0.44969 0.650395 3.3203e-08 -0.759597 0.650395 3.3203e-08 -0.759597 0.650395 3.3203e-08 -0.759597 0.650395 3.3203e-08 -0.759597 -0.989093 4.55843e-08 0.147291 -0.996213 7.28643e-08 -0.0869475 -0.997181 6.51234e-08 -0.0750343 -0.989094 5.4961e-08 0.147287 -0.558696 1.27221e-07 -0.829373 -0.558695 8.12547e-08 -0.829373 -0.558696 1.04238e-07 -0.829373 -0.558695 1.04238e-07 -0.829373 0.562305 9.81684e-09 -0.82693 0.562305 -8.27027e-09 -0.82693 0.562305 7.73292e-10 -0.82693 0.562305 7.73292e-10 -0.82693 -0.911369 -6.66105e-08 0.41159 -0.911369 -8.25652e-08 0.411591 -0.911368 -7.4588e-08 0.411593 -0.911368 -7.4588e-08 0.411593 -0.457899 -1.73943e-08 -0.889004 -0.457899 -1.73943e-08 -0.889004 -0.457899 -1.73942e-08 -0.889004 -0.457899 -1.73942e-08 -0.889004 -0.989093 -6.43842e-09 0.147294 -0.996213 3.80039e-09 -0.0869427 -0.997181 3.2796e-09 -0.0750285 -0.989093 -6.43841e-09 0.147294 -0.558693 3.62531e-08 -0.829375 -0.558693 3.62531e-08 -0.829375 -0.558693 3.62531e-08 -0.829375 -0.558693 3.62531e-08 -0.829375 0.650394 6.04361e-08 -0.759597 0.650395 8.42291e-08 -0.759597 0.650395 7.23326e-08 -0.759596 0.650395 7.23326e-08 -0.759596 0.983867 7.82016e-09 -0.178904 0.983867 7.82016e-09 -0.178904 0.983867 7.82016e-09 -0.178904 0.983867 7.82016e-09 -0.178904 -0.948623 6.77836e-08 -0.31641 -0.948623 7.25997e-08 -0.316409 -0.997181 6.51234e-08 -0.0750343 0.997757 3.03619e-09 -0.0669341 0.997757 3.03459e-09 -0.0669341 0.997757 3.03539e-09 -0.0669342 0.997757 3.03539e-09 -0.0669342 -0.972515 -4.54184e-08 -0.23284 -0.972515 -5.49254e-08 -0.23284 -0.972515 -5.01719e-08 -0.232839 -0.972515 -5.01719e-08 -0.232839 -0.948624 1.38305e-08 -0.316404 -0.948624 1.38305e-08 -0.316404 -0.997181 3.2796e-09 -0.0750285 0.983866 6.6852e-08 -0.178905 0.983866 6.81791e-08 -0.178905 0.983866 6.75156e-08 -0.178906 0.983866 6.75156e-08 -0.178906 -1 0 0 -1 0 0 -1 0 0 0 -4.37114e-08 1 0 -4.37114e-08 1 0 -4.37114e-08 1 0 -4.37114e-08 1 0 -4.37114e-08 1 0 -4.37114e-08 1 1 1.10687e-07 4.83827e-15 1 1.10687e-07 7.46215e-15 -1 0 0 -1 0 0 -1 0 0 -1 0 0 0 4.37114e-08 -1 0 4.37114e-08 -1 0 4.37114e-08 -1 0 4.37114e-08 -1 -0.989457 -6.33047e-09 0.144824 -0.989457 -9.18948e-09 0.144824 -0.142856 4.32631e-08 -0.989744 -0.142856 4.32631e-08 -0.989744 -0.142827 4.32632e-08 -0.989748 -0.142827 4.32632e-08 -0.989748 -0.547489 3.65783e-08 -0.836813 -0.743983 2.92079e-08 -0.668199 -0.547489 3.65783e-08 -0.836813 -0.943805 1.44467e-08 -0.330502 -0.919305 1.72024e-08 -0.393545 -0.958052 -1.25275e-08 0.286595 -0.989457 -6.33047e-09 0.144824 -0.958052 -1.51851e-08 0.286593 -0.989457 -9.18948e-09 0.144824 -0.54746 -6.81529e-08 -0.836832 -0.74398 -2.08902e-08 -0.668202 -0.547474 -7.60459e-08 -0.836823 -0.943805 1.44468e-08 -0.330504 -0.919307 1.72023e-08 -0.393542 -0.501247 -3.78237e-08 0.865304 -0.501247 -3.78236e-08 0.865304 -0.501247 -6.38692e-08 0.865304 -0.501246 -6.37991e-08 0.865305 1 0 0 1 0 0 1 0 0 0 -4.37114e-08 1 0 -4.37114e-08 1 0 -4.37114e-08 1 0 -4.37114e-08 1 0 -4.37114e-08 1 0 -4.37114e-08 1 0 -4.37114e-08 1 0 -4.37114e-08 1 -1 1.10687e-07 -5.65724e-15 -1 1.10687e-07 -8.28112e-15 1 0 0 1 0 0 1 0 0 1 0 0 0.989457 -6.33047e-09 0.144824 0.989457 -9.30861e-09 0.144824 0.142856 4.32631e-08 -0.989744 0.142856 4.32631e-08 -0.989744 0.142827 4.32632e-08 -0.989748 0.142827 4.32632e-08 -0.989748 0.547489 3.65783e-08 -0.836813 0.547489 3.65783e-08 -0.836813 0.743983 2.92079e-08 -0.668199 0.919305 1.72024e-08 -0.393545 0.943805 1.44467e-08 -0.330502 0.989457 -6.33047e-09 0.144824 0.958052 -1.25275e-08 0.286595 0.989457 -9.30861e-09 0.144824 0.958052 -1.52958e-08 0.286593 0.54746 -6.81529e-08 -0.836832 0.547474 -7.60459e-08 -0.836823 0.74398 -2.08902e-08 -0.668202 0.919307 1.72023e-08 -0.393542 0.943805 1.44468e-08 -0.330504 0.501247 -3.78236e-08 0.865304 0.501247 -3.78236e-08 0.865304 0.501247 -6.38692e-08 0.865304 0.501246 -6.37991e-08 0.865305 0 4.37114e-08 -1 0 4.37114e-08 -1 0 4.37114e-08 -1 0 4.37114e-08 -1 0.893185 -1.96566e-08 0.44969 0.893185 -1.96566e-08 0.44969 0.893185 -2.11916e-08 0.44969 0.893185 -1.96566e-08 0.44969 0.893185 -1.96566e-08 0.44969 0.721218 -7.65509e-08 0.692708 0.721218 -7.65509e-08 0.692708 0.721218 -7.72986e-08 0.692708 0.721219 -8.63897e-08 0.692707 0.721219 -6.63918e-08 0.692707 0.893184 8.83674e-08 0.449691 0.893184 8.83675e-08 0.449691 0.893184 2.22603e-08 0.449691 0.893184 1.18273e-07 0.449691 0.893184 5.82356e-08 0.449691 0.989093 -6.43842e-09 0.147294 0.997181 3.2796e-09 -0.0750285 0.996213 3.80039e-09 -0.0869427 0.996213 3.80038e-09 -0.0869427 0.989093 -6.43841e-09 0.147294 0.558693 3.62531e-08 -0.829375 0.558693 3.62531e-08 -0.829375 0.558693 3.62531e-08 -0.829375 0.558693 3.62531e-08 -0.829375 -0.650395 7.23326e-08 -0.759596 -0.650395 7.23326e-08 -0.759596 -0.650395 8.4229e-08 -0.759597 -0.650394 6.04362e-08 -0.759597 0.911368 -7.4588e-08 0.411593 0.911368 -7.4588e-08 0.411593 0.911368 -7.45879e-08 0.411593 0.911369 -8.25654e-08 0.411591 0.911369 -6.66103e-08 0.41159 0.457899 -1.73942e-08 -0.889004 0.457899 -1.73942e-08 -0.889004 0.457899 -1.73943e-08 -0.889004 0.457899 -1.73943e-08 -0.889004 -0.562305 7.73292e-10 -0.82693 -0.562305 7.73292e-10 -0.82693 -0.562305 -8.27015e-09 -0.82693 -0.562305 9.81672e-09 -0.82693 -0.650394 3.3203e-08 -0.759597 -0.650394 3.3203e-08 -0.759597 -0.650395 3.3203e-08 -0.759597 -0.650394 3.3203e-08 -0.759597 0.989094 5.4961e-08 0.147287 0.997181 6.51234e-08 -0.0750343 0.996213 6.55811e-08 -0.0869484 0.996213 7.28647e-08 -0.0869475 0.989093 4.55838e-08 0.147291 0.558696 1.04238e-07 -0.829373 0.558696 1.04238e-07 -0.829373 0.558696 8.12548e-08 -0.829373 0.558696 1.27221e-07 -0.829373 0.997181 3.2796e-09 -0.0750285 0.948624 1.38305e-08 -0.316404 0.948624 1.38305e-08 -0.316404 -0.983866 6.75156e-08 -0.178906 -0.983866 6.75156e-08 -0.178906 -0.983866 6.81792e-08 -0.178905 -0.983866 6.68519e-08 -0.178905 0.972515 -5.01719e-08 -0.232839 0.972515 -5.01719e-08 -0.232839 0.972515 -5.48577e-08 -0.23284 0.972515 -4.53602e-08 -0.23284 -0.997757 3.07192e-09 -0.0669342 -0.997757 3.07192e-09 -0.0669342 -0.997757 3.07352e-09 -0.0669341 -0.997757 3.07033e-09 -0.0669342 -0.983867 7.82016e-09 -0.178904 -0.983867 7.82016e-09 -0.178904 -0.983867 7.82016e-09 -0.178904 -0.983867 7.82016e-09 -0.178904 0.997181 6.51234e-08 -0.0750343 0.948623 7.25997e-08 -0.316409 0.948623 6.77834e-08 -0.31641 0 -4.37114e-08 1 0 -4.37114e-08 1 0 -4.37114e-08 1 0 -4.37114e-08 1 0 -4.37114e-08 1 0 -4.37114e-08 1 0 -4.37114e-08 1 0 -4.37114e-08 1 0 -4.37114e-08 1 0 -4.37114e-08 1 0 -4.37114e-08 1 0 -4.37114e-08 1 0 -4.37114e-08 1 0 -4.37114e-08 1 0 -4.37114e-08 1 0 -4.37114e-08 1 0 -4.37114e-08 1 0 -4.37114e-08 1 0 -4.37114e-08 1 0 -4.37114e-08 1 0 -4.37114e-08 1 0 -4.37114e-08 1 0 -4.37114e-08 1 0 -4.37114e-08 1 0 -4.37114e-08 1 0 -4.37114e-08 1 0 -4.37114e-08 1 0 -4.37114e-08 1 0 -4.37114e-08 1 0 -4.37114e-08 1 0 -4.37114e-08 1 0 -4.37114e-08 1 -0.707107 -3.09086e-08 0.707107 -0.707107 -3.09086e-08 0.707107 -0.707107 -3.09086e-08 0.707107 -0.707107 -3.09086e-08 0.707107 0 -0.707107 0.707107 0 -0.707107 0.707107 0 -0.707107 0.707107 0 -0.707107 0.707107 0.707107 -3.09086e-08 0.707107 0.707107 -3.09086e-08 0.707107 0.707107 -3.09086e-08 0.707107 0.707107 -3.09086e-08 0.707107 0 0.707107 0.707107 0 0.707107 0.707107 0 0.707107 0.707107 0 0.707107 0.707107 -0.707107 6.38569e-08 0.707107 -0.707107 6.38569e-08 0.707107 -0.707107 6.38569e-08 0.707107 -0.707107 6.38569e-08 0.707107 0 -0.707107 0.707107 0 -0.707107 0.707107 0 -0.707107 0.707107 0 -0.707107 0.707107 0.707107 -3.09086e-08 0.707107 0.707107 -3.09086e-08 0.707107 0.707107 -3.09086e-08 0.707107 0.707107 -3.09086e-08 0.707107 0 0.707107 0.707107 0 0.707107 0.707107 0 0.707107 0.707107 0 0.707107 0.707107 0.707107 -3.09086e-08 0.707107 0.707107 -3.09086e-08 0.707107 0.707107 -3.09086e-08 0.707107 0.707107 -3.09086e-08 0.707107 0 0.707107 0.707107 0 0.707107 0.707107 0 0.707107 0.707107 0 0.707107 0.707107 -0.707107 6.38569e-08 0.707107 -0.707107 6.38569e-08 0.707107 -0.707107 -3.09086e-08 0.707107 -0.707107 -3.09086e-08 0.707107 0 -0.707107 0.707107 0 -0.707107 0.707107 0 -0.707107 0.707107 0 -0.707107 0.707107 0 -4.37114e-08 1 0 -4.37114e-08 1 0 -4.37114e-08 1 0 -4.37114e-08 1 0 -4.37114e-08 1 0 -4.37114e-08 1 0 -4.37114e-08 1 0 -4.37114e-08 1 0 -4.37114e-08 1 0 -4.37114e-08 1 0 -4.37114e-08 1 0 -4.37114e-08 1 0 -4.37114e-08 1 0 -4.37114e-08 1 0.707107 5.48213e-08 0.707107 0.707107 1.19563e-08 0.707107 0.707107 1.19563e-08 0.707107 0.707107 5.48213e-08 0.707107 0.707107 -3.09086e-08 0.707107 0.707107 -3.09086e-08 0.707107 0 0.707107 0.707107 0 0.707107 0.707107 0 0.707107 0.707107 0 0.707107 0.707107 -0.707107 -3.09086e-08 0.707107 -0.707107 -3.09086e-08 0.707107 -0.707107 -3.09086e-08 0.707107 -0.707107 -3.09086e-08 0.707107 -0.707107 -3.09086e-08 0.707107 -0.707107 -3.09086e-08 0.707107 0 -0.707107 0.707107 0 -0.707107 0.707107 0 -0.707107 0.707107 0 -0.707107 0.707107 -0.893184 -1.96566e-08 0.449691 -0.721219 -3.3686e-08 0.692707 -0.893185 -1.96566e-08 0.44969 -0.911369 -1.06641e-07 0.41159 0 -4.37114e-08 1 0 -4.37114e-08 1 0 -4.37114e-08 1 0 -4.37114e-08 1 0 -4.37114e-08 1 0 -4.37114e-08 1 0.707107 -3.09086e-08 0.707107 0.707107 -3.09086e-08 0.707107 -0.707107 1.58622e-07 0.707107 -0.707107 1.58622e-07 0.707107 0 -4.37114e-08 1 0 -4.37114e-08 1 0 -4.37114e-08 1 0 -4.37114e-08 1 0 -4.37114e-08 1 0 -4.37114e-08 1 0 -4.37114e-08 1 0 -4.37114e-08 1 0 -4.37114e-08 1 0 -4.37114e-08 1 0 -4.37114e-08 1 0 -4.37114e-08 1 0 -4.37114e-08 1 0 -4.37114e-08 1 0 -4.37114e-08 1 0 -4.37114e-08 1 0 -4.37114e-08 1 0 -4.37114e-08 1 0.707107 2.09245e-07 0.707107 0.707107 2.09245e-07 0.707107 0.707107 2.09245e-07 0.707107 0.707107 2.09245e-07 0.707107 0 0.707107 0.707107 0 0.707107 0.707107 0 0.707107 0.707107 0 0.707107 0.707107 -0.707107 -3.09086e-08 0.707107 -0.707107 -3.09086e-08 0.707107 -0.707107 -3.09086e-08 0.707107 -0.707107 -3.09086e-08 0.707107 0 -0.707107 0.707107 0 -0.707107 0.707107 0 -0.707107 0.707107 0 -0.707107 0.707107 0.707107 -3.09086e-08 0.707107 0.707107 -3.09086e-08 0.707107 0.707107 -3.09086e-08 0.707107 0.707107 -3.09086e-08 0.707107 0 0.707107 0.707107 0 0.707107 0.707107 0 0.707107 0.707107 0 0.707107 0.707107 -0.707107 -3.09086e-08 0.707107 -0.707107 -3.09086e-08 0.707107 -0.707107 -3.09086e-08 0.707107 -0.707107 -3.09086e-08 0.707107 0 -0.707107 0.707107 0 -0.707107 0.707107 0 -0.707107 0.707107 0 -0.707107 0.707107 -0.741239 0.671238 0.00213585 -0.741195 0.671287 0.00212992 -0.758037 0.652196 0.00443519 -0.758037 0.652196 0.00443519 -0.00641626 0.680262 0.732941 -0.00646553 0.680052 0.733135 -0.0128747 0.652226 0.757916 -0.0128747 0.652226 0.757916 -0.0128745 0.652235 -0.757907 -0.0128745 0.652235 -0.757907 -0.00646546 0.68006 -0.733128 -0.00641619 0.68027 -0.732934 0.00646546 0.68006 -0.733128 0.00641619 0.68027 -0.732934 -0.768399 0.63997 -0.000320389 -0.760367 0.649493 -0.00031369 -0.732724 0.680526 -0.000219932 -0.736895 0.676007 -0.000246388 -0.782681 0.622423 -0.000332429 -0.782681 0.622423 -0.000332429 0.00641626 0.680262 0.732941 0.00646553 0.680052 0.733135 0.758037 0.652196 0.00443519 0.758037 0.652196 0.00443519 0.741195 0.671287 0.00212992 0.741239 0.671238 0.00213585 0.0128747 0.652226 0.757916 0.0128747 0.652226 0.757916 0.0128745 0.652235 -0.757907 0.0128745 0.652235 -0.757907 0.736895 0.676007 -0.000246388 0.732724 0.680526 -0.000219932 0.760367 0.649493 -0.00031369 0.768399 0.63997 -0.000320389 0.782681 0.622423 -0.000332429 0.782681 0.622423 -0.000332429 -0.758037 -0.652196 0.00443514 -0.758037 -0.652196 0.00443514 -0.741195 -0.671287 0.00212986 -0.741239 -0.671238 0.00213579 -0.0128747 -0.652226 0.757915 -0.0128747 -0.652226 0.757915 -0.00646553 -0.680052 0.733135 -0.00641626 -0.680262 0.732941 -0.00641621 -0.68027 -0.732934 -0.00646547 -0.680059 -0.733128 -0.0128746 -0.652235 -0.757908 -0.0128746 -0.652235 -0.757908 -0.736895 -0.676007 -0.000246183 -0.732724 -0.680526 -0.000219813 -0.760367 -0.649493 -0.000313478 -0.768399 -0.63997 -0.000320272 -0.782681 -0.622423 -0.000332483 -0.782681 -0.622423 -0.000332483 0.00641621 -0.68027 -0.732934 0.00646547 -0.68006 -0.733128 0.741239 -0.671238 0.00213579 0.741195 -0.671287 0.00212986 0.758037 -0.652196 0.00443514 0.758037 -0.652196 0.00443514 0.00641626 -0.680262 0.732941 0.00646553 -0.680052 0.733135 0.0128747 -0.652226 0.757915 0.0128747 -0.652226 0.757915 0.0128746 -0.652235 -0.757907 0.0128746 -0.652235 -0.757907 0.768399 -0.63997 -0.000320272 0.760367 -0.649493 -0.000313478 0.732724 -0.680526 -0.000219813 0.736895 -0.676007 -0.000246183 0.782681 -0.622423 -0.000332483 0.782681 -0.622423 -0.000332483 0.257888 -0.528955 0.808518 0.230487 -0.619146 0.75069 -0.230487 -0.619146 0.75069 -0.257888 -0.528955 0.808518 0.528957 0.257882 0.808518 0.619148 0.230482 0.750689 0.619148 -0.230482 0.750689 0.528957 -0.257882 0.808518 -0.257888 0.528954 0.808518 -0.230487 0.619146 0.75069 0.230487 0.619146 0.75069 0.257888 0.528954 0.808518 -0.528957 -0.257882 0.808518 -0.619148 -0.230482 0.750689 -0.619148 0.230482 0.750689 -0.528957 0.257882 0.808518 0.916048 -0.200375 0.347426 0.916048 0.200375 0.347426 0.995133 4.30733e-09 -0.0985402 0.995133 4.30733e-09 -0.0985402 -0.19999 -0.916386 0.346756 0.199824 -0.916532 0.346468 0 -1 -4.37114e-08 0 -1 -4.37114e-08 0.199824 0.916532 0.346468 -0.19999 0.916386 0.346756 0 1 4.37114e-08 0 1 4.37114e-08 -0.916048 0.200375 0.347426 -0.916048 -0.200375 0.347426 -0.995134 -4.30704e-09 0.0985337 -0.995134 -4.30704e-09 0.0985337 0.284114 -0.744574 0.60406 -0.284114 -0.744574 0.60406 0.744578 0.28411 0.604058 0.744578 -0.28411 0.604058 -0.284114 0.744574 0.60406 0.284114 0.744574 0.60406 -0.744578 -0.28411 0.604058 -0.744578 0.28411 0.604058 0.230486 -0.619146 0.750689 -0.230486 -0.619146 0.750689 -0.257885 -0.528958 0.808516 0.257885 -0.528958 0.808517 -0.619147 -0.230484 0.750689 -0.619147 0.230484 0.750689 -0.528957 0.257885 0.808517 -0.528957 -0.257885 0.808517 -0.230486 0.619146 0.750689 0.230486 0.619146 0.750689 0.257885 0.528958 0.808517 -0.257885 0.528958 0.808517 0.619147 0.230484 0.750689 0.619147 -0.230484 0.750689 0.528957 -0.257885 0.808517 0.528957 0.257884 0.808517 -0.916048 -0.200375 0.347426 -0.995133 4.30733e-09 -0.0985402 -0.995133 4.30733e-09 -0.0985402 -0.916048 0.200375 0.347426 0 -1 -4.37114e-08 -0.199824 -0.916532 0.346468 0.19999 -0.916386 0.346756 0 -1 -4.37114e-08 0 1 4.37114e-08 0.19999 0.916386 0.346756 -0.199824 0.916532 0.346468 0 1 4.37114e-08 0.995134 -4.30704e-09 0.0985337 0.916048 -0.200375 0.347426 0.916048 0.200375 0.347426 0.995134 -4.30704e-09 0.0985337 0.284114 -0.744574 0.60406 -0.284114 -0.744574 0.60406 -0.744578 -0.28411 0.604058 -0.744578 0.28411 0.604058 -0.284114 0.744574 0.60406 0.284114 0.744574 0.60406 0.744578 0.28411 0.604058 0.744578 -0.28411 0.604058 0 -1 -4.37114e-08 0 -1 -4.37114e-08 0 -1 -4.37114e-08 0 -1 -4.37114e-08 0.0985402 4.34986e-08 -0.995133 -0.0985402 4.34986e-08 -0.995133 -0.0985402 4.34986e-08 -0.995133 0.0985402 4.34986e-08 -0.995133 0 1 4.37114e-08 0 1 4.37114e-08 0 1 4.37114e-08 0 1 4.37114e-08 -0.0985402 -4.34986e-08 0.995133 0.0985402 -4.34986e-08 0.995133 0.0985402 -4.34986e-08 0.995133 -0.0985402 -4.34986e-08 0.995133 0 -1 -4.37114e-08 0 -1 -4.37114e-08 0.98058 8.57273e-09 -0.196121 0.98058 8.57273e-09 -0.196121 0 1 4.37114e-08 0 1 4.37114e-08 -0.980582 -8.57217e-09 0.196108 -0.980582 -8.57217e-09 0.196108 -0.98058 8.57273e-09 -0.196121 -0.98058 8.57273e-09 -0.196121 0 -1 -4.37114e-08 0 -1 -4.37114e-08 0 1 4.37114e-08 0 1 4.37114e-08 0.980582 -8.57217e-09 0.196108 0.980582 -8.57217e-09 0.196108 0 -1 -4.37114e-08 0 -1 -4.37114e-08 0.707107 3.09086e-08 -0.707107 0.707107 3.09086e-08 -0.707107 0.707107 3.09086e-08 -0.707107 0.707107 3.09086e-08 -0.707107 0.196121 4.28625e-08 -0.98058 0.196121 4.28625e-08 -0.98058 0 1 4.37114e-08 0 1 4.37114e-08 -0.707099 -3.0909e-08 0.707115 -0.707099 -3.0909e-08 0.707115 -0.707099 -3.0909e-08 0.707115 -0.707099 -3.0909e-08 0.707115 -0.196121 -4.28625e-08 0.98058 -0.196121 -4.28625e-08 0.98058 -0.707107 3.09086e-08 -0.707107 -0.707107 3.09086e-08 -0.707107 -0.707107 3.09086e-08 -0.707107 -0.707107 3.09086e-08 -0.707107 -0.196121 4.28625e-08 -0.98058 -0.196121 4.28625e-08 -0.98058 0 -1 -4.37114e-08 0 -1 -4.37114e-08 0 1 4.37114e-08 0 1 4.37114e-08 0.707099 -3.0909e-08 0.707115 0.707099 -3.0909e-08 0.707115 0.707099 -3.0909e-08 0.707115 0.707099 -3.0909e-08 0.707115 0.196121 -4.28625e-08 0.98058 0.196121 -4.28625e-08 0.98058 0.257888 -0.528955 0.808518 0.230487 -0.619146 0.75069 0.528957 0.257882 0.808518 -0.257888 0.528954 0.808518 -0.761504 -0.64815 -0.00373903 -0.761504 -0.64815 -0.00373903 -0.760986 -0.646714 0.0515802 -0.758774 -0.644004 0.0975742 0.759883 -0.650037 -0.00549221 0.759883 -0.650037 -0.00549221 0.759696 -0.647721 -0.0576091 0.757986 -0.644483 -0.100496 0.759883 0.650037 -0.00549216 0.759883 0.650037 -0.00549216 0.757986 0.644483 -0.100496 0.759696 0.647721 -0.057609 -0.761504 0.64815 -0.00373897 -0.761504 0.64815 -0.00373897 -0.758774 0.644004 0.0975743 -0.760986 0.646714 0.0515803 0.284114 -0.744574 0.60406 -0.619148 -0.230482 0.750689 -0.528957 -0.257882 0.808518 -0.257888 -0.528955 0.808518 0.199824 -0.916532 0.346468 -0.230486 -0.619146 0.750689 -0.257885 -0.528958 0.808516 0.257885 -0.528958 0.808517 -0.230486 0.619146 0.750689 -0.257885 0.528958 0.808517 -0.528957 0.257885 0.808517 0.619147 0.230484 0.750689 0.528957 0.257884 0.808517 0.257885 0.528958 0.808517 -0.757986 -0.644483 -0.100496 -0.759696 -0.647721 -0.0576091 -0.759883 -0.650037 -0.00549221 -0.759883 -0.650037 -0.00549221 0.758774 -0.644004 0.0975743 0.760986 -0.646714 0.0515802 0.761504 -0.64815 -0.00373903 0.761504 -0.64815 -0.00373903 -0.759696 0.647721 -0.057609 -0.757986 0.644483 -0.100496 -0.759883 0.650037 -0.00549216 -0.759883 0.650037 -0.00549216 0.760986 0.646714 0.0515803 0.758774 0.644004 0.0975743 0.761504 0.64815 -0.00373897 0.761504 0.64815 -0.00373897 -0.284114 -0.744574 0.60406 -0.199824 -0.916532 0.346468 -0.0987332 -0.620726 0.777786 -0.054183 -0.602425 0.796334 0.054183 -0.602425 0.796334 0.0987332 -0.620726 0.777786 0.0987332 -0.620726 -0.777786 0.054183 -0.602425 -0.796335 -0.0541834 -0.602424 -0.796335 -0.098734 -0.620725 -0.777787 0.054183 0.602425 -0.796334 0.0987332 0.620726 -0.777786 -0.098734 0.620725 -0.777787 -0.0541834 0.602424 -0.796335 -0.054183 0.602425 0.796335 -0.0987333 0.620726 0.777786 0.0987333 0.620726 0.777786 0.054183 0.602425 0.796335 0.359364 -0.69491 -0.622862 0.313061 -0.686162 -0.656639 0.313061 0.686162 -0.656639 0.359364 0.694911 -0.622862 -0.35936 -0.69491 0.622864 -0.313058 -0.686161 0.656641 -0.313058 0.686161 0.656641 -0.35936 0.69491 0.622864 -0.622989 -0.694579 -0.359785 -0.657309 -0.68559 -0.312907 -0.657309 0.68559 -0.312907 -0.622989 0.694579 -0.359785 0.622988 -0.694582 0.359781 0.65731 -0.685592 0.312902 0.65731 0.685592 0.312902 0.622988 0.694582 0.359782 0.657309 -0.685592 -0.312904 0.622988 -0.694581 -0.359781 0.622988 0.694581 -0.359781 0.657309 0.685592 -0.312904 -0.65731 -0.685592 0.312902 -0.622988 -0.694582 0.359782 -0.622988 0.694582 0.359782 -0.65731 0.685592 0.312902 -0.313064 -0.686159 -0.656641 -0.359362 -0.694906 -0.622868 -0.359362 0.694906 -0.622868 -0.313064 0.686159 -0.65664 0.313058 -0.686161 0.656641 0.359361 -0.69491 0.622864 0.35936 0.69491 0.622865 0.313058 0.686161 0.656641 0.257888 -0.528955 0.808518 0.230487 -0.619146 0.75069 -0.230487 -0.619146 0.75069 -0.257888 -0.528955 0.808518 0.528957 0.257882 0.808518 0.619148 0.230482 0.750689 0.619148 -0.230482 0.750689 0.528957 -0.257882 0.808518 -0.257888 0.528954 0.808518 -0.230487 0.619145 0.75069 0.230487 0.619145 0.75069 0.257888 0.528954 0.808518 -0.528957 -0.257882 0.808518 -0.619148 -0.230482 0.750689 -0.619148 0.230482 0.750689 -0.528957 0.257882 0.808518 0.916048 -0.200375 0.347426 0.916048 0.200375 0.347426 0.995133 4.30733e-09 -0.0985402 0.995133 4.30733e-09 -0.0985402 -0.19999 -0.916386 0.346756 0.199824 -0.916532 0.346468 0 -1 -4.37114e-08 0 -1 -4.37114e-08 0.199824 0.916532 0.346468 -0.19999 0.916386 0.346756 0 1 4.37114e-08 0 1 4.37114e-08 -0.916048 0.200375 0.347426 -0.916048 -0.200375 0.347426 -0.995134 -4.30704e-09 0.0985337 -0.995134 -4.30704e-09 0.0985337 0.284114 -0.744574 0.60406 -0.284114 -0.744574 0.60406 0.744578 0.28411 0.604058 0.744578 -0.28411 0.604058 -0.284114 0.744574 0.60406 0.284114 0.744574 0.60406 -0.744578 -0.28411 0.604058 -0.744578 0.28411 0.604058 0.230486 -0.619146 0.750689 -0.230486 -0.619146 0.750689 -0.257885 -0.528958 0.808516 0.257885 -0.528958 0.808517 -0.619147 -0.230484 0.750689 -0.619147 0.230484 0.750689 -0.528957 0.257885 0.808517 -0.528957 -0.257885 0.808517 -0.230486 0.619146 0.750689 0.230486 0.619146 0.750689 0.257885 0.528958 0.808517 -0.257885 0.528958 0.808517 0.619147 0.230484 0.750689 0.619147 -0.230484 0.750689 0.528957 -0.257885 0.808517 0.528957 0.257884 0.808517 -0.916048 -0.200375 0.347426 -0.995133 4.30733e-09 -0.0985402 -0.995133 4.30733e-09 -0.0985402 -0.916048 0.200375 0.347426 0 -1 -4.37114e-08 -0.199824 -0.916532 0.346468 0.19999 -0.916386 0.346756 0 -1 -4.37114e-08 0 1 4.37114e-08 0.19999 0.916386 0.346756 -0.199824 0.916532 0.346468 0 1 4.37114e-08 0.995134 -4.30704e-09 0.0985337 0.916048 -0.200375 0.347426 0.916048 0.200375 0.347426 0.995134 -4.30704e-09 0.0985337 0.284114 -0.744574 0.60406 -0.284114 -0.744574 0.60406 -0.744578 -0.28411 0.604058 -0.744578 0.28411 0.604058 -0.284114 0.744574 0.60406 0.284114 0.744574 0.60406 0.744578 0.28411 0.604058 0.744578 -0.28411 0.604058 0 -1 -4.37114e-08 0 -1 -4.37114e-08 0 -1 -4.37114e-08 0 -1 -4.37114e-08 0.0985402 4.34986e-08 -0.995133 -0.0985402 4.34986e-08 -0.995133 -0.0985402 4.34986e-08 -0.995133 0.0985402 4.34986e-08 -0.995133 0 1 4.37114e-08 0 1 4.37114e-08 0 1 4.37114e-08 0 1 4.37114e-08 -0.0985402 -4.34986e-08 0.995133 0.0985402 -4.34986e-08 0.995133 0.0985402 -4.34986e-08 0.995133 -0.0985402 -4.34986e-08 0.995133 0 -1 -4.37114e-08 0 -1 -4.37114e-08 0.98058 8.57273e-09 -0.196121 0.98058 8.57273e-09 -0.196121 0 1 4.37114e-08 0 1 4.37114e-08 -0.980582 -8.57217e-09 0.196108 -0.980582 -8.57217e-09 0.196108 -0.98058 8.57273e-09 -0.196121 -0.98058 8.57273e-09 -0.196121 0 -1 -4.37114e-08 0 -1 -4.37114e-08 0 1 4.37114e-08 0 1 4.37114e-08 0.980582 -8.57217e-09 0.196108 0.980582 -8.57217e-09 0.196108 0 -1 -4.37114e-08 0 -1 -4.37114e-08 0.707107 3.09086e-08 -0.707107 0.707107 3.09086e-08 -0.707107 0.707107 3.09086e-08 -0.707107 0.707107 3.09086e-08 -0.707107 0.196121 4.28625e-08 -0.98058 0.196121 4.28625e-08 -0.98058 0 1 4.37114e-08 0 1 4.37114e-08 -0.707099 -3.0909e-08 0.707115 -0.707099 -3.0909e-08 0.707115 -0.707099 -3.0909e-08 0.707115 -0.707099 -3.0909e-08 0.707115 -0.196121 -4.28625e-08 0.98058 -0.196121 -4.28625e-08 0.98058 -0.707107 3.09086e-08 -0.707107 -0.707107 3.09086e-08 -0.707107 -0.707107 3.09086e-08 -0.707107 -0.707107 3.09086e-08 -0.707107 -0.196121 4.28625e-08 -0.98058 -0.196121 4.28625e-08 -0.98058 0 -1 -4.37114e-08 0 -1 -4.37114e-08 0 1 4.37114e-08 0 1 4.37114e-08 0.707099 -3.0909e-08 0.707115 0.707099 -3.0909e-08 0.707115 0.707099 -3.0909e-08 0.707115 0.707099 -3.0909e-08 0.707115 0.196121 -4.28625e-08 0.98058 0.196121 -4.28625e-08 0.98058 0.257888 -0.528955 0.808518 0.230487 -0.619146 0.75069 0.528957 0.257882 0.808518 -0.257888 0.528954 0.808518 -0.761504 -0.64815 -0.00373903 -0.761504 -0.64815 -0.00373903 -0.760986 -0.646714 0.0515802 -0.758774 -0.644004 0.0975742 0.759883 -0.650037 -0.00549221 0.759883 -0.650037 -0.00549221 0.759696 -0.647721 -0.0576091 0.757986 -0.644483 -0.100496 0.759883 0.650037 -0.00549216 0.759883 0.650037 -0.00549216 0.757986 0.644483 -0.100496 0.759696 0.647721 -0.057609 -0.761504 0.64815 -0.00373897 -0.761504 0.64815 -0.00373897 -0.758774 0.644004 0.0975743 -0.760986 0.646714 0.0515803 0.284114 -0.744574 0.60406 -0.619148 -0.230482 0.750689 -0.528957 -0.257882 0.808518 -0.257888 -0.528955 0.808518 0.199824 -0.916532 0.346468 -0.230486 -0.619146 0.750689 -0.257885 -0.528958 0.808516 0.257885 -0.528958 0.808517 -0.230486 0.619146 0.750689 -0.257885 0.528958 0.808517 -0.528957 0.257885 0.808517 0.619147 0.230484 0.750689 0.528957 0.257884 0.808517 0.257885 0.528958 0.808517 -0.757986 -0.644483 -0.100496 -0.759696 -0.647721 -0.0576091 -0.759883 -0.650037 -0.00549221 -0.759883 -0.650037 -0.00549221 0.758774 -0.644004 0.0975743 0.760986 -0.646714 0.0515802 0.761504 -0.64815 -0.00373903 0.761504 -0.64815 -0.00373903 -0.759696 0.647721 -0.057609 -0.757986 0.644483 -0.100496 -0.759883 0.650037 -0.00549216 -0.759883 0.650037 -0.00549216 0.760986 0.646714 0.0515803 0.758774 0.644004 0.0975743 0.761504 0.64815 -0.00373897 0.761504 0.64815 -0.00373897 -0.284114 -0.744574 0.60406 -0.199824 -0.916532 0.346468 -0.0987332 -0.620726 0.777786 -0.054183 -0.602425 0.796334 0.054183 -0.602425 0.796334 0.0987332 -0.620726 0.777786 0.0987332 -0.620726 -0.777786 0.054183 -0.602425 -0.796335 -0.0541834 -0.602424 -0.796335 -0.098734 -0.620725 -0.777787 0.054183 0.602425 -0.796334 0.0987332 0.620726 -0.777786 -0.098734 0.620725 -0.777787 -0.0541834 0.602424 -0.796335 -0.054183 0.602425 0.796335 -0.0987333 0.620726 0.777786 0.0987333 0.620726 0.777786 0.054183 0.602425 0.796335 0.359364 -0.69491 -0.622862 0.313061 -0.686162 -0.656639 0.313061 0.686162 -0.656639 0.359364 0.694911 -0.622862 -0.35936 -0.69491 0.622864 -0.313058 -0.686161 0.656641 -0.313058 0.686161 0.656641 -0.35936 0.69491 0.622864 -0.622989 -0.694579 -0.359785 -0.657309 -0.68559 -0.312907 -0.657309 0.68559 -0.312907 -0.622989 0.694579 -0.359785 0.622988 -0.694582 0.359781 0.65731 -0.685592 0.312902 0.65731 0.685592 0.312902 0.622988 0.694582 0.359782 0.657309 -0.685592 -0.312904 0.622988 -0.694581 -0.359781 0.622988 0.694581 -0.359781 0.657309 0.685592 -0.312904 -0.65731 -0.685592 0.312902 -0.622988 -0.694582 0.359782 -0.622988 0.694582 0.359782 -0.65731 0.685592 0.312902 -0.313064 -0.686159 -0.656641 -0.359362 -0.694906 -0.622868 -0.359362 0.694906 -0.622868 -0.313064 0.686159 -0.65664 0.313058 -0.686161 0.656641 0.359361 -0.69491 0.622864 0.35936 0.69491 0.622865 0.313058 0.686161 0.656641 0.257887 -0.528955 0.808518 0.230486 -0.619145 0.75069 -0.230486 -0.619145 0.75069 -0.257887 -0.528955 0.808518 0.528957 0.257882 0.808518 0.619147 0.230483 0.750689 0.619147 -0.230483 0.75069 0.528957 -0.257883 0.808518 -0.257888 0.528954 0.808518 -0.230486 0.619145 0.75069 0.230486 0.619145 0.75069 0.257888 0.528954 0.808518 -0.528957 -0.257883 0.808518 -0.619147 -0.230483 0.75069 -0.619147 0.230483 0.750689 -0.528957 0.257882 0.808518 0.916049 -0.200374 0.347425 0.916049 0.200374 0.347425 0.995133 4.30733e-09 -0.0985402 0.995133 4.30733e-09 -0.0985402 -0.199991 -0.916387 0.346754 0.199824 -0.916532 0.346466 0 -1 -4.37114e-08 0 -1 -4.37114e-08 0.199824 0.916532 0.346466 -0.199991 0.916387 0.346754 0 1 4.37114e-08 0 1 4.37114e-08 -0.916049 0.200374 0.347425 -0.916049 -0.200374 0.347425 -0.995134 -4.30704e-09 0.0985337 -0.995134 -4.30704e-09 0.0985337 0.284114 -0.744574 0.60406 -0.284114 -0.744574 0.60406 0.744577 0.28411 0.604058 0.744577 -0.28411 0.604058 -0.284114 0.744574 0.60406 0.284114 0.744574 0.60406 -0.744577 -0.28411 0.604058 -0.744577 0.28411 0.604058 0.230485 -0.619146 0.750689 -0.230485 -0.619146 0.750689 -0.257884 -0.528958 0.808517 0.257885 -0.528958 0.808517 -0.619146 -0.230484 0.75069 -0.619147 0.230484 0.750689 -0.528957 0.257884 0.808517 -0.528956 -0.257885 0.808518 -0.230486 0.619146 0.750689 0.230486 0.619146 0.750689 0.257885 0.528958 0.808517 -0.257885 0.528958 0.808517 0.619147 0.230484 0.750689 0.619146 -0.230484 0.750689 0.528956 -0.257885 0.808518 0.528957 0.257884 0.808517 -0.916049 -0.200374 0.347425 -0.995133 4.30733e-09 -0.0985402 -0.995133 4.30733e-09 -0.0985402 -0.916049 0.200374 0.347425 0 -1 -4.37114e-08 -0.199824 -0.916532 0.346466 0.199991 -0.916387 0.346754 0 -1 -4.37114e-08 0 1 4.37114e-08 0.199991 0.916387 0.346754 -0.199824 0.916532 0.346466 0 1 4.37114e-08 0.995134 -4.30704e-09 0.0985337 0.916049 -0.200374 0.347425 0.916049 0.200374 0.347425 0.995134 -4.30704e-09 0.0985337 0.284114 -0.744574 0.60406 -0.284114 -0.744574 0.60406 -0.744577 -0.28411 0.604058 -0.744577 0.28411 0.604058 -0.284114 0.744574 0.60406 0.284114 0.744574 0.60406 0.744577 0.28411 0.604058 0.744577 -0.28411 0.604058 0 -1 -4.37114e-08 0 -1 -4.37114e-08 0 -1 -4.37114e-08 0 -1 -4.37114e-08 0.0985402 4.34986e-08 -0.995133 -0.0985402 4.34986e-08 -0.995133 -0.0985402 4.34986e-08 -0.995133 0.0985402 4.34986e-08 -0.995133 0 1 4.37114e-08 0 1 4.37114e-08 0 1 4.37114e-08 0 1 4.37114e-08 -0.0985402 -4.34986e-08 0.995133 0.0985402 -4.34986e-08 0.995133 0.0985402 -4.34986e-08 0.995133 -0.0985402 -4.34986e-08 0.995133 0 -1 -4.37114e-08 0 -1 -4.37114e-08 0.98058 8.57274e-09 -0.196121 0.98058 8.57274e-09 -0.196121 0 1 4.37114e-08 0 1 4.37114e-08 -0.980582 -8.57217e-09 0.196108 -0.980582 -8.57217e-09 0.196108 -0.98058 8.57274e-09 -0.196121 -0.98058 8.57274e-09 -0.196121 0 -1 -4.37114e-08 0 -1 -4.37114e-08 0 1 4.37114e-08 0 1 4.37114e-08 0.980582 -8.57217e-09 0.196108 0.980582 -8.57217e-09 0.196108 0 -1 -4.37114e-08 0 -1 -4.37114e-08 0.707107 3.09086e-08 -0.707107 0.707107 3.09086e-08 -0.707107 0.707107 3.09086e-08 -0.707107 0.707107 3.09086e-08 -0.707107 0.196121 4.28625e-08 -0.98058 0.196121 4.28625e-08 -0.98058 0 1 4.37114e-08 0 1 4.37114e-08 -0.707099 -3.0909e-08 0.707115 -0.707099 -3.0909e-08 0.707115 -0.707099 -3.0909e-08 0.707115 -0.707099 -3.0909e-08 0.707115 -0.196121 -4.28625e-08 0.98058 -0.196121 -4.28625e-08 0.98058 -0.707107 3.09086e-08 -0.707107 -0.707107 3.09086e-08 -0.707107 -0.707107 3.09086e-08 -0.707107 -0.707107 3.09086e-08 -0.707107 -0.196121 4.28625e-08 -0.98058 -0.196121 4.28625e-08 -0.98058 0 -1 -4.37114e-08 0 -1 -4.37114e-08 0 1 4.37114e-08 0 1 4.37114e-08 0.707099 -3.0909e-08 0.707115 0.707099 -3.0909e-08 0.707115 0.707099 -3.0909e-08 0.707115 0.707099 -3.0909e-08 0.707115 0.196121 -4.28625e-08 0.98058 0.196121 -4.28625e-08 0.98058 0.257887 -0.528955 0.808518 0.230486 -0.619145 0.75069 0.528957 0.257882 0.808518 -0.257888 0.528954 0.808518 -0.76151 -0.648143 -0.00373906 -0.76151 -0.648143 -0.00373906 -0.760992 -0.646707 0.0515808 -0.75878 -0.643997 0.0975748 0.759889 -0.65003 -0.00549226 0.759889 -0.65003 -0.00549226 0.759702 -0.647714 -0.0576097 0.757992 -0.644476 -0.100496 0.759889 0.65003 -0.0054922 0.759889 0.65003 -0.0054922 0.757992 0.644476 -0.100496 0.759702 0.647714 -0.0576097 -0.76151 0.648143 -0.003739 -0.76151 0.648143 -0.003739 -0.75878 0.643997 0.0975748 -0.760992 0.646707 0.0515809 0.284114 -0.744574 0.60406 -0.619147 -0.230483 0.75069 -0.528957 -0.257883 0.808518 -0.257887 -0.528955 0.808518 0.199824 -0.916532 0.346466 -0.230485 -0.619146 0.750689 -0.257884 -0.528958 0.808517 0.257885 -0.528958 0.808517 -0.230486 0.619146 0.750689 -0.257885 0.528958 0.808517 -0.528957 0.257884 0.808517 0.619147 0.230484 0.750689 0.528957 0.257884 0.808517 0.257885 0.528958 0.808517 -0.757992 -0.644476 -0.100496 -0.759702 -0.647714 -0.0576097 -0.759889 -0.65003 -0.00549226 -0.759889 -0.65003 -0.00549226 0.75878 -0.643997 0.0975748 0.760992 -0.646707 0.0515808 0.76151 -0.648143 -0.00373906 0.76151 -0.648143 -0.00373906 -0.759702 0.647714 -0.0576097 -0.757992 0.644476 -0.100496 -0.759889 0.65003 -0.0054922 -0.759889 0.65003 -0.0054922 0.760992 0.646707 0.0515809 0.75878 0.643997 0.0975748 0.76151 0.648143 -0.003739 0.76151 0.648143 -0.003739 -0.284114 -0.744574 0.60406 -0.199824 -0.916532 0.346466 -0.0987338 -0.620719 0.777792 -0.0541836 -0.602418 0.79634 0.0541836 -0.602418 0.79634 0.0987338 -0.620719 0.777792 0.0987338 -0.620718 -0.777792 0.0541836 -0.602417 -0.79634 -0.054184 -0.602417 -0.79634 -0.0987345 -0.620717 -0.777793 0.0541836 0.602418 -0.79634 0.0987338 0.620718 -0.777792 -0.0987345 0.620718 -0.777792 -0.054184 0.602417 -0.79634 -0.0541836 0.602417 0.79634 -0.0987338 0.620718 0.777792 0.0987338 0.620718 0.777792 0.0541836 0.602417 0.79634 0.359367 -0.694904 -0.622868 0.313065 -0.686155 -0.656645 0.313065 0.686155 -0.656645 0.359367 0.694904 -0.622868 -0.359364 -0.694903 0.62287 -0.313061 -0.686154 0.656647 -0.313061 0.686154 0.656647 -0.359364 0.694903 0.62287 -0.622995 -0.694572 -0.359788 -0.657315 -0.685583 -0.31291 -0.657315 0.685583 -0.31291 -0.622995 0.694572 -0.359788 0.622994 -0.694575 0.359785 0.657316 -0.685585 0.312905 0.657316 0.685585 0.312905 0.622994 0.694575 0.359785 0.657314 -0.685585 -0.312907 0.622994 -0.694575 -0.359785 0.622994 0.694575 -0.359785 0.657314 0.685585 -0.312907 -0.657316 -0.685585 0.312905 -0.622994 -0.694575 0.359785 -0.622994 0.694575 0.359785 -0.657316 0.685585 0.312905 -0.313067 -0.686152 -0.656646 -0.359365 -0.694899 -0.622874 -0.359365 0.694899 -0.622873 -0.313067 0.686152 -0.656646 0.313061 -0.686154 0.656647 0.359364 -0.694903 0.62287 0.359364 0.694903 0.62287 0.313061 0.686154 0.656647 0.257888 -0.528955 0.808518 0.230486 -0.619145 0.75069 -0.230486 -0.619145 0.75069 -0.257888 -0.528955 0.808518 0.528957 0.257882 0.808518 0.619147 0.230483 0.750689 0.619147 -0.230483 0.750689 0.528957 -0.257882 0.808518 -0.257888 0.528954 0.808518 -0.230486 0.619145 0.75069 0.230486 0.619145 0.75069 0.257888 0.528954 0.808518 -0.528957 -0.257882 0.808518 -0.619147 -0.230483 0.750689 -0.619147 0.230483 0.750689 -0.528957 0.257882 0.808518 0.916049 -0.200374 0.347425 0.916049 0.200374 0.347425 0.995133 4.30733e-09 -0.0985402 0.995133 4.30733e-09 -0.0985402 -0.199991 -0.916387 0.346754 0.199824 -0.916532 0.346466 0 -1 -4.37114e-08 0 -1 -4.37114e-08 0.199824 0.916532 0.346466 -0.199991 0.916387 0.346754 0 1 4.37114e-08 0 1 4.37114e-08 -0.916049 0.200374 0.347425 -0.916049 -0.200374 0.347425 -0.995134 -4.30704e-09 0.0985337 -0.995134 -4.30704e-09 0.0985337 0.284114 -0.744574 0.60406 -0.284114 -0.744574 0.60406 0.744577 0.28411 0.604058 0.744577 -0.28411 0.604058 -0.284114 0.744574 0.60406 0.284114 0.744574 0.60406 -0.744577 -0.28411 0.604058 -0.744577 0.28411 0.604058 0.230486 -0.619146 0.750689 -0.230486 -0.619146 0.750689 -0.257885 -0.528958 0.808517 0.257885 -0.528958 0.808517 -0.619147 -0.230484 0.750689 -0.619147 0.230484 0.750689 -0.528957 0.257885 0.808517 -0.528957 -0.257885 0.808517 -0.230486 0.619146 0.750689 0.230486 0.619146 0.750689 0.257885 0.528958 0.808517 -0.257885 0.528958 0.808517 0.619147 0.230484 0.750689 0.619147 -0.230484 0.750689 0.528957 -0.257885 0.808517 0.528957 0.257884 0.808517 -0.916049 -0.200374 0.347425 -0.995133 4.30733e-09 -0.0985402 -0.995133 4.30733e-09 -0.0985402 -0.916049 0.200374 0.347425 0 -1 -4.37114e-08 -0.199824 -0.916532 0.346466 0.199991 -0.916387 0.346754 0 -1 -4.37114e-08 0 1 4.37114e-08 0.199991 0.916387 0.346754 -0.199824 0.916532 0.346466 0 1 4.37114e-08 0.995134 -4.30704e-09 0.0985337 0.916049 -0.200374 0.347425 0.916049 0.200374 0.347425 0.995134 -4.30704e-09 0.0985337 0.284114 -0.744574 0.60406 -0.284114 -0.744574 0.60406 -0.744577 -0.28411 0.604058 -0.744577 0.28411 0.604058 -0.284114 0.744574 0.60406 0.284114 0.744574 0.60406 0.744577 0.28411 0.604058 0.744577 -0.28411 0.604058 0 -1 -4.37114e-08 0 -1 -4.37114e-08 0 -1 -4.37114e-08 0 -1 -4.37114e-08 0.0985402 4.34986e-08 -0.995133 -0.0985402 4.34986e-08 -0.995133 -0.0985402 4.34986e-08 -0.995133 0.0985402 4.34986e-08 -0.995133 0 1 4.37114e-08 0 1 4.37114e-08 0 1 4.37114e-08 0 1 4.37114e-08 -0.0985402 -4.34986e-08 0.995133 0.0985402 -4.34986e-08 0.995133 0.0985402 -4.34986e-08 0.995133 -0.0985402 -4.34986e-08 0.995133 0 -1 -4.37114e-08 0 -1 -4.37114e-08 0.98058 8.57274e-09 -0.196121 0.98058 8.57274e-09 -0.196121 0 1 4.37114e-08 0 1 4.37114e-08 -0.980582 -8.57217e-09 0.196108 -0.980582 -8.57217e-09 0.196108 -0.98058 8.57274e-09 -0.196121 -0.98058 8.57274e-09 -0.196121 0 -1 -4.37114e-08 0 -1 -4.37114e-08 0 1 4.37114e-08 0 1 4.37114e-08 0.980582 -8.57217e-09 0.196108 0.980582 -8.57217e-09 0.196108 0 -1 -4.37114e-08 0 -1 -4.37114e-08 0.707107 3.09086e-08 -0.707107 0.707107 3.09086e-08 -0.707107 0.707107 3.09086e-08 -0.707107 0.707107 3.09086e-08 -0.707107 0.196121 4.28625e-08 -0.98058 0.196121 4.28625e-08 -0.98058 0 1 4.37114e-08 0 1 4.37114e-08 -0.707099 -3.0909e-08 0.707115 -0.707099 -3.0909e-08 0.707115 -0.707099 -3.0909e-08 0.707115 -0.707099 -3.0909e-08 0.707115 -0.196121 -4.28625e-08 0.98058 -0.196121 -4.28625e-08 0.98058 -0.707107 3.09086e-08 -0.707107 -0.707107 3.09086e-08 -0.707107 -0.707107 3.09086e-08 -0.707107 -0.707107 3.09086e-08 -0.707107 -0.196121 4.28625e-08 -0.98058 -0.196121 4.28625e-08 -0.98058 0 -1 -4.37114e-08 0 -1 -4.37114e-08 0 1 4.37114e-08 0 1 4.37114e-08 0.707099 -3.0909e-08 0.707115 0.707099 -3.0909e-08 0.707115 0.707099 -3.0909e-08 0.707115 0.707099 -3.0909e-08 0.707115 0.196121 -4.28625e-08 0.98058 0.196121 -4.28625e-08 0.98058 0.257888 -0.528955 0.808518 0.230486 -0.619145 0.75069 0.528957 0.257882 0.808518 -0.257888 0.528954 0.808518 -0.76151 -0.648143 -0.00373906 -0.76151 -0.648143 -0.00373906 -0.760992 -0.646707 0.0515808 -0.75878 -0.643997 0.0975748 0.759889 -0.65003 -0.00549226 0.759889 -0.65003 -0.00549226 0.759702 -0.647714 -0.0576097 0.757992 -0.644476 -0.100496 0.759889 0.65003 -0.0054922 0.759889 0.65003 -0.0054922 0.757992 0.644476 -0.100496 0.759702 0.647714 -0.0576097 -0.76151 0.648143 -0.003739 -0.76151 0.648143 -0.003739 -0.75878 0.643997 0.0975748 -0.760992 0.646707 0.0515809 0.284114 -0.744574 0.60406 -0.619147 -0.230483 0.750689 -0.528957 -0.257882 0.808518 -0.257888 -0.528955 0.808518 0.199824 -0.916532 0.346466 -0.230486 -0.619146 0.750689 -0.257885 -0.528958 0.808517 0.257885 -0.528958 0.808517 -0.230486 0.619146 0.750689 -0.257885 0.528958 0.808517 -0.528957 0.257885 0.808517 0.619147 0.230484 0.750689 0.528957 0.257884 0.808517 0.257885 0.528958 0.808517 -0.757992 -0.644476 -0.100496 -0.759702 -0.647714 -0.0576097 -0.759889 -0.65003 -0.00549226 -0.759889 -0.65003 -0.00549226 0.75878 -0.643997 0.0975748 0.760992 -0.646707 0.0515808 0.76151 -0.648143 -0.00373906 0.76151 -0.648143 -0.00373906 -0.759702 0.647714 -0.0576097 -0.757992 0.644476 -0.100496 -0.759889 0.65003 -0.0054922 -0.759889 0.65003 -0.0054922 0.760992 0.646707 0.0515809 0.75878 0.643997 0.0975748 0.76151 0.648143 -0.003739 0.76151 0.648143 -0.003739 -0.284114 -0.744574 0.60406 -0.199824 -0.916532 0.346466 -0.0987338 -0.620719 0.777792 -0.0541836 -0.602418 0.79634 0.0541836 -0.602418 0.79634 0.0987338 -0.620719 0.777792 0.0987338 -0.620718 -0.777792 0.0541836 -0.602417 -0.79634 -0.054184 -0.602417 -0.79634 -0.0987345 -0.620717 -0.777793 0.0541836 0.602418 -0.79634 0.0987338 0.620718 -0.777792 -0.0987345 0.620718 -0.777792 -0.054184 0.602417 -0.79634 -0.0541836 0.602417 0.79634 -0.0987338 0.620718 0.777792 0.0987338 0.620718 0.777792 0.0541836 0.602417 0.79634 0.359367 -0.694904 -0.622868 0.313065 -0.686155 -0.656645 0.313065 0.686155 -0.656645 0.359367 0.694904 -0.622868 -0.359364 -0.694903 0.62287 -0.313061 -0.686154 0.656647 -0.313061 0.686154 0.656647 -0.359364 0.694903 0.62287 -0.622995 -0.694572 -0.359788 -0.657315 -0.685583 -0.31291 -0.657315 0.685583 -0.31291 -0.622995 0.694572 -0.359788 0.622994 -0.694575 0.359785 0.657316 -0.685585 0.312905 0.657316 0.685585 0.312905 0.622994 0.694575 0.359785 0.657314 -0.685585 -0.312907 0.622994 -0.694575 -0.359785 0.622994 0.694575 -0.359785 0.657314 0.685585 -0.312907 -0.657316 -0.685585 0.312905 -0.622994 -0.694575 0.359785 -0.622994 0.694575 0.359785 -0.657316 0.685585 0.312905 -0.313067 -0.686152 -0.656646 -0.359365 -0.694899 -0.622874 -0.359365 0.694899 -0.622873 -0.313067 0.686152 -0.656646 0.313061 -0.686154 0.656647 0.359364 -0.694903 0.62287 0.359364 0.694903 0.62287 0.313061 0.686154 0.656647 0.257888 -0.528955 0.808518 0.230487 -0.619146 0.75069 -0.230487 -0.619146 0.75069 -0.257888 -0.528955 0.808518 0.528957 0.257882 0.808518 0.619148 0.230482 0.750689 0.619148 -0.230482 0.750689 0.528957 -0.257882 0.808518 -0.257888 0.528954 0.808518 -0.230487 0.619146 0.75069 0.230487 0.619146 0.75069 0.257888 0.528954 0.808518 -0.528957 -0.257882 0.808518 -0.619148 -0.230482 0.750689 -0.619148 0.230482 0.750689 -0.528957 0.257882 0.808518 0.916048 -0.200375 0.347426 0.916048 0.200375 0.347426 0.995133 4.30733e-09 -0.0985402 0.995133 4.30733e-09 -0.0985402 -0.19999 -0.916386 0.346756 0.199824 -0.916532 0.346468 0 -1 -4.37114e-08 0 -1 -4.37114e-08 0.199824 0.916532 0.346468 -0.19999 0.916386 0.346756 0 1 4.37114e-08 0 1 4.37114e-08 -0.916048 0.200375 0.347426 -0.916048 -0.200375 0.347426 -0.995134 -4.30704e-09 0.0985337 -0.995134 -4.30704e-09 0.0985337 0.284114 -0.744574 0.60406 -0.284114 -0.744574 0.60406 0.744578 0.28411 0.604058 0.744578 -0.28411 0.604058 -0.284114 0.744574 0.60406 0.284114 0.744574 0.60406 -0.744578 -0.28411 0.604058 -0.744578 0.28411 0.604058 0.230486 -0.619146 0.750689 -0.230486 -0.619146 0.750689 -0.257885 -0.528958 0.808516 0.257885 -0.528958 0.808517 -0.619147 -0.230484 0.750689 -0.619147 0.230484 0.750689 -0.528957 0.257884 0.808517 -0.528957 -0.257885 0.808517 -0.230486 0.619146 0.750689 0.230486 0.619146 0.750689 0.257885 0.528958 0.808517 -0.257885 0.528958 0.808517 0.619147 0.230484 0.750689 0.619147 -0.230484 0.750689 0.528957 -0.257885 0.808517 0.528957 0.257884 0.808517 -0.916048 -0.200375 0.347426 -0.995133 4.30733e-09 -0.0985402 -0.995133 4.30733e-09 -0.0985402 -0.916048 0.200375 0.347426 0 -1 -4.37114e-08 -0.199824 -0.916532 0.346468 0.19999 -0.916386 0.346756 0 -1 -4.37114e-08 0 1 4.37114e-08 0.19999 0.916386 0.346756 -0.199824 0.916532 0.346468 0 1 4.37114e-08 0.995134 -4.30704e-09 0.0985337 0.916048 -0.200375 0.347426 0.916048 0.200375 0.347426 0.995134 -4.30704e-09 0.0985337 0.284114 -0.744574 0.60406 -0.284114 -0.744574 0.60406 -0.744578 -0.28411 0.604058 -0.744578 0.28411 0.604058 -0.284114 0.744574 0.60406 0.284114 0.744574 0.60406 0.744578 0.28411 0.604058 0.744578 -0.28411 0.604058 0 -1 -4.37114e-08 0 -1 -4.37114e-08 0 -1 -4.37114e-08 0 -1 -4.37114e-08 0.0985402 4.34986e-08 -0.995133 -0.0985402 4.34986e-08 -0.995133 -0.0985402 4.34986e-08 -0.995133 0.0985402 4.34986e-08 -0.995133 0 1 4.37114e-08 0 1 4.37114e-08 0 1 4.37114e-08 0 1 4.37114e-08 -0.0985402 -4.34986e-08 0.995133 0.0985402 -4.34986e-08 0.995133 0.0985402 -4.34986e-08 0.995133 -0.0985402 -4.34986e-08 0.995133 0 -1 -4.37114e-08 0 -1 -4.37114e-08 0.98058 8.57273e-09 -0.196121 0.98058 8.57273e-09 -0.196121 0 1 4.37114e-08 0 1 4.37114e-08 -0.980582 -8.57217e-09 0.196108 -0.980582 -8.57217e-09 0.196108 -0.98058 8.57273e-09 -0.196121 -0.98058 8.57273e-09 -0.196121 0 -1 -4.37114e-08 0 -1 -4.37114e-08 0 1 4.37114e-08 0 1 4.37114e-08 0.980582 -8.57217e-09 0.196108 0.980582 -8.57217e-09 0.196108 0 -1 -4.37114e-08 0 -1 -4.37114e-08 0.707107 3.09086e-08 -0.707107 0.707107 3.09086e-08 -0.707107 0.707107 3.09086e-08 -0.707107 0.707107 3.09086e-08 -0.707107 0.196121 4.28625e-08 -0.98058 0.196121 4.28625e-08 -0.98058 0 1 4.37114e-08 0 1 4.37114e-08 -0.707099 -3.0909e-08 0.707115 -0.707099 -3.0909e-08 0.707115 -0.707099 -3.0909e-08 0.707115 -0.707099 -3.0909e-08 0.707115 -0.196121 -4.28625e-08 0.98058 -0.196121 -4.28625e-08 0.98058 -0.707107 3.09086e-08 -0.707107 -0.707107 3.09086e-08 -0.707107 -0.707107 3.09086e-08 -0.707107 -0.707107 3.09086e-08 -0.707107 -0.196121 4.28625e-08 -0.98058 -0.196121 4.28625e-08 -0.98058 0 -1 -4.37114e-08 0 -1 -4.37114e-08 0 1 4.37114e-08 0 1 4.37114e-08 0.707099 -3.0909e-08 0.707115 0.707099 -3.0909e-08 0.707115 0.707099 -3.0909e-08 0.707115 0.707099 -3.0909e-08 0.707115 0.196121 -4.28625e-08 0.98058 0.196121 -4.28625e-08 0.98058 0.257888 -0.528955 0.808518 0.230487 -0.619146 0.75069 0.528957 0.257882 0.808518 -0.257888 0.528954 0.808518 -0.761504 -0.64815 -0.00373903 -0.761504 -0.64815 -0.00373903 -0.760986 -0.646714 0.0515802 -0.758774 -0.644004 0.0975742 0.759883 -0.650037 -0.00549221 0.759883 -0.650037 -0.00549221 0.759696 -0.647721 -0.0576091 0.757986 -0.644483 -0.100496 0.759883 0.650037 -0.00549216 0.759883 0.650037 -0.00549216 0.757986 0.644483 -0.100496 0.759696 0.647721 -0.057609 -0.761504 0.64815 -0.00373897 -0.761504 0.64815 -0.00373897 -0.758774 0.644004 0.0975743 -0.760986 0.646714 0.0515803 0.284114 -0.744574 0.60406 -0.619148 -0.230482 0.750689 -0.528957 -0.257882 0.808518 -0.257888 -0.528955 0.808518 0.199824 -0.916532 0.346468 -0.230486 -0.619146 0.750689 -0.257885 -0.528958 0.808516 0.257885 -0.528958 0.808517 -0.230486 0.619146 0.750689 -0.257885 0.528958 0.808517 -0.528957 0.257884 0.808517 0.619147 0.230484 0.750689 0.528957 0.257884 0.808517 0.257885 0.528958 0.808517 -0.757986 -0.644483 -0.100496 -0.759696 -0.647721 -0.0576091 -0.759883 -0.650037 -0.00549221 -0.759883 -0.650037 -0.00549221 0.758774 -0.644004 0.0975743 0.760986 -0.646714 0.0515802 0.761504 -0.64815 -0.00373903 0.761504 -0.64815 -0.00373903 -0.759696 0.647721 -0.057609 -0.757986 0.644483 -0.100496 -0.759883 0.650037 -0.00549216 -0.759883 0.650037 -0.00549216 0.760986 0.646714 0.0515803 0.758774 0.644004 0.0975743 0.761504 0.64815 -0.00373897 0.761504 0.64815 -0.00373897 -0.284114 -0.744574 0.60406 -0.199824 -0.916532 0.346468 -0.0987332 -0.620726 0.777786 -0.054183 -0.602425 0.796334 0.054183 -0.602425 0.796334 0.0987332 -0.620726 0.777786 0.0987332 -0.620726 -0.777786 0.054183 -0.602425 -0.796335 -0.0541834 -0.602424 -0.796335 -0.098734 -0.620725 -0.777787 0.054183 0.602425 -0.796334 0.0987332 0.620726 -0.777786 -0.098734 0.620725 -0.777787 -0.0541834 0.602424 -0.796335 -0.054183 0.602425 0.796335 -0.0987333 0.620726 0.777786 0.0987333 0.620726 0.777786 0.054183 0.602425 0.796335 0.359364 -0.69491 -0.622862 0.313061 -0.686162 -0.656639 0.313061 0.686162 -0.656639 0.359364 0.694911 -0.622862 -0.359361 -0.69491 0.622864 -0.313058 -0.686161 0.656641 -0.313058 0.686161 0.656641 -0.35936 0.69491 0.622864 -0.622989 -0.694579 -0.359785 -0.657309 -0.68559 -0.312907 -0.657309 0.68559 -0.312907 -0.622989 0.694579 -0.359785 0.622988 -0.694582 0.359781 0.65731 -0.685592 0.312902 0.65731 0.685592 0.312902 0.622988 0.694582 0.359782 0.657309 -0.685592 -0.312904 0.622988 -0.694581 -0.359781 0.622988 0.694581 -0.359781 0.657309 0.685592 -0.312904 -0.65731 -0.685592 0.312902 -0.622988 -0.694582 0.359782 -0.622988 0.694582 0.359782 -0.65731 0.685592 0.312902 -0.313064 -0.686159 -0.65664 -0.359362 -0.694906 -0.622868 -0.359362 0.694906 -0.622868 -0.313064 0.686159 -0.65664 0.313058 -0.686161 0.656641 0.359361 -0.69491 0.622864 0.35936 0.69491 0.622865 0.313058 0.686161 0.656641 0.257888 -0.528955 0.808518 0.230486 -0.619145 0.75069 -0.230486 -0.619145 0.75069 -0.257888 -0.528955 0.808518 0.528957 0.257882 0.808518 0.619147 0.230483 0.750689 0.619147 -0.230483 0.750689 0.528957 -0.257882 0.808518 -0.257888 0.528954 0.808518 -0.230486 0.619145 0.75069 0.230486 0.619145 0.75069 0.257888 0.528954 0.808518 -0.528957 -0.257882 0.808518 -0.619147 -0.230483 0.750689 -0.619147 0.230483 0.750689 -0.528957 0.257882 0.808518 0.916049 -0.200374 0.347425 0.916049 0.200374 0.347425 0.995133 4.30733e-09 -0.0985402 0.995133 4.30733e-09 -0.0985402 -0.199991 -0.916387 0.346754 0.199824 -0.916532 0.346466 0 -1 -4.37114e-08 0 -1 -4.37114e-08 0.199824 0.916532 0.346466 -0.199991 0.916387 0.346754 0 1 4.37114e-08 0 1 4.37114e-08 -0.916049 0.200374 0.347425 -0.916049 -0.200374 0.347425 -0.995134 -4.30704e-09 0.0985337 -0.995134 -4.30704e-09 0.0985337 0.284114 -0.744574 0.60406 -0.284114 -0.744574 0.60406 0.744577 0.28411 0.604058 0.744577 -0.28411 0.604058 -0.284114 0.744574 0.60406 0.284114 0.744574 0.60406 -0.744577 -0.28411 0.604058 -0.744577 0.28411 0.604058 0.230486 -0.619146 0.750689 -0.230486 -0.619146 0.750689 -0.257885 -0.528958 0.808517 0.257885 -0.528958 0.808517 -0.619147 -0.230484 0.750689 -0.619147 0.230484 0.750689 -0.528957 0.257884 0.808517 -0.528957 -0.257885 0.808517 -0.230486 0.619146 0.750689 0.230486 0.619146 0.750689 0.257885 0.528958 0.808517 -0.257885 0.528958 0.808517 0.619147 0.230484 0.750689 0.619147 -0.230484 0.750689 0.528957 -0.257885 0.808517 0.528957 0.257884 0.808517 -0.916049 -0.200374 0.347425 -0.995133 4.30733e-09 -0.0985402 -0.995133 4.30733e-09 -0.0985402 -0.916049 0.200374 0.347425 0 -1 -4.37114e-08 -0.199824 -0.916532 0.346466 0.199991 -0.916387 0.346754 0 -1 -4.37114e-08 0 1 4.37114e-08 0.199991 0.916387 0.346754 -0.199824 0.916532 0.346466 0 1 4.37114e-08 0.995134 -4.30704e-09 0.0985337 0.916049 -0.200374 0.347425 0.916049 0.200374 0.347425 0.995134 -4.30704e-09 0.0985337 0.284114 -0.744574 0.60406 -0.284114 -0.744574 0.60406 -0.744577 -0.28411 0.604058 -0.744577 0.28411 0.604058 -0.284114 0.744574 0.60406 0.284114 0.744574 0.60406 0.744577 0.28411 0.604058 0.744577 -0.28411 0.604058 0 -1 -4.37114e-08 0 -1 -4.37114e-08 0 -1 -4.37114e-08 0 -1 -4.37114e-08 0.0985402 4.34986e-08 -0.995133 -0.0985402 4.34986e-08 -0.995133 -0.0985402 4.34986e-08 -0.995133 0.0985402 4.34986e-08 -0.995133 0 1 4.37114e-08 0 1 4.37114e-08 0 1 4.37114e-08 0 1 4.37114e-08 -0.0985402 -4.34986e-08 0.995133 0.0985402 -4.34986e-08 0.995133 0.0985402 -4.34986e-08 0.995133 -0.0985402 -4.34986e-08 0.995133 0 -1 -4.37114e-08 0 -1 -4.37114e-08 0.98058 8.57274e-09 -0.196121 0.98058 8.57274e-09 -0.196121 0 1 4.37114e-08 0 1 4.37114e-08 -0.980582 -8.57217e-09 0.196108 -0.980582 -8.57217e-09 0.196108 -0.98058 8.57274e-09 -0.196121 -0.98058 8.57274e-09 -0.196121 0 -1 -4.37114e-08 0 -1 -4.37114e-08 0 1 4.37114e-08 0 1 4.37114e-08 0.980582 -8.57217e-09 0.196108 0.980582 -8.57217e-09 0.196108 0 -1 -4.37114e-08 0 -1 -4.37114e-08 0.707107 3.09086e-08 -0.707107 0.707107 3.09086e-08 -0.707107 0.707107 3.09086e-08 -0.707107 0.707107 3.09086e-08 -0.707107 0.196121 4.28625e-08 -0.98058 0.196121 4.28625e-08 -0.98058 0 1 4.37114e-08 0 1 4.37114e-08 -0.707099 -3.0909e-08 0.707115 -0.707099 -3.0909e-08 0.707115 -0.707099 -3.0909e-08 0.707115 -0.707099 -3.0909e-08 0.707115 -0.196121 -4.28625e-08 0.98058 -0.196121 -4.28625e-08 0.98058 -0.707107 3.09086e-08 -0.707107 -0.707107 3.09086e-08 -0.707107 -0.707107 3.09086e-08 -0.707107 -0.707107 3.09086e-08 -0.707107 -0.196121 4.28625e-08 -0.98058 -0.196121 4.28625e-08 -0.98058 0 -1 -4.37114e-08 0 -1 -4.37114e-08 0 1 4.37114e-08 0 1 4.37114e-08 0.707099 -3.0909e-08 0.707115 0.707099 -3.0909e-08 0.707115 0.707099 -3.0909e-08 0.707115 0.707099 -3.0909e-08 0.707115 0.196121 -4.28625e-08 0.98058 0.196121 -4.28625e-08 0.98058 0.257888 -0.528955 0.808518 0.230486 -0.619145 0.75069 0.528957 0.257882 0.808518 -0.257888 0.528954 0.808518 -0.76151 -0.648143 -0.00373906 -0.76151 -0.648143 -0.00373906 -0.760992 -0.646707 0.0515808 -0.75878 -0.643997 0.0975748 0.759889 -0.65003 -0.00549226 0.759889 -0.65003 -0.00549226 0.759702 -0.647714 -0.0576097 0.757992 -0.644476 -0.100496 0.759889 0.65003 -0.0054922 0.759889 0.65003 -0.0054922 0.757992 0.644476 -0.100496 0.759702 0.647714 -0.0576097 -0.76151 0.648143 -0.003739 -0.76151 0.648143 -0.003739 -0.75878 0.643997 0.0975748 -0.760992 0.646707 0.0515809 0.284114 -0.744574 0.60406 -0.619147 -0.230483 0.750689 -0.528957 -0.257882 0.808518 -0.257888 -0.528955 0.808518 0.199824 -0.916532 0.346466 -0.230486 -0.619146 0.750689 -0.257885 -0.528958 0.808517 0.257885 -0.528958 0.808517 -0.230486 0.619146 0.750689 -0.257885 0.528958 0.808517 -0.528957 0.257884 0.808517 0.619147 0.230484 0.750689 0.528957 0.257884 0.808517 0.257885 0.528958 0.808517 -0.757992 -0.644476 -0.100496 -0.759702 -0.647714 -0.0576097 -0.759889 -0.65003 -0.00549226 -0.759889 -0.65003 -0.00549226 0.75878 -0.643997 0.0975748 0.760992 -0.646707 0.0515808 0.76151 -0.648143 -0.00373906 0.76151 -0.648143 -0.00373906 -0.759702 0.647714 -0.0576097 -0.757992 0.644476 -0.100496 -0.759889 0.65003 -0.0054922 -0.759889 0.65003 -0.0054922 0.760992 0.646707 0.0515809 0.75878 0.643997 0.0975748 0.76151 0.648143 -0.003739 0.76151 0.648143 -0.003739 -0.284114 -0.744574 0.60406 -0.199824 -0.916532 0.346466 -0.0987338 -0.620718 0.777792 -0.0541836 -0.602418 0.79634 0.0541836 -0.602418 0.79634 0.0987338 -0.620718 0.777792 0.0987338 -0.620718 -0.777792 0.0541836 -0.602417 -0.79634 -0.054184 -0.602417 -0.79634 -0.0987345 -0.620717 -0.777793 0.0541836 0.602418 -0.79634 0.0987338 0.620718 -0.777792 -0.0987345 0.620718 -0.777792 -0.054184 0.602417 -0.79634 -0.0541836 0.602417 0.79634 -0.0987338 0.620718 0.777792 0.0987338 0.620718 0.777792 0.0541836 0.602417 0.79634 0.359367 -0.694904 -0.622868 0.313065 -0.686155 -0.656645 0.313065 0.686155 -0.656645 0.359367 0.694904 -0.622868 -0.359364 -0.694903 0.62287 -0.313061 -0.686154 0.656647 -0.313061 0.686154 0.656647 -0.359364 0.694903 0.62287 -0.622995 -0.694572 -0.359788 -0.657315 -0.685583 -0.31291 -0.657315 0.685583 -0.31291 -0.622995 0.694572 -0.359788 0.622994 -0.694575 0.359785 0.657316 -0.685585 0.312905 0.657316 0.685585 0.312905 0.622994 0.694575 0.359785 0.657314 -0.685585 -0.312907 0.622994 -0.694575 -0.359785 0.622994 0.694575 -0.359785 0.657314 0.685585 -0.312907 -0.657316 -0.685585 0.312905 -0.622994 -0.694575 0.359785 -0.622994 0.694575 0.359785 -0.657316 0.685585 0.312905 -0.313067 -0.686152 -0.656646 -0.359365 -0.694899 -0.622874 -0.359365 0.694899 -0.622873 -0.313067 0.686152 -0.656646 0.313061 -0.686154 0.656647 0.359364 -0.694903 0.62287 0.359364 0.694903 0.62287 0.313061 0.686154 0.656647 0.257887 -0.528955 0.808518 0.230486 -0.619145 0.75069 -0.230486 -0.619145 0.75069 -0.257887 -0.528955 0.808518 0.528957 0.257883 0.808518 0.619147 0.230483 0.75069 0.619147 -0.230483 0.75069 0.528957 -0.257883 0.808518 -0.257887 0.528954 0.808518 -0.230486 0.619145 0.75069 0.230486 0.619145 0.75069 0.257887 0.528954 0.808518 -0.528957 -0.257883 0.808518 -0.619147 -0.230483 0.75069 -0.619147 0.230483 0.75069 -0.528957 0.257883 0.808518 0.916049 -0.200375 0.347425 0.916049 0.200374 0.347425 0.995133 4.30733e-09 -0.0985402 0.995133 4.30733e-09 -0.0985402 -0.199991 -0.916387 0.346754 0.199824 -0.916533 0.346465 0 -1 -4.37114e-08 0 -1 -4.37114e-08 0.199825 0.916532 0.346466 -0.199991 0.916387 0.346754 0 1 4.37114e-08 0 1 4.37114e-08 -0.916049 0.200374 0.347425 -0.916049 -0.200375 0.347425 -0.995134 -4.30704e-09 0.0985337 -0.995134 -4.30704e-09 0.0985337 0.284114 -0.744574 0.60406 -0.284114 -0.744574 0.60406 0.744578 0.28411 0.604058 0.744578 -0.28411 0.604058 -0.284115 0.744574 0.60406 0.284115 0.744574 0.60406 -0.744578 -0.28411 0.604058 -0.744578 0.28411 0.604058 0.230486 -0.619146 0.75069 -0.230486 -0.619146 0.75069 -0.257884 -0.528958 0.808517 0.257885 -0.528958 0.808517 -0.619146 -0.230484 0.75069 -0.619146 0.230484 0.75069 -0.528956 0.257885 0.808518 -0.528956 -0.257885 0.808518 -0.230486 0.619146 0.75069 0.230486 0.619146 0.75069 0.257885 0.528958 0.808517 -0.257885 0.528958 0.808517 0.619146 0.230484 0.75069 0.619146 -0.230484 0.75069 0.528956 -0.257885 0.808518 0.528956 0.257885 0.808518 -0.916049 -0.200375 0.347425 -0.995133 4.30733e-09 -0.0985402 -0.995133 4.30733e-09 -0.0985402 -0.916049 0.200374 0.347425 0 -1 -4.37114e-08 -0.199824 -0.916533 0.346465 0.199991 -0.916387 0.346754 0 -1 -4.37114e-08 0 1 4.37114e-08 0.199991 0.916387 0.346754 -0.199825 0.916532 0.346466 0 1 4.37114e-08 0.995134 -4.30704e-09 0.0985337 0.916049 -0.200375 0.347425 0.916049 0.200374 0.347425 0.995134 -4.30704e-09 0.0985337 0.284114 -0.744574 0.60406 -0.284114 -0.744574 0.60406 -0.744578 -0.28411 0.604058 -0.744578 0.28411 0.604058 -0.284114 0.744574 0.60406 0.284114 0.744574 0.60406 0.744578 0.28411 0.604058 0.744578 -0.28411 0.604058 0 -1 -4.37114e-08 0 -1 -4.37114e-08 0 -1 -4.37114e-08 0 -1 -4.37114e-08 0.0985402 4.34986e-08 -0.995133 -0.0985402 4.34986e-08 -0.995133 -0.0985402 4.34986e-08 -0.995133 0.0985402 4.34986e-08 -0.995133 -3.27328e-08 1 2.79012e-07 3.2733e-08 1 2.79012e-07 1.3177e-08 1 2.98494e-07 -1.31769e-08 1 2.98494e-07 -0.0985402 -4.34986e-08 0.995133 0.0985402 -4.34986e-08 0.995133 0.0985402 -4.34986e-08 0.995133 -0.0985402 -4.34986e-08 0.995133 0 -1 -4.37114e-08 0 -1 -4.37114e-08 0.98058 8.57273e-09 -0.196121 0.98058 8.57273e-09 -0.196121 1.79349e-07 1 3.04878e-07 1.225e-07 1 2.22095e-07 -0.980582 -8.57217e-09 0.196108 -0.980582 -8.57217e-09 0.196108 -0.98058 8.57274e-09 -0.196121 -0.98058 8.57274e-09 -0.196121 0 -1 -4.37114e-08 0 -1 -4.37114e-08 -1.225e-07 1 2.22095e-07 -1.79348e-07 1 3.04877e-07 0.980582 -8.57217e-09 0.196108 0.980582 -8.57217e-09 0.196108 0 -1 -4.37114e-08 0 -1 -4.37114e-08 0.707107 3.09086e-08 -0.707107 0.707107 3.09086e-08 -0.707107 0.707107 3.09086e-08 -0.707107 0.707107 3.09086e-08 -0.707107 0.196121 4.28625e-08 -0.98058 0.196121 4.28625e-08 -0.98058 1.61685e-07 1 3.9039e-07 9.69577e-08 1 3.51723e-07 -0.707099 -3.0909e-08 0.707115 -0.707099 -3.0909e-08 0.707115 -0.707099 -3.0909e-08 0.707115 -0.707099 -3.0909e-08 0.707115 -0.196121 -4.28625e-08 0.98058 -0.196121 -4.28625e-08 0.98058 -0.707107 3.09086e-08 -0.707107 -0.707107 3.09086e-08 -0.707107 -0.707107 3.09086e-08 -0.707107 -0.707107 3.09086e-08 -0.707107 -0.196121 4.28625e-08 -0.98058 -0.196121 4.28625e-08 -0.98058 0 -1 -4.37114e-08 0 -1 -4.37114e-08 -9.69561e-08 1 3.51722e-07 -1.61684e-07 1 3.9039e-07 0.707099 -3.0909e-08 0.707115 0.707099 -3.0909e-08 0.707115 0.707099 -3.0909e-08 0.707115 0.707099 -3.0909e-08 0.707115 0.196121 -4.28625e-08 0.98058 0.196121 -4.28625e-08 0.98058 0.257887 -0.528955 0.808518 0.230486 -0.619145 0.75069 0.528957 0.257883 0.808518 -0.257887 0.528954 0.808518 -0.761508 -0.648144 -0.00373905 -0.761508 -0.648144 -0.00373905 -0.760991 -0.646709 0.0515807 -0.758779 -0.643998 0.0975746 0.759886 -0.650033 -0.00549232 0.759886 -0.650033 -0.00549232 0.7597 -0.647717 -0.0576094 0.75799 -0.644478 -0.100496 0.759888 0.650031 -0.0054922 0.759888 0.650031 -0.0054922 0.757991 0.644477 -0.100496 0.759702 0.647715 -0.0576096 -0.761509 0.648144 -0.003739 -0.761509 0.648143 -0.003739 -0.75878 0.643997 0.0975747 -0.760992 0.646708 0.0515808 0.284114 -0.744574 0.60406 -0.619147 -0.230483 0.75069 -0.528957 -0.257883 0.808518 -0.257887 -0.528955 0.808518 0.199824 -0.916533 0.346465 -0.230486 -0.619146 0.75069 -0.257884 -0.528958 0.808517 0.257885 -0.528958 0.808517 -0.230486 0.619146 0.75069 -0.257885 0.528958 0.808517 -0.528956 0.257885 0.808518 0.619146 0.230484 0.75069 0.528956 0.257885 0.808518 0.257885 0.528958 0.808517 -0.75799 -0.644478 -0.100496 -0.7597 -0.647717 -0.0576094 -0.759886 -0.650033 -0.00549232 -0.759886 -0.650033 -0.00549232 0.758779 -0.643998 0.0975746 0.760991 -0.646709 0.0515807 0.761508 -0.648144 -0.00373905 0.761508 -0.648144 -0.00373905 -0.759702 0.647715 -0.0576096 -0.757991 0.644477 -0.100496 -0.759888 0.650031 -0.0054922 -0.759888 0.650031 -0.0054922 0.760992 0.646708 0.0515808 0.75878 0.643997 0.0975747 0.761509 0.648144 -0.003739 0.761509 0.648144 -0.003739 -0.284114 -0.744574 0.60406 -0.199824 -0.916533 0.346465 -0.0987336 -0.62072 0.77779 -0.0541834 -0.602419 0.796339 0.0541834 -0.602419 0.796339 0.0987336 -0.62072 0.77779 0.0987336 -0.62072 -0.77779 0.0541834 -0.602419 -0.796339 -0.0541839 -0.602419 -0.796339 -0.0987344 -0.620719 -0.777791 0.0541835 0.602418 -0.796339 0.0987337 0.620719 -0.777791 -0.0987345 0.620719 -0.777792 -0.054184 0.602418 -0.79634 -0.0541834 0.602419 0.796339 -0.0987336 0.62072 0.77779 0.0987336 0.62072 0.77779 0.0541834 0.602419 0.796339 0.359366 -0.694905 -0.622866 0.313064 -0.686157 -0.656643 0.313064 0.686156 -0.656644 0.359367 0.694905 -0.622867 -0.359363 -0.694905 0.622869 -0.31306 -0.686156 0.656645 -0.313061 0.686156 0.656646 -0.359363 0.694904 0.622869 -0.622993 -0.694574 -0.359787 -0.657313 -0.685586 -0.312909 -0.657314 0.685584 -0.312909 -0.622994 0.694573 -0.359787 0.622992 -0.694576 0.359784 0.657314 -0.685587 0.312904 0.657315 0.685586 0.312905 0.622993 0.694576 0.359784 0.657312 -0.685588 -0.312906 0.622992 -0.694577 -0.359783 0.622993 0.694575 -0.359784 0.657313 0.685586 -0.312907 -0.657314 -0.685587 0.312904 -0.622992 -0.694576 0.359784 -0.622993 0.694576 0.359784 -0.657315 0.685586 0.312905 -0.313067 -0.686154 -0.656645 -0.359364 -0.694901 -0.622872 -0.359365 0.6949 -0.622873 -0.313067 0.686153 -0.656645 0.31306 -0.686156 0.656645 0.359363 -0.694905 0.622869 0.359363 0.694904 0.622869 0.313061 0.686156 0.656646 0.257888 -0.528955 0.808518 0.230487 -0.619146 0.75069 -0.230487 -0.619146 0.75069 -0.257888 -0.528955 0.808518 0.528957 0.257882 0.808518 0.619148 0.230482 0.750689 0.619148 -0.230482 0.750689 0.528957 -0.257882 0.808518 -0.257888 0.528954 0.808518 -0.230487 0.619146 0.75069 0.230487 0.619146 0.75069 0.257888 0.528954 0.808518 -0.528957 -0.257882 0.808518 -0.619148 -0.230482 0.750689 -0.619148 0.230482 0.750689 -0.528957 0.257882 0.808518 0.916048 -0.200375 0.347426 0.916048 0.200375 0.347426 0.995133 4.30733e-09 -0.0985402 0.995133 4.30733e-09 -0.0985402 -0.19999 -0.916386 0.346756 0.199824 -0.916532 0.346468 0 -1 -4.37114e-08 0 -1 -4.37114e-08 0.199824 0.916532 0.346468 -0.19999 0.916386 0.346756 0 1 4.37114e-08 0 1 4.37114e-08 -0.916048 0.200375 0.347426 -0.916048 -0.200375 0.347426 -0.995134 -4.30704e-09 0.0985337 -0.995134 -4.30704e-09 0.0985337 0.284114 -0.744574 0.60406 -0.284114 -0.744574 0.60406 0.744578 0.28411 0.604058 0.744578 -0.28411 0.604058 -0.284114 0.744574 0.60406 0.284114 0.744574 0.60406 -0.744578 -0.28411 0.604058 -0.744578 0.28411 0.604058 0.230486 -0.619146 0.750689 -0.230486 -0.619146 0.750689 -0.257885 -0.528958 0.808516 0.257885 -0.528958 0.808517 -0.619147 -0.230484 0.750689 -0.619147 0.230484 0.750689 -0.528957 0.257884 0.808517 -0.528957 -0.257885 0.808517 -0.230486 0.619146 0.750689 0.230486 0.619146 0.750689 0.257885 0.528958 0.808517 -0.257885 0.528958 0.808517 0.619147 0.230484 0.750689 0.619147 -0.230484 0.750689 0.528957 -0.257885 0.808517 0.528957 0.257884 0.808517 -0.916048 -0.200375 0.347426 -0.995133 4.30733e-09 -0.0985402 -0.995133 4.30733e-09 -0.0985402 -0.916048 0.200375 0.347426 0 -1 -4.37114e-08 -0.199824 -0.916532 0.346468 0.19999 -0.916386 0.346756 0 -1 -4.37114e-08 0 1 4.37114e-08 0.19999 0.916386 0.346756 -0.199824 0.916532 0.346468 0 1 4.37114e-08 0.995134 -4.30704e-09 0.0985337 0.916048 -0.200375 0.347426 0.916048 0.200375 0.347426 0.995134 -4.30704e-09 0.0985337 0.284114 -0.744574 0.60406 -0.284114 -0.744574 0.60406 -0.744578 -0.28411 0.604058 -0.744578 0.28411 0.604058 -0.284114 0.744574 0.60406 0.284114 0.744574 0.60406 0.744578 0.28411 0.604058 0.744578 -0.28411 0.604058 0 -1 -4.37114e-08 0 -1 -4.37114e-08 0 -1 -4.37114e-08 0 -1 -4.37114e-08 0.0985402 4.34986e-08 -0.995133 -0.0985402 4.34986e-08 -0.995133 -0.0985402 4.34986e-08 -0.995133 0.0985402 4.34986e-08 -0.995133 0 1 4.37114e-08 0 1 4.37114e-08 0 1 4.37114e-08 0 1 4.37114e-08 -0.0985402 -4.34986e-08 0.995133 0.0985402 -4.34986e-08 0.995133 0.0985402 -4.34986e-08 0.995133 -0.0985402 -4.34986e-08 0.995133 0 -1 -4.37114e-08 0 -1 -4.37114e-08 0.98058 8.57273e-09 -0.196121 0.98058 8.57273e-09 -0.196121 0 1 4.37114e-08 0 1 4.37114e-08 -0.980582 -8.57217e-09 0.196108 -0.980582 -8.57217e-09 0.196108 -0.98058 8.57273e-09 -0.196121 -0.98058 8.57273e-09 -0.196121 0 -1 -4.37114e-08 0 -1 -4.37114e-08 0 1 4.37114e-08 0 1 4.37114e-08 0.980582 -8.57217e-09 0.196108 0.980582 -8.57217e-09 0.196108 0 -1 -4.37114e-08 0 -1 -4.37114e-08 0.707107 3.09086e-08 -0.707107 0.707107 3.09086e-08 -0.707107 0.707107 3.09086e-08 -0.707107 0.707107 3.09086e-08 -0.707107 0.196121 4.28625e-08 -0.98058 0.196121 4.28625e-08 -0.98058 0 1 4.37114e-08 0 1 4.37114e-08 -0.707099 -3.0909e-08 0.707115 -0.707099 -3.0909e-08 0.707115 -0.707099 -3.0909e-08 0.707115 -0.707099 -3.0909e-08 0.707115 -0.196121 -4.28625e-08 0.98058 -0.196121 -4.28625e-08 0.98058 -0.707107 3.09086e-08 -0.707107 -0.707107 3.09086e-08 -0.707107 -0.707107 3.09086e-08 -0.707107 -0.707107 3.09086e-08 -0.707107 -0.196121 4.28625e-08 -0.98058 -0.196121 4.28625e-08 -0.98058 0 -1 -4.37114e-08 0 -1 -4.37114e-08 0 1 4.37114e-08 0 1 4.37114e-08 0.707099 -3.0909e-08 0.707115 0.707099 -3.0909e-08 0.707115 0.707099 -3.0909e-08 0.707115 0.707099 -3.0909e-08 0.707115 0.196121 -4.28625e-08 0.98058 0.196121 -4.28625e-08 0.98058 0.257888 -0.528955 0.808518 0.230487 -0.619146 0.75069 0.528957 0.257882 0.808518 -0.257888 0.528954 0.808518 -0.761504 -0.64815 -0.00373903 -0.761504 -0.64815 -0.00373903 -0.760986 -0.646714 0.0515802 -0.758774 -0.644004 0.0975742 0.759883 -0.650037 -0.00549221 0.759883 -0.650037 -0.00549221 0.759696 -0.647721 -0.0576091 0.757986 -0.644483 -0.100496 0.759883 0.650037 -0.00549216 0.759883 0.650037 -0.00549216 0.757986 0.644483 -0.100496 0.759696 0.647721 -0.057609 -0.761504 0.64815 -0.00373897 -0.761504 0.64815 -0.00373897 -0.758774 0.644004 0.0975743 -0.760986 0.646714 0.0515803 0.284114 -0.744574 0.60406 -0.619148 -0.230482 0.750689 -0.528957 -0.257882 0.808518 -0.257888 -0.528955 0.808518 0.199824 -0.916532 0.346468 -0.230486 -0.619146 0.750689 -0.257885 -0.528958 0.808516 0.257885 -0.528958 0.808517 -0.230486 0.619146 0.750689 -0.257885 0.528958 0.808517 -0.528957 0.257884 0.808517 0.619147 0.230484 0.750689 0.528957 0.257884 0.808517 0.257885 0.528958 0.808517 -0.757986 -0.644483 -0.100496 -0.759696 -0.647721 -0.0576091 -0.759883 -0.650037 -0.00549221 -0.759883 -0.650037 -0.00549221 0.758774 -0.644004 0.0975743 0.760986 -0.646714 0.0515802 0.761504 -0.64815 -0.00373903 0.761504 -0.64815 -0.00373903 -0.759696 0.647721 -0.057609 -0.757986 0.644483 -0.100496 -0.759883 0.650037 -0.00549216 -0.759883 0.650037 -0.00549216 0.760986 0.646714 0.0515803 0.758774 0.644004 0.0975743 0.761504 0.64815 -0.00373897 0.761504 0.64815 -0.00373897 -0.284114 -0.744574 0.60406 -0.199824 -0.916532 0.346468 -0.0987332 -0.620726 0.777786 -0.054183 -0.602425 0.796334 0.054183 -0.602425 0.796334 0.0987332 -0.620726 0.777786 0.0987332 -0.620726 -0.777786 0.054183 -0.602425 -0.796335 -0.0541834 -0.602424 -0.796335 -0.098734 -0.620725 -0.777787 0.054183 0.602425 -0.796334 0.0987332 0.620726 -0.777786 -0.098734 0.620725 -0.777787 -0.0541834 0.602424 -0.796335 -0.054183 0.602425 0.796335 -0.0987333 0.620726 0.777786 0.0987333 0.620726 0.777786 0.054183 0.602425 0.796335 0.359364 -0.69491 -0.622862 0.313061 -0.686162 -0.656639 0.313061 0.686162 -0.656639 0.359364 0.694911 -0.622862 -0.359361 -0.69491 0.622864 -0.313058 -0.686161 0.656641 -0.313058 0.686161 0.656641 -0.35936 0.69491 0.622864 -0.622989 -0.694579 -0.359785 -0.657309 -0.68559 -0.312907 -0.657309 0.68559 -0.312907 -0.622989 0.694579 -0.359785 0.622988 -0.694582 0.359781 0.65731 -0.685592 0.312902 0.65731 0.685592 0.312902 0.622988 0.694582 0.359782 0.657309 -0.685592 -0.312904 0.622988 -0.694581 -0.359781 0.622988 0.694581 -0.359781 0.657309 0.685592 -0.312904 -0.65731 -0.685592 0.312902 -0.622988 -0.694582 0.359782 -0.622988 0.694582 0.359782 -0.65731 0.685592 0.312902 -0.313064 -0.686159 -0.65664 -0.359362 -0.694906 -0.622868 -0.359362 0.694906 -0.622868 -0.313064 0.686159 -0.65664 0.313058 -0.686161 0.656641 0.359361 -0.69491 0.622864 0.35936 0.69491 0.622865 0.313058 0.686161 0.656641 -0.74114 0.0485369 -0.669594 -0.70125 0.128401 -0.701257 -0.766874 0.107764 -0.632686 -0.748661 -0.0965553 -0.655884 -0.745322 -0.107631 -0.657959 -0.678595 -0.281083 -0.678602 -0.73258 0.118561 0.670276 -0.681407 0.10673 0.724081 -0.722896 0.0431162 0.689611 -0.684048 -0.27272 0.676537 -0.69929 -0.144224 0.700138 -0.698905 -0.149512 0.699413 -0.684048 -0.27272 0.676537 0.74114 0.0485369 -0.669594 0.766874 0.107764 -0.632686 0.70125 0.128401 -0.701257 0.748661 -0.0965553 -0.655884 0.678595 -0.281083 -0.678602 0.745322 -0.107631 -0.657959 0.73258 0.118561 0.670276 0.722896 0.0431162 0.689611 0.681407 0.10673 0.724081 0.684048 -0.27272 0.676537 0.684048 -0.27272 0.676537 0.728325 -0.150485 0.668503 0.729887 -0.145385 0.667928 -0.737677 0.10533 0.666887 -0.701254 0.128401 0.701254 -0.724915 0.0473408 0.687209 0.724915 0.0473408 0.687209 0.701254 0.128401 0.701254 0.737677 0.10533 0.666887 -0.703603 0.000644792 0.710593 -0.695828 -0.000595641 0.718208 -0.621157 -3.71232e-08 0.783686 -0.657665 0.00404865 0.753299 0.657665 0.00404865 0.753299 0.621157 -3.4256e-08 0.783686 0.662304 -0.00243534 0.749231 0.671488 -0.00113056 0.741014 -0.69945 -3.12397e-08 0.714681 -0.766011 -0.000568234 0.642828 -0.748092 -0.000903421 0.663594 -0.728155 -0.00100205 0.685412 0.753142 0.000916678 0.657857 0.726733 0.00188257 0.686918 0.69945 -3.12397e-08 0.714681 0.763421 0.00010603 0.645901 0.75785 0.000387386 0.652429 0.755553 0.000101528 0.655088 0.686433 -3.17866e-08 0.727193 0.74061 0.000781266 0.671934 -0.751057 -0.000675657 0.660237 -0.74082 -0.000463572 0.671704 -0.668203 -3.52422e-08 0.743979 -0.737686 -0.000838257 0.675143 -0.713328 -2.86911e-07 -0.70083 -0.713328 -2.86911e-07 -0.70083 -0.713328 -2.86911e-07 -0.70083 -0.713328 -2.86911e-07 -0.70083 -0.713255 -1.74382e-07 -0.700904 -0.713255 -1.74382e-07 -0.700904 -0.713255 -1.74382e-07 -0.700904 -0.713255 -1.74382e-07 -0.700904 -0.713327 -3.06343e-08 0.700831 -0.713327 -3.06343e-08 0.700831 -0.713327 -3.06343e-08 0.700831 -0.713327 -3.06343e-08 0.700831 -0.753197 0.000998217 -0.657794 -0.744999 0.000790128 -0.667065 -0.707103 3.09088e-08 -0.70711 -0.707103 3.09088e-08 -0.70711 -0.721989 0.00104051 0.691903 -0.728948 0.000315809 0.684569 -0.707107 -3.09086e-08 0.707107 -0.707107 -3.09086e-08 0.707107 0 -1 -4.37114e-08 0 -1 -4.37114e-08 0 -1 -4.37114e-08 0 -1 -4.37114e-08 -0.707107 -3.09086e-08 0.707107 -0.707107 -3.09086e-08 0.707107 -0.707107 -3.09086e-08 0.707107 -0.707107 -3.09086e-08 0.707107 -0.473879 -0.742011 0.474193 -0.473879 -0.742011 0.474193 -0.473879 -0.742011 0.474193 -0.473879 -0.742011 0.474193 -0.540289 -0.648772 -0.535894 -0.540289 -0.648772 -0.535894 -0.540289 -0.648772 -0.535894 -0.540289 -0.648772 -0.535894 -0.263361 0.667385 0.696591 -0.234556 0.394575 0.888422 -0.0938732 0.905825 0.41312 -0.170472 0.836274 0.521139 -0.548749 0.630673 0.548749 -0.548749 0.630673 0.548749 -0.548749 0.630673 0.548749 -0.548749 0.630673 0.548749 -0.273652 0.686904 -0.673259 -0.357677 0.62074 -0.697674 -0.100765 0.880313 -0.463569 -0.186421 0.82907 -0.527153 -0.548975 0.630968 -0.548185 -0.548975 0.630968 -0.548185 -0.548975 0.630968 -0.548185 -0.548975 0.630968 -0.548185 -0.706207 -0.0509569 0.706169 -0.706207 -0.0509569 0.706169 -0.706207 -0.0509569 0.706169 -0.706207 -0.0509569 0.706169 -0.708006 0.0415442 -0.704983 -0.708006 0.0415442 -0.704983 -0.708006 0.0415442 -0.704983 -0.708006 0.0415442 -0.704983 0.713328 -2.86911e-07 -0.70083 0.713328 -2.86911e-07 -0.70083 0.713328 -2.86911e-07 -0.70083 0.713328 -2.86911e-07 -0.70083 0.713255 -1.74382e-07 -0.700904 0.713255 -1.74382e-07 -0.700904 0.713255 -1.74382e-07 -0.700904 0.713255 -1.74382e-07 -0.700904 0.713327 -3.06343e-08 0.700831 0.713327 -3.06343e-08 0.700831 0.713327 -3.06343e-08 0.700831 0.713327 -3.06343e-08 0.700831 0.794856 -0.00158246 -0.606796 0.784799 -0.00158172 -0.619748 0.707103 3.09088e-08 -0.70711 0.707103 3.09088e-08 -0.70711 0.707103 3.09088e-08 -0.70711 0.707103 3.09088e-08 -0.70711 0 -1 -4.37114e-08 0 -1 -4.37114e-08 0 -1 -4.37114e-08 0 -1 -4.37114e-08 0.707107 -3.09086e-08 0.707107 0.707107 -3.09086e-08 0.707107 0.707107 -3.09086e-08 0.707107 0.707107 -3.09086e-08 0.707107 0.473879 -0.742011 0.474193 0.473879 -0.742011 0.474193 0.473879 -0.742011 0.474193 0.473879 -0.742011 0.474193 0.540289 -0.648772 -0.535893 0.540289 -0.648772 -0.535893 0.540289 -0.648772 -0.535893 0.540289 -0.648772 -0.535893 0.234556 0.394575 0.888422 0.263361 0.667385 0.696591 0.170472 0.836274 0.521139 0.0938732 0.905825 0.41312 0.548749 0.630673 0.548749 0.548749 0.630673 0.548749 0.548749 0.630673 0.548749 0.548749 0.630673 0.548749 0.357677 0.62074 -0.697674 0.273652 0.686904 -0.673259 0.186421 0.82907 -0.527153 0.100765 0.880313 -0.463569 0.548975 0.630968 -0.548185 0.548975 0.630968 -0.548185 0.548975 0.630968 -0.548185 0.548975 0.630968 -0.548185 0.706207 -0.0509569 0.706169 0.706207 -0.0509569 0.706169 0.706207 -0.0509569 0.706169 0.706207 -0.0509569 0.706169 0.708006 0.0415442 -0.704983 0.708006 0.0415442 -0.704983 0.708006 0.0415442 -0.704983 0.708006 0.0415442 -0.704983 0.707107 -3.09086e-08 0.707107 0.707107 -3.09086e-08 0.707107 -0.707103 3.09088e-08 -0.70711 -0.707103 3.09088e-08 -0.70711 -0.784799 -0.00158172 -0.619748 -0.794856 -0.00158246 -0.606796 0.757831 -0.00143389 -0.65245 0.749187 -0.00135174 -0.662357 0.718446 -0.00183716 0.695581 0.726063 -0.000247067 0.687628 -0.729035 -0.000546768 -0.684476 -0.728034 -0.00039743 -0.685541 -0.757831 -0.00143389 -0.65245 -0.749187 -0.00135174 -0.662357 0.728034 -0.00039743 -0.685541 0.729035 -0.000546768 -0.684476 0.753197 0.000998217 -0.657794 0.744999 0.000790129 -0.667065 -0.503935 0.709561 -0.492517 -0.503935 0.709561 -0.492517 -0.503935 0.709561 -0.492517 -0.503935 0.709561 -0.492517 -0.504056 0.707498 0.495352 -0.504056 0.707498 0.495352 -0.504056 0.707498 0.495352 -0.504056 0.707499 0.495352 0.503935 0.709561 -0.492517 0.503935 0.709561 -0.492517 0.503935 0.709561 -0.492517 0.503935 0.709561 -0.492517 0.504056 0.707499 0.495352 0.504056 0.707498 0.495352 0.504056 0.707498 0.495352 0.504056 0.707498 0.495352 -0.503935 -0.709561 -0.492517 -0.503935 -0.709561 -0.492517 -0.503935 -0.709561 -0.492517 -0.503935 -0.709561 -0.492517 -0.504056 -0.707499 0.495352 -0.504056 -0.707499 0.495352 -0.504056 -0.707499 0.495352 -0.504056 -0.707499 0.495352 0.503935 -0.709561 -0.492517 0.503935 -0.709561 -0.492517 0.503935 -0.709561 -0.492517 0.503935 -0.709561 -0.492517 0.504056 -0.707499 0.495352 0.504056 -0.707499 0.495352 0.504056 -0.707499 0.495352 0.504056 -0.707498 0.495352 0.13094 -0.769327 0.625293 0.0861813 -0.799851 0.59398 0.231698 -0.687869 0.68786 0.231698 -0.687869 0.68786 0.678602 -0.281086 0.678594 0.74002 -0.0962404 0.665664 0.737165 -0.107304 0.667139 -0.678602 -0.281086 0.678594 -0.773725 -0.108888 0.624094 -0.778693 -0.0977655 0.619742 -0.13094 -0.769327 0.625293 -0.231698 -0.687869 0.68786 -0.231698 -0.687869 0.68786 -0.0861813 -0.799851 0.59398 -0.744002 0.00134716 0.668176 -0.741167 -0.00243187 0.671316 -0.707111 -3.09084e-08 0.707102 -0.741649 0.00493641 0.67077 0.741649 0.00493641 0.67077 0.707111 -3.09084e-08 0.707102 0.777318 -2.74992e-08 0.629108 0.763705 0.0026627 0.64556 0.763358 -0.000652237 0.645975 0.777318 8.72662e-08 0.629108 0.707111 -3.09084e-08 0.707102 0.74093 -0.0012072 0.671582 -0.763472 0.00131329 0.645839 -0.777318 -2.74992e-08 0.629108 -0.707111 -3.09084e-08 0.707102 -0.741167 0.00243192 0.671316 -0.777318 2.91683e-08 0.629108 -0.707111 -3.09084e-08 0.707102 -0.777318 -2.74992e-08 0.629108 -0.782546 3.36418e-09 0.622593 0.777318 -2.74992e-08 0.629108 0.707111 -3.09084e-08 0.707102 0.777318 8.72663e-08 0.629108 0.782546 3.47147e-08 0.622593 0.737165 -0.107304 0.667139 0.74002 -0.0962404 0.665664 0.760949 1.38095e-08 0.648812 0.760949 1.37592e-08 0.648812 0.382686 -4.0384e-08 0.923878 0.372198 0.237212 0.897329 0.527007 -0.666985 0.526683 0.527007 -0.666985 0.526683 0.527007 -0.666985 0.526683 0.527007 -0.666985 0.526683 0.796213 0.529718 0.292308 0.893562 0.190951 0.406306 0.378405 0.918591 0.114015 0.564239 0.804013 0.187612 0.552781 0.623598 0.552774 0.552781 0.623598 0.552774 0.575329 0.581246 0.575457 0.584458 0.562672 0.584644 0.605759 0.515476 0.606087 0.605759 0.515476 0.606087 0.584458 0.562672 0.584644 0.575329 0.581246 0.575457 0.564239 0.804013 0.187612 0.796213 0.529718 0.292308 -0.761973 0.00796884 0.647559 -0.761973 0.00796884 0.647559 -0.744002 0.00134716 0.668176 -0.741649 0.00493641 0.67077 -0.372198 0.237212 0.897329 -0.893562 0.190951 0.406306 -0.923881 -1.67275e-08 0.38268 -0.382686 -4.0384e-08 0.923878 -0.527007 -0.666985 0.526683 -0.527007 -0.666985 0.526683 -0.527007 -0.666985 0.526683 -0.527007 -0.666985 0.526683 -0.893562 0.190951 0.406306 -0.796213 0.529718 0.292308 -0.564239 0.804013 0.187612 -0.378405 0.918591 0.114015 -0.584458 0.562672 0.584644 -0.575329 0.581246 0.575457 -0.552781 0.623598 0.552774 -0.552781 0.623598 0.552774 -0.575329 0.581246 0.575457 -0.584458 0.562672 0.584644 -0.605759 0.515476 0.606087 -0.605759 0.515476 0.606087 -0.796213 0.529718 0.292308 -0.564239 0.804013 0.187612 0.0861813 -0.799851 0.59398 0.13094 -0.769327 0.625293 -0.13094 -0.769327 0.625293 -0.0861813 -0.799851 0.59398 -0.741167 -0.00243187 0.671316 -0.744002 0.00134716 0.668176 -0.761294 5.67388e-08 0.648407 -0.761294 5.63965e-08 0.648407 0.741649 0.00493641 0.67077 0.763705 0.0026627 0.64556 0.761973 0.00796884 0.647559 0.761973 0.00796884 0.647559 0.760949 1.37592e-08 0.648812 0.760949 1.38095e-08 0.648812 0.763358 -0.000652237 0.645975 0.74093 -0.0012072 0.671582 0.777318 8.72662e-08 0.629108 0.763358 -0.000652237 0.645975 0.782546 3.47147e-08 0.622593 0.777318 8.72663e-08 0.629108 -0.777318 -2.74992e-08 0.629108 -0.763472 0.00131329 0.645839 -0.782546 3.36418e-09 0.622593 -0.777318 -2.74992e-08 0.629108 -0.777318 2.91683e-08 0.629108 -0.782546 3.36418e-09 0.622593 -0.778693 -0.0977655 0.619742 -0.773725 -0.108888 0.624094 -0.763472 0.00131329 0.645839 -0.741167 0.00243192 0.671316 0.777318 -2.74992e-08 0.629108 0.782546 3.47147e-08 0.622593 0.763705 0.0026627 0.64556 0.777318 -2.74992e-08 0.629108 </float_array>
          <technique_common>
            <accessor count="4563" offset="0" source="#meshId0-normals-array" stride="3">
              <param name="X" type="float" />
              <param name="Y" type="float" />
              <param name="Z" type="float" />
            </accessor>
          </technique_common>
        </source>
        <source id="meshId0-tangents" name="meshId0-tangents">
          <float_array id="meshId0-tangents-array" count="13689"> 0 0.00242573 0.999997 0 0.00102524 0.999999 0 0.000912522 1 0 0.00219893 0.999998 -0.999847 -5.99678e-05 0.0174766 -0.999847 -9.56371e-05 0.0174766 -0.999962 -0.000209689 0.00873863 -0.999962 -0.00019184 0.00873863 -0.999844 3.33658e-05 -0.0176618 -0.999844 4.47234e-05 -0.0176618 -0.999961 0.000113847 -0.00883126 -0.999961 0.000108167 -0.00883126 0.999999 -4.62098e-11 0.00105716 1 3.2994e-11 -0.000754815 1 -8.04174e-12 0.000183974 1 -1.02317e-11 0.000234075 1 -2.01482e-11 0.000460936 0 0.00235139 0.999997 0 0.00215726 0.999998 0 0.00141534 0.999999 0 0.0017991 0.999998 -1 -4.70956e-07 -2.05861e-14 -1 2.95277e-06 1.29069e-13 -1 1.81626e-05 7.93912e-13 -1 9.51574e-06 4.15946e-13 1 0 0 1 0 0 1 0 0 1 0 0 0 0.00106233 0.999999 0 0.00103518 0.999999 0 0.00101382 0.999999 0 0.000908628 1 1 -4.22983e-07 -1.84892e-14 0.995914 1.76274e-05 0.0903083 0.998965 0.00207085 0.0454359 1 0 0 0.999844 -3.29024e-05 -0.0176618 0.999961 -0.000108298 -0.00883125 0.999961 -0.000113978 -0.00883125 0.999844 -4.42616e-05 -0.0176618 1 -1.13657e-11 0.000260017 1 -2.11858e-11 0.000484674 1 7.26132e-13 -1.6612e-05 1 2.00117e-12 -4.57815e-05 1 -4.42009e-12 0.00010112 1 1.65418e-11 -0.000378432 0.999999 4.44327e-11 -0.0010165 1 -4.31939e-12 9.8816e-05 0.999999 -5.84051e-11 0.00133609 1 -1.54157e-11 0.000352694 1 -1.33672e-11 0.000305943 0.999997 -1.05241e-10 0.0024076 0.999965 3.65594e-10 -0.00836381 0.99986 7.32163e-10 -0.0167499 0.99986 7.32186e-10 -0.0167505 0.999965 3.63698e-10 -0.00832045 0.000426738 -4.37114e-08 1 0.000252115 -4.37114e-08 1 0.000304172 -4.37114e-08 1 0.000796695 -4.37114e-08 1 -0.999888 6.53844e-10 -0.0149582 -0.999965 3.66125e-10 -0.00837597 -0.999965 3.64233e-10 -0.00833268 -0.999905 6.03225e-10 -0.0138002 -0.999999 -0.00121578 -5.31436e-11 -0.999999 -0.00131303 -5.73944e-11 -0.999999 -0.00129895 -5.67789e-11 -0.999999 -0.00132721 -5.80143e-11 0 0.00642957 0.999979 0 0.0023299 0.999997 0 0.000914431 1 0 0.00360397 0.999994 1 0 0 0.923878 1.67278e-08 -0.382686 0.92815 -0.0924974 -0.36053 0.972103 0.0952058 0.214365 0 3.59599e-05 -1 -6.04157e-05 0.000560142 -1 -0.000146554 0.00135863 -0.999999 0 0.000311939 -1 -5.5941e-11 0.000505159 -1 -6.36787e-11 0.000575065 -1 -3.1557e-11 0.000570078 -1 -2.54056e-11 0.000458953 -1 0 -0.00027196 1 0 -0.000270868 1 0 -0.000154879 1 0 -0.000156683 1 1 -5.41875e-12 0.000123966 1 -6.18769e-12 0.000141558 0 0.0037904 0.999993 0 0.00387179 0.999992 0 0.00396931 0.999992 0 0.00391931 0.999992 0 -3.13922e-05 1 0 -0.000930304 1 0 0.000801171 1 0 0.00141007 0.999999 1 -2.02172e-11 0.000462516 0.999998 9.51413e-11 -0.00217658 -4.39479e-06 3.96161e-07 1 -2.61033e-06 1.87032e-07 1 -5.52127e-06 3.85182e-07 1 1.25734e-06 1.98311e-07 1 0 -0.000153225 1 0 -8.12527e-05 1 0 0.000306072 1 0 0.000265995 1 0.999998 8.51426e-11 -0.00194784 0.999999 6.64221e-11 -0.00151956 0 0 -1 -5.79233e-06 4.76049e-05 -1 0.408399 0.0300886 -0.912307 0.382679 0.00217662 -0.923879 -5.30935e-11 0.000479741 -1 -2.44759e-11 0.000442347 -1 0 0.000594575 -1 0 0.000594864 -1 0 0.000585664 -1 0 0.000586191 -1 0 -0.000320553 1 0 -0.000320608 1 0 9.91007e-05 1 0 8.7272e-05 1 0 5.82961e-05 1 0 8.0154e-05 1 0 4.35834e-06 1 0 5.79427e-06 1 0 4.33804e-06 1 0 4.35834e-06 1 0 -0.00251015 0.999997 0 -0.00249625 0.999997 0 0.000781316 1 0 -4.37114e-08 1 1.6951e-08 -4.37114e-08 1 0 -0.00113258 0.999999 0 -0.00107409 0.999999 0.000111932 0.000285563 -1 7.99669e-05 0.000281069 -1 -0.000160014 0.000169505 -1 -0.000159408 0.000170545 -1 0.00033516 0.000475772 -1 0.000361859 0.000557558 -1 0.000400789 0.000734024 -1 0.000401107 0.000734554 -1 1 0.000162368 -0.000124549 1 3.35904e-05 -0.000211975 1 3.24539e-05 -0.000212746 1 0.000159813 -0.000126283 -0.000194072 0.000222906 1 0.00180186 -0.0020699 0.999996 0.00181192 -0.00208146 0.999996 -1.4368e-05 1.64745e-05 1 -0.000204354 0.000234695 1 -0.000239452 0.000275016 1 -0.00226038 0.00259654 0.999994 -0.00493611 0.00567029 0.999972 -0.0132968 0.0152746 0.999795 -0.0124718 0.0143269 0.99982 -0.999997 0.000300337 0.00237596 -0.999972 0.000117134 0.00749142 -0.999986 -0.000214021 0.00532869 -0.999994 0.000342612 0.00339292 -0.000165195 0.000701176 -1 -3.12813e-05 4.51069e-05 -1 -4.6825e-05 0.000397027 -1 -0.00013135 0.000506906 -1 -3.3987e-05 -7.49027e-06 -1 -4.05655e-05 -1.6019e-05 -1 -2.62845e-05 0.00021343 -1 -0.000111566 0.000180891 -1 -0.000219503 0.000355822 -1 -0.000186585 0.000319385 -1 -0.000357051 0.0019637 -0.999998 -0.000422903 0.00185905 -0.999998 -6.40604e-05 0.001463 -0.999999 -0.000321479 0.000521079 -1 -0.000387742 0.000501018 -1 0.241957 0.164034 -0.956321 0.0425874 0.105767 -0.993479 0.106633 0.154368 -0.982242 -0.000356878 0.00057844 -1 -0.000410932 0.000592559 -1 0.941802 -0.0981222 -0.321529 0.964697 0.182259 0.190107 0.985362 0.144963 0.089704 0.975153 -0.101931 -0.196689 0.992269 -0.0766382 -0.097614 0.995584 0.0856029 0.0385297 1 -0.000101824 2.52202e-05 1 -7.10976e-05 1.76724e-05 1 1.08097e-05 5.54212e-05 1 -8.02535e-05 7.78154e-05 4.35476e-05 6.81966e-05 1 0.338756 -0.101174 0.935419 0.216543 -0.149437 0.964768 0.000228684 0.000267807 1 0.000426227 0.000279815 1 0.124119 -0.132254 0.983414 0.23767 -0.0217385 0.971103 0.000350304 0.000163405 1 -0.00131403 -0.0020591 0.999997 0.000474386 0.000743329 1 0.000451283 0.000707127 1 -0.00131202 -0.00205595 0.999997 0.000116387 0.000182338 1 0.000120901 0.000141564 1 0.000130322 8.55166e-05 1 0.000167727 7.81985e-05 1 0.000941492 0.00147526 0.999998 0.000917294 0.00143734 0.999999 0.000494974 0.000775595 1 -0.000225095 -0.000263691 1 -0.00188041 -0.00123469 0.999997 -0.000491686 -0.000229459 1 0.00171889 0.00269344 0.999995 0.00175188 0.00274514 0.999995 -0.190089 0.171263 0.966714 -0.312369 0.129733 0.941061 -0.258265 0.0282146 0.965662 -0.125875 0.135466 0.982754 0.00265818 0.00416533 0.999988 0.00274818 0.00430636 0.999987 -0.999966 3.66065e-05 0.00827072 -0.933796 -0.230012 0.274081 -0.961773 -0.187866 0.199247 -0.99997 -0.00015609 0.00780048 -0.99998 4.76722e-05 0.00637922 -0.982402 -0.151016 0.109908 -0.994869 -0.0849186 0.0549924 -0.999989 0.000224853 0.00473214 -0.999999 -0.000344279 0.00123109 -1 0.000203402 0.000875544 -0.999999 -0.000178271 0.00160732 -0.999995 3.36175e-05 0.00315366 -1 -0.000205411 -0.000876889 -0.999999 0.000176475 -0.00160811 0.000163884 0.000256009 -1 -0.000143876 0.000302145 -1 -0.00044754 0.000453744 -1 -0.00045637 0.000602089 -1 1 -3.75296e-05 9.32958e-05 1 -4.97399e-07 9.33641e-05 0.000206296 -0.00321834 0.999995 0.000205654 -0.00320832 0.999995 2.86924e-05 -0.000447657 1 1.16981e-05 -0.000182538 1 -0.000100753 0.00157174 0.999999 -9.10344e-05 0.00142013 0.999999 -0.000774527 0.0120829 0.999927 -0.000559183 0.00872343 0.999962 -0.000414274 0.0064628 0.999979 -0.000529445 0.0082595 0.999966 0.999961 0.00011164 0.00883125 0.999961 0.000105987 0.00883125 0.999999 -2.39878e-10 -0.00160745 0.999999 -2.39988e-10 -0.00160819 0.999999 -2.39699e-10 -0.00160814 0.999999 -2.39667e-10 -0.00160793 1 0 0 1 0 0 1 0 0 1 0 0 -0.999961 -0.000106997 0.00883126 -0.999961 -0.000112676 0.00883126 1 -5.10394e-12 0.000116764 1 -4.99997e-12 0.000114386 -0.999979 -0.00641808 -2.80543e-10 -0.99998 -0.00639487 -2.79529e-10 -0.999979 -0.00643623 -2.81337e-10 -0.999979 -0.00644468 -2.81706e-10 1 -1.03237e-08 1.99038e-09 1 5.49184e-17 2.84849e-16 1 0 0 1 0 0 -0.99998 -4.80041e-05 -0.00637962 -0.99997 0.000155729 -0.00780077 1 0 0 1 0 0 1 0 0 1 0 0 -0.999962 0.000209733 -0.00873863 -0.999962 0.000191864 -0.00873863 1 -3.22435e-12 7.37645e-05 1 -1.45923e-12 3.33833e-05 -0.999989 -0.000225081 -0.00473249 0 0.00072043 1 -0.144823 4.7638e-05 0.989458 -0.144805 0.0157613 0.989335 0 0.015347 0.999882 0.0321183 6.26642e-08 0.999484 -0.0318994 -0.00642619 0.99947 0 -0.00578172 0.999983 0 0.00234125 0.999997 0.144824 0.00237484 0.989455 0 0.00175231 0.999998 0 -0.00543094 0.999985 0 -0.000872843 1 -0.0320172 0.00296973 0.999483 0.0320556 -0.00184641 0.999484 0.144823 0.00207301 0.989455 0.0320386 0.0023468 0.999484 0 0.00327877 0.999995 0 0.00292575 0.999996 -0.0320208 0.00286513 0.999483 0.0321235 0.000151542 0.999484 -0.144823 0.00382868 0.98945 -0.144822 0.00393168 0.98945 -0.0321237 0.000157444 0.999484 -0.907711 -0.29264 0.300702 -0.916337 -0.377933 0.132261 -0.982886 -0.117513 0.141866 -0.940236 -0.0968905 0.326449 0.00142637 0.000648229 0.999999 -0.000479145 -0.000217776 1 -0.000483513 -0.000219761 1 0.00142121 0.000645884 0.999999 0.989626 -0.0154282 0.142839 0.944601 -0.0125839 0.327981 0.941135 -0.0864935 0.326777 0.984242 -0.105286 0.142062 -0.00104669 0.00047566 0.999999 -0.000893347 0.000405972 1 -0.000892996 0.000405813 1 -0.00104627 0.000475471 0.999999 0.989549 -0.0198579 0.142823 0.944552 -0.0162478 0.327961 0.941003 -0.0881006 0.32673 0.984087 -0.106763 0.142037 1 0 0 1 0 0 1 0 0 1 0 0 -0.908208 -0.290913 0.300878 -0.920652 -0.367076 0.13287 -0.983068 -0.115973 0.141872 -0.93968 -0.102726 0.326266 0.000110209 4.99891e-05 1 2.28014e-05 1.02653e-05 1 2.2601e-05 1.01743e-05 1 0.000109972 4.98815e-05 1 -0.814167 -0.231065 0.532673 -0.835945 -0.0455215 0.546921 -0.667867 -0.0314972 0.743614 -0.406204 -0.027937 0.913355 -0.194513 0.0176706 0.980741 -0.393513 -0.0128191 0.91923 -0.330489 -0.00906237 0.943766 -0.153435 0.00739058 0.988131 -0.144821 0.00527835 0.989444 -0.286588 0.0050943 0.95804 -0.286571 0.0120857 0.957983 -0.144812 0.012292 0.989383 -6.3426e-05 1.66688e-05 1 4.70356e-05 -1.24863e-05 1 4.73385e-05 -1.25663e-05 1 -6.27836e-05 1.64992e-05 1 0.194109 -0.0151091 0.980864 0.152703 -0.00274107 0.988268 -0.0320882 -0.000885383 0.999485 0.0319869 0.00386076 0.999481 0.15252 0.00517367 0.988287 -0.152516 -0.00519359 0.988287 0.836814 -0.00589533 0.547456 0.668197 -0.00521525 0.743966 0.667989 -0.0254482 0.743736 0.836311 -0.0351552 0.547127 0.393524 -0.00949662 0.919265 0.39354 -0.00317358 0.919302 0.330503 -0.00242396 0.943802 0.330498 -0.00604423 0.943787 0.144701 0.041229 0.988616 0.286366 0.0399822 0.957286 6.91773e-05 1.82429e-05 1 7.81468e-05 2.06103e-05 1 7.81714e-05 2.06168e-05 1 6.92294e-05 1.82567e-05 1 -0.194633 -0.018435 0.980703 0.19467 0.0186681 0.980691 0.153788 0.00963423 0.988057 -0.153803 -0.00973417 0.988054 0.0322339 0.00340599 0.999475 -0.0322812 -0.00481018 0.999467 -0.15334 -0.00200979 0.988171 0.153142 0.00025026 0.988204 0.836813 -0.00471782 0.547469 0.668194 -0.00506358 0.74397 0.667979 -0.0258038 0.743732 0.836296 -0.0354276 0.547132 0.393522 -0.0101614 0.919259 0.393539 -0.00402206 0.919299 0.330502 -0.00323132 0.9438 0.330496 -0.00655092 0.943784 0.149867 0.0278956 0.988313 0.0315144 0.0176358 0.999348 0.144788 0.0221555 0.989215 0.286471 0.0292315 0.957643 -1.38652e-08 -1.31547e-07 1 1.44865e-09 -1.27505e-07 1 1.49057e-09 -1.27494e-07 1 -1.37763e-08 -1.31523e-07 1 -0.193024 -0.00827551 0.981159 0.193026 0.00828145 0.981159 0.152051 -0.00137465 0.988372 -0.152051 0.00137657 0.988372 0.0322398 0.00358347 0.999474 -0.0322397 -0.00358308 0.999474 -0.153169 -0.000500651 0.9882 0.15317 0.000504774 0.9882 -0.8154 -0.224809 0.533463 -0.836208 -0.038257 0.547076 -0.667979 -0.0257425 0.743735 -0.4068 -0.0244711 0.913189 -0.194277 0.0161706 0.980813 -0.393503 -0.0141504 0.919215 -0.330464 -0.0155397 0.943691 -0.15304 0.00487649 0.988208 -0.144822 0.00529468 0.989444 -0.286591 0.00507199 0.95804 -0.286573 0.0121005 0.957982 -0.144812 0.0124262 0.989381 -8.40244e-06 2.11793e-06 1 -4.19863e-06 1.00836e-06 1 -4.1871e-06 1.00532e-06 1 -8.37799e-06 2.11148e-06 1 0.194265 -0.0160981 0.980817 0.15303 -0.00481903 0.98821 -0.0315141 -0.0176456 0.999348 -0.149862 -0.0279443 0.988312 -0.865208 0.0160685 0.501155 -0.944454 0.0219017 0.327913 -0.940752 0.0910998 0.326628 -0.863343 0.067554 0.500075 0.40726 0.0218129 0.913052 4.26363e-05 -7.37584e-06 1 4.17742e-05 -7.22705e-06 1 -0.000133684 2.30558e-05 1 -0.00013325 2.29808e-05 1 0.909958 0.284776 0.301461 0.851176 0.179968 0.493063 0.862131 0.085562 0.499409 0.939463 0.104907 0.326197 -0.406379 0.0269307 0.913307 0.40658 -0.0257668 0.913252 0.000100684 1.73874e-05 1 0.000101066 1.74533e-05 1 0.000178763 3.08636e-05 1 0.00017857 3.08304e-05 1 0.908334 0.290478 0.300918 0.85146 0.178171 0.493224 0.862521 0.0801591 0.499632 0.939718 0.102332 0.32628 -0.406438 0.0266039 0.913291 0.406405 -0.0267737 0.913301 1.22253e-09 -1.23321e-07 1 1.22308e-09 -1.23321e-07 1 1.33644e-09 -1.23301e-07 1 1.33616e-09 -1.23301e-07 1 -0.865234 0.0121482 0.50122 -0.944558 0.0159621 0.327956 -0.941005 0.0881153 0.326719 -0.863458 0.0652584 0.500182 0.406799 0.0244999 0.913189 -2.75371e-06 4.31574e-07 1 -2.76701e-06 4.3387e-07 1 -5.47471e-06 9.01214e-07 1 -5.46801e-06 9.00058e-07 1 0 0.000938614 1 0 0.00104943 0.999999 0 0.00245985 0.999997 0 0.00223674 0.999997 -0.999847 9.52611e-05 -0.0174766 -0.999847 5.94994e-05 -0.0174766 -0.999844 -4.37833e-05 0.0176618 -0.999844 -3.2426e-05 0.0176618 1 1.33539e-11 -0.000305502 0.999999 -4.50274e-11 0.00103011 1 3.64362e-11 -0.000833562 0 -0.000469085 -1 0 0.000553674 -1 0 0.000700041 -1 0 7.73441e-05 -1 -1 -3.89727e-05 -1.70355e-12 -1 -6.72279e-06 -2.93862e-13 -1 -2.95097e-06 -1.28991e-13 -1 -1.6329e-05 -7.13765e-13 1 0 0 1 0 0 1 0 0 1 0 0 0 -0.000721663 -1 0 -0.000703811 -1 0 -0.00034693 -1 0 -0.000343765 -1 0.998965 -0.00207085 -0.0454359 0.995914 1.8654e-05 -0.0903083 1 0 0 1 0 0 0.999844 3.19615e-05 0.0176618 0.999844 4.32656e-05 0.0176618 1 1.02198e-11 -0.000233802 0.999999 -5.45299e-11 0.0012475 1 -2.58718e-11 0.000591877 0.999999 4.86215e-11 -0.00111236 0.999998 9.50495e-11 -0.00217452 1 1.79144e-12 -4.11081e-05 1 4.95674e-12 -0.000113428 0.999965 -3.65752e-10 0.00836743 0.999965 -3.63855e-10 0.00832404 0.99986 -7.32331e-10 0.0167538 0.99986 -7.32308e-10 0.0167533 -0.000394265 -4.37114e-08 1 -0.000802739 -4.37114e-08 1 -0.000291854 -4.37114e-08 1 -0.000237575 -4.37114e-08 1 -0.999888 -6.54407e-10 0.0149711 -0.999905 -6.02828e-10 0.0137911 -0.999965 -3.64345e-10 0.00833524 -0.999965 -3.66238e-10 0.00837856 -1 5.10337e-08 2.23075e-15 -1 4.51382e-08 1.97305e-15 -1 2.52476e-08 1.10361e-15 -1 5.41098e-08 2.36521e-15 0 -0.000805812 -1 0 -0.00222823 -0.999998 0 -0.00628537 -0.99998 0 -0.0034454 -0.999994 0.92815 0.092422 0.36055 0.923878 -1.67278e-08 0.382686 1 0 0 0.972103 -0.0952058 -0.214365 0.000145709 0.00135079 -0.999999 6.04462e-05 0.000560424 -1 0 3.7088e-05 -1 0 0.000308132 -1 6.50964e-11 0.000588184 -1 5.75283e-11 0.000519845 -1 2.73058e-11 0.000493518 -1 3.30727e-11 0.000597672 -1 1 -4.00269e-12 9.15708e-05 0 -0.00014419 1 0 -0.000257267 1 0 -0.000255877 1 0 -0.000143538 1 0 0.0018412 -0.999998 0 0.00189165 -0.999998 0 0.00197523 -0.999998 0 0.00190716 -0.999998 0 -8.55328e-05 -1 0 0.00182059 -0.999998 0 0.00179692 -0.999998 0 0.000271616 -1 0.999997 -1.10266e-10 0.00252258 1 4.51844e-12 -0.00010337 2.46802e-05 3.85178e-07 1 1.32334e-05 1.8703e-07 1 2.30101e-05 3.96157e-07 1 1.11817e-05 1.98309e-07 1 0 -0.000208075 -1 0 0.000161472 -1 0 0.000224795 -1 0 -0.00017655 -1 0.999999 -7.70071e-11 0.00176172 0.999998 -9.59782e-11 0.00219572 5.97608e-06 4.91122e-05 -1 0 0 -1 -0.382679 0.00240784 -0.923878 -0.396767 0.0875568 -0.913734 5.0811e-11 0.000459049 -1 2.17403e-11 0.000392869 -1 0 0.00059397 -1 0 0.000602321 -1 0 0.00060203 -1 0 0.000597515 -1 0.999999 -5.3854e-12 -0.00160827 0.999999 -5.3861e-12 -0.00160848 0 -0.000316463 1 0 -0.000316463 1 0 9.85901e-05 -1 0 8.80387e-05 -1 0 5.94664e-05 -1 0 8.13545e-05 -1 0 -9.07369e-05 -1 0 -5.96765e-05 -1 0 -3.50173e-05 -1 0 -7.82356e-05 -1 0 0.00258246 -0.999997 0 0.00288898 -0.999996 0 -7.90482e-05 -1 9.85877e-07 -4.37114e-08 1 9.64704e-07 -4.37114e-08 1 0 0.00110882 -0.999999 0 0.00116758 -0.999999 1 0 0 1 0 0 1 0 0 1 0 0 -0.000108722 0.000280131 -1 0.000158514 0.000172079 -1 0.000159123 0.000171034 -1 -7.7644e-05 0.00027713 -1 -0.000334928 0.000475384 -1 -0.000361601 0.000557128 -1 -0.000403239 0.000738111 -1 -0.000403541 0.000738615 -1 1 -3.26947e-05 0.000212583 1 -3.38395e-05 0.000211806 1 -0.000163559 0.00012374 1 -0.000160985 0.000125488 0.00174975 0.00201004 -0.999996 0.00174014 0.001999 -0.999996 0.000729772 0.000838358 -0.999999 0.000741988 0.000852389 -0.999999 7.2023e-05 8.27927e-05 -1 0.000137177 0.000157637 -1 -0.00200975 -0.00230864 -0.999995 -0.00434823 -0.00499497 -0.999978 -0.0116426 -0.0133744 -0.999843 -0.0109232 -0.0125479 -0.999862 -0.999986 0.000213182 -0.00532874 -0.999972 -0.000118102 -0.00749119 -0.999997 -0.00030123 -0.00237582 -0.999994 -0.000344033 -0.00339296 0.000166457 0.00070433 -1 3.22357e-05 4.72797e-05 -1 4.68741e-05 0.000397049 -1 3.79102e-05 -1.71239e-05 -1 3.32335e-05 -8.05554e-06 -1 0.000133013 0.000508336 -1 2.79376e-05 0.000215792 -1 0.000186927 0.000319852 -1 0.000222611 0.000360859 -1 0.000113224 0.000183578 -1 0.000357957 0.00196585 -0.999998 0.000432752 0.00186756 -0.999998 7.52792e-05 0.00146811 -0.999999 0.000390995 0.000505488 -1 0.000324331 0.0005257 -1 -0.241957 0.164033 -0.956321 -0.0425864 0.105767 -0.993479 -0.106633 0.154368 -0.982242 0.000413653 0.000596211 -1 0.000359824 0.000583216 -1 0.941789 0.0980426 0.321591 0.964697 -0.18226 -0.190107 0.992258 0.0765507 0.0977998 0.97516 0.10197 0.196633 0.985362 -0.144963 -0.0897031 0.995584 -0.0856034 -0.0385287 1 -1.08097e-05 -5.54212e-05 1 0 0 1 0 0 1 3.43936e-05 -7.09586e-05 0.187618 0.177397 -0.96609 0.313591 0.132586 -0.940256 -2.04836e-05 3.21421e-05 -1 0.000153293 -0.000179504 -1 0.265819 0.0103656 -0.963967 0.115453 0.137089 -0.983807 0.000185289 -0.00012162 -1 -0.000202403 9.44659e-05 -1 -0.00101407 0.00158908 -0.999998 -0.0010222 0.00160182 -0.999998 -0.00115464 0.00180933 -0.999998 -0.00115327 0.00180719 -0.999998 6.74071e-05 -0.000105585 -1 3.67356e-05 -4.29836e-05 -1 4.84023e-06 -3.12798e-06 -1 -1.13114e-05 5.33356e-06 -1 -6.16495e-05 9.666e-05 -1 -6.84266e-05 0.00010728 -1 0.000436023 -0.000683216 -1 -0.000304405 0.000356585 -1 -0.00200852 0.0013188 -0.999997 -0.000699752 0.000326534 -1 0.000679188 -0.00106423 -0.999999 0.000582748 -0.00091311 -0.999999 -0.217857 -0.144061 -0.96529 -0.336896 -0.0990553 -0.936317 -0.232243 -0.0390028 -0.971875 -0.133553 -0.131048 -0.982339 -0.000443295 0.000694687 -1 -0.000705884 0.00110616 -0.999999 -0.961773 0.187866 -0.199247 -0.933796 0.230012 -0.274081 -0.999966 -3.68601e-05 -0.0082709 -0.994869 0.0849177 -0.0549941 -0.982403 0.151015 -0.109908 -0.999999 0.000339746 -0.00123389 -0.999995 -3.60861e-05 -0.00315456 -0.000162316 0.000257793 -1 0.000140565 0.000298321 -1 0.000450775 0.000457543 -1 0.000458848 0.000605003 -1 1 3.71886e-05 -9.32964e-05 1 4.94431e-07 -9.33641e-05 0.000199176 0.00310727 -0.999995 9.74411e-05 0.00152016 -0.999999 0.000102172 0.00159397 -0.999999 0.000198474 0.00309631 -0.999995 2.59542e-05 0.000404939 -1 3.23029e-05 0.000503981 -1 -0.000501805 -0.0078283 -0.999969 -0.00066967 -0.0104471 -0.999945 -0.000244039 -0.00380705 -0.999993 -0.000113638 -0.00177275 -0.999998 1 0 0 1 0 0 1 0 0 1 0 0 1 0 0 1 0 0 0.999999 -5.94875e-12 -0.00160799 0.999999 -5.95185e-12 -0.00160883 1 0 0 1 0 0 -1 -3.70571e-07 -1.61982e-14 -1 -7.21566e-07 -3.15406e-14 1 -2.25486e-08 -6.98243e-16 1 -3.64136e-08 -1.78389e-15 1 -2.4115e-08 -9.39488e-16 1 -2.4115e-08 -9.39488e-16 1 0 0 1 0 0 -0.144819 -0.00739962 -0.989431 -0.144817 0.00892349 -0.989418 0 0.00851503 -0.999964 0 -0.00689532 -0.999976 0 0.00627788 -0.99998 -0.0319244 0.00569258 -0.999474 0.0321527 0.00101301 -0.999482 0.144824 0.00123038 -0.989457 0 0.00136892 -0.999999 -0.0320545 -0.00187521 -0.999484 0 0.00164244 -0.999999 0 0.00522895 -0.999986 0 0.00211926 -0.999998 0.0319989 0.00351221 -0.999482 0.0320488 -0.00204556 -0.999484 0.144823 0.000341008 -0.989457 0 0.000892841 -1 0.0320692 0.00144489 -0.999485 -0.0320632 -0.00162068 -0.999485 0 0.000752123 -1 -0.144823 0.00183283 -0.989456 -0.144824 0.00184101 -0.989456 -0.0320935 0.000733725 -0.999485 -0.909919 0.284931 -0.301434 -0.939461 0.10498 -0.326179 -0.983166 0.115094 -0.141906 -0.925327 0.35487 -0.133558 0.000271485 -0.000123366 -1 0.000264992 -0.000120415 -1 -0.00256816 0.00116718 -0.999996 -0.00256049 0.00116369 -0.999996 0.944445 0.0220856 -0.327927 0.989385 0.0269161 -0.142804 0.983654 0.110757 -0.141977 0.940737 0.0912154 -0.326639 0.000871296 0.000395985 -1 0.000871844 0.000396234 -1 0.00111107 0.000504954 -0.999999 0.00111042 0.000504659 -0.999999 0.944602 0.0125063 -0.327978 0.989631 0.0151263 -0.142835 0.984186 0.10583 -0.142051 0.941103 0.086891 -0.326765 1 0 0 1 0 0 1 0 0 1 0 0 -0.907782 0.292384 -0.300737 -0.940229 0.0969317 -0.326457 -0.982908 0.117346 -0.141849 -0.916524 0.377474 -0.132274 -0.000506526 0.000230296 -1 -0.000502198 0.000228329 -1 0.00138577 -0.00062969 -0.999999 0.00138066 -0.000627367 -0.999999 -0.668014 0.023487 -0.743778 -0.836213 0.03785 -0.547096 -0.815737 0.223017 -0.5337 -0.407257 0.0218186 -0.913053 -0.330426 0.0215526 -0.943586 -0.3935 0.0151602 -0.9192 -0.194109 -0.0151115 -0.980864 -0.152698 -0.00271101 -0.988269 -0.286573 -0.011521 -0.957989 -0.286589 -0.00452924 -0.958043 -0.144821 -0.00477961 -0.989446 -0.144813 -0.0116513 -0.98939 -4.61787e-05 -1.21166e-05 -1 -4.58654e-05 -1.20339e-05 -1 6.83851e-05 1.81212e-05 -1 6.77207e-05 1.79459e-05 -1 0.194496 0.0175634 -0.980746 0.153414 0.00725424 -0.988135 0.152513 -0.00523547 -0.988288 0.032088 -0.000891195 -0.999485 -0.0319873 0.00384898 -0.999481 -0.152518 0.00517533 -0.988287 0.668196 0.00526313 -0.743966 0.836821 0.00401661 -0.547461 0.836294 0.0357253 -0.547116 0.667989 0.0254353 -0.743736 0.330501 0.00402682 -0.943797 0.393537 0.00507868 -0.919295 0.39352 0.0105573 -0.919255 0.330496 0.00680031 -0.943783 0.286569 -0.0132561 -0.957968 0.144817 -0.00970191 -0.989411 -7.49197e-05 1.97899e-05 -1 -7.49042e-05 1.97858e-05 -1 -6.92704e-05 1.82988e-05 -1 -6.93031e-05 1.83074e-05 -1 0.153805 -0.00974042 -0.988053 0.194635 -0.0184413 -0.980703 -0.194676 0.0187105 -0.980689 -0.15379 0.00965281 -0.988056 -0.153144 0.00028484 -0.988204 -0.032235 0.00344295 -0.999474 0.0322831 -0.00485929 -0.999467 0.153347 -0.00205683 -0.98817 0.668193 0.00540983 -0.743969 0.836808 0.00590275 -0.547465 0.836279 0.0360143 -0.54712 0.667998 0.0247009 -0.743753 0.330502 0.00240603 -0.943802 0.39354 0.00345861 -0.919301 0.393526 0.00908475 -0.919268 0.330497 0.00610887 -0.943787 0.154067 0.00841682 -0.988025 0.286369 -0.0396048 -0.957301 0.14468 -0.0445199 -0.988476 0.0322932 0.00516043 -0.999465 1.49614e-09 1.27492e-07 -1 1.45419e-09 1.27503e-07 -1 -1.3868e-08 1.31548e-07 -1 -1.37791e-08 1.31524e-07 -1 0.155947 -0.0234965 -0.987486 0.196683 -0.0315647 -0.979959 -0.196668 0.0314781 -0.979965 -0.155932 0.0234022 -0.987491 -0.153341 0.00201115 -0.988171 -0.0322821 0.00483606 -0.999467 0.0322874 -0.00499165 -0.999466 0.153362 -0.0021855 -0.988168 -0.667868 0.031563 -0.743611 -0.835954 0.0454895 -0.54691 -0.814093 0.231477 -0.532608 -0.406228 0.0277856 -0.913349 -0.330491 0.00895744 -0.943767 -0.393509 0.0128637 -0.919231 -0.194513 -0.0176712 -0.980741 -0.153427 -0.00733519 -0.988133 -0.286573 -0.0118698 -0.957985 -0.28659 -0.00516013 -0.958039 -0.144822 -0.00535387 -0.989443 -0.144813 -0.0119246 -0.989387 4.52072e-05 1.2032e-05 -1 4.49046e-05 1.19521e-05 -1 -6.54345e-05 -1.71712e-05 -1 -6.47928e-05 -1.70018e-05 -1 0.194123 0.0151979 -0.98086 0.152707 0.00277074 -0.988268 -0.0323932 -0.00812296 -0.999442 -0.154064 -0.00837871 -0.988025 -0.944608 -0.0124344 -0.327967 -0.865277 -0.00999719 -0.501195 -0.863531 -0.0642781 -0.500183 -0.94114 -0.0865002 -0.326762 0.406201 -0.0279667 -0.913356 -4.38616e-05 -7.55311e-06 -1 0.000140836 2.43244e-05 -1 0.000141292 2.44031e-05 -1 -4.29563e-05 -7.39686e-06 -1 0.907782 -0.292381 -0.30074 0.940214 -0.0970731 -0.326458 0.863347 -0.0672136 -0.500113 0.852998 -0.16805 -0.494118 0.406381 0.0269234 -0.913307 -0.406585 -0.0257384 -0.91325 -0.000101978 1.75917e-05 -1 -0.000182846 3.15493e-05 -1 -0.000183045 3.15838e-05 -1 -0.000102374 1.76601e-05 -1 0.909969 -0.284743 -0.301459 0.939454 -0.105014 -0.326189 0.862093 -0.0860867 -0.499385 0.851145 -0.180174 -0.493042 0.406655 0.0253284 -0.913231 -0.406614 -0.0255853 -0.913242 1.22697e-09 1.2332e-07 -1 1.34058e-09 1.23301e-07 -1 1.34086e-09 1.23301e-07 -1 1.22753e-09 1.2332e-07 -1 -0.944453 -0.0218581 -0.32792 -0.865174 -0.0169781 -0.501185 -0.863282 -0.0682976 -0.50008 -0.940754 -0.0910663 -0.326632 0.407273 -0.0217312 -0.913048 4.54589e-05 7.88984e-06 -1 -0.000133103 -2.29297e-05 -1 -0.000133544 -2.30057e-05 -1 4.45837e-05 7.73877e-06 -1 -1 2.79078e-05 1.21989e-12 -1 1.56155e-05 6.82575e-13 -1 0.000188289 8.23037e-12 -1 0.000170279 7.44314e-12 -1 -4.91395e-05 -2.14795e-12 -1 6.82229e-06 2.98212e-13 -1 -2.88999e-05 -1.26326e-12 -1 4.94208e-05 2.16025e-12 -1 -0.000582505 -2.54621e-11 -1 0.000567216 2.47938e-11 -1 -0.000165213 -7.22168e-12 -1 0.000149375 6.5294e-12 -1 2.67926e-05 1.17114e-12 -1 2.62376e-05 1.14688e-12 -1 4.86368e-05 2.12598e-12 -1 -5.29803e-05 -2.31584e-12 -1 8.16278e-05 3.56806e-12 -1 0.000113333 4.95395e-12 -1 7.38991e-05 3.23023e-12 -1 9.47646e-06 4.14229e-13 -1 0.000111336 4.86666e-12 -1 0.00014528 6.3504e-12 -1 0.000795233 3.47607e-11 -0.999999 0.00146875 6.4201e-11 -0.999999 0.00142438 6.22617e-11 -1 -0.000237796 -1.03944e-11 -1 -0.000158366 -6.92239e-12 -1 -0.000107723 -4.70872e-12 -1 -8.27233e-05 -3.61595e-12 -1 -0.000372824 -1.62967e-11 -0.999999 -0.00144463 -6.31467e-11 -0.999999 -0.00145974 -6.38072e-11 -1 -0.000894463 -3.90982e-11 -1 -4.47351e-05 -1.95543e-12 -1 -7.28303e-05 -3.18351e-12 -1 -0.000244643 -1.06937e-11 -1 -0.000177392 -7.75404e-12 -1 -0.000138565 -6.05685e-12 -0.404145 0.438526 0.802722 0.442752 -0.174986 -0.879404 0.44254 -0.177608 -0.878984 0.441996 -0.184185 -0.877904 -0.999995 -0.00228613 -0.0023541 -0.999993 -0.00265107 -0.00272989 -0.999993 -0.00265386 -0.00273277 -0.999995 -0.00228791 -0.00235594 0.449683 -0.00574143 0.89317 0.449685 -0.00521508 0.893172 0.446769 -0.113804 0.887381 0.446814 -0.112943 0.887469 -0.999998 -0.00129487 0.0013334 -0.999999 -0.00100219 0.00103202 -0.999999 -0.000999955 0.00102971 -0.999998 -0.00129344 0.00133192 -0.640448 0.381041 0.666809 0.680297 -0.18844 -0.708298 0.67987 -0.191619 -0.707855 0.678925 -0.198485 -0.70687 -0.999746 -0.0157133 -0.0161806 -0.99975 -0.0155628 -0.0160257 -0.99975 -0.0155617 -0.0160245 -0.999746 -0.0157128 -0.0161801 0.692697 -0.00558535 0.721207 0.692699 -0.00503355 0.721209 0.688709 -0.1073 0.717054 0.68878 -0.106338 0.717129 -0.999755 -0.0154189 0.0158775 -0.999719 -0.0165232 0.0170146 -0.999718 -0.0165316 0.0170233 -0.999755 -0.0154227 0.0158814 0.449627 -0.0166506 0.893061 0.449632 -0.0160634 0.89307 0.445561 -0.135198 0.884984 0.445616 -0.134298 0.885093 -1 -1.19782e-06 1.21557e-06 -1 -4.6772e-08 3.02845e-08 -1 -3.79639e-08 2.12144e-08 -1 -1.1922e-06 1.20978e-06 -0.407422 0.423267 0.809229 0.441912 -0.185194 -0.877734 0.4416 -0.188837 -0.877115 0.440928 -0.196446 -0.87578 -1 9.37776e-09 -9.10691e-09 -1 6.87928e-08 5.20752e-08 -1 6.92474e-08 5.25433e-08 -1 9.66804e-09 -8.808e-09 -0.0728242 -0.240615 -0.967885 0.141492 -0.277898 -0.950133 0.146328 -0.114345 -0.982606 -0.0866102 -0.0873649 -0.992404 -0.822522 0.128281 -0.554077 -0.828354 -0.0496059 -0.558005 -0.827528 -0.0666879 -0.557449 -0.825897 0.0914771 -0.55635 -0.759596 -0.00148464 -0.650394 -0.759595 -0.00185091 -0.650393 -0.758137 0.0619638 -0.649145 -0.758146 0.0617768 -0.649152 -0.999981 -0.0025883 -0.00564298 -0.99996 -0.00375037 -0.00817651 -0.999959 -0.00375418 -0.00818482 -0.999981 -0.00259151 -0.00564998 -0.999999 -0.00140421 0.000719322 -0.999999 -0.00117454 0.00060167 -0.999999 -0.00117215 0.000600447 -0.999999 -0.00139891 0.000716607 -1 -0.000791615 0.000535729 -0.999999 -0.000942215 0.000637646 -0.999999 -0.000944667 0.000639305 -1 -0.000792746 0.000536494 0.147271 0.0148416 0.988985 -0.0869452 0.00862209 0.996176 -0.0868239 -0.0535064 0.994786 0.146904 -0.0720496 0.986523 -0.829042 -0.0282364 0.558473 -0.829372 0.00160892 0.558695 -0.829372 0.000915109 0.558695 -0.828993 -0.0302649 0.55844 -0.755726 0.100823 0.647081 -0.755069 0.109014 0.646519 -0.750523 0.154099 0.642626 -0.751447 0.146096 0.643416 -0.999958 -0.00380574 0.00829722 -0.999986 -0.00216475 0.00471957 -0.999987 -0.00215939 0.00470787 -0.999958 -0.00380122 0.00828736 -1 -0.000822911 -0.000421545 -1 -0.000647055 -0.000331461 -1 -0.000645227 -0.000330524 -1 -0.000818853 -0.000419467 -1 -0.00037339 -0.000252682 -1 -0.000392793 -0.000265812 -1 -0.000393108 -0.000266026 -1 -0.000373536 -0.00025278 -0.395779 0.274528 0.876352 0.409569 -0.0990437 -0.906887 0.409524 -0.100086 -0.906793 0.409463 -0.101532 -0.906659 -0.885493 0.0887853 -0.456091 -0.88633 -0.0775018 -0.456522 -0.884732 -0.0979156 -0.455699 -0.887944 0.0488195 -0.457353 -0.826914 -0.00615555 -0.562294 -0.826913 -0.00649928 -0.562293 -0.825574 0.057247 -0.561383 -0.825588 0.0569378 -0.561393 -0.99885 -0.0199859 -0.0435725 -0.998785 -0.0205438 -0.0447887 -0.998785 -0.0205456 -0.0447926 -0.99885 -0.019987 -0.0435749 -0.999969 -0.00701455 0.00359327 -0.999969 -0.00697346 0.00357222 -0.999969 -0.00697317 0.00357207 -0.999969 -0.00701377 0.00359287 -0.999979 -0.00537183 0.00363535 -0.999979 -0.00537859 0.00363992 -0.999979 -0.00537868 0.00363998 -0.999979 -0.00537186 0.00363537 0.411592 -0.00204395 0.911366 0.411592 -0.00208001 0.911366 0.409942 -0.0894747 0.907713 0.409955 -0.0891258 0.907741 -0.888541 -0.0322652 0.457661 -0.888989 -0.00576909 0.457892 -0.888984 -0.00671852 0.457889 -0.888481 -0.0343107 0.45763 -0.820432 0.125112 0.557887 -0.819665 0.132262 0.557366 -0.81585 0.163148 0.554772 -0.816988 0.154597 0.555545 -0.998955 -0.0190585 0.0415506 -0.998141 -0.0254133 0.055405 -0.998138 -0.0254333 0.0554487 -0.998953 -0.0190706 0.041577 -0.999967 -0.00728425 -0.00373143 -0.999967 -0.00726977 -0.00372401 -0.999967 -0.00726967 -0.00372396 -0.999967 -0.00728398 -0.00373129 -0.999972 -0.00616758 -0.00417387 -0.999972 -0.0061849 -0.00418559 -0.999972 -0.00618513 -0.00418574 -0.999972 -0.00616767 -0.00417393 0.147265 -0.0196222 0.988902 -0.0869364 -0.0120194 0.996141 -0.0866571 -0.0809852 0.992941 0.146262 -0.118133 0.982167 -0.828935 -0.0325438 0.558397 -0.829371 -0.0031406 0.55869 -0.829369 -0.00374242 0.558689 -0.828877 -0.0346278 0.558358 -0.755993 0.0972854 0.647309 -0.755402 0.104944 0.646803 -0.75135 0.146951 0.643334 -0.752132 0.139852 0.644003 -1 0 0 -1 -2.90545e-06 6.33442e-06 -1 -2.91498e-06 6.3552e-06 -1 -8.02723e-09 1.75009e-08 -1 0 0 -1 -6.02959e-07 -3.08872e-07 -1 -6.09228e-07 -3.12084e-07 -1 -1.39119e-08 -7.12652e-09 -1 3.53135e-09 -5.21815e-09 -1 -5.06738e-07 -3.5054e-07 -1 -5.15047e-07 -3.56163e-07 -1 -2.98804e-10 -7.81019e-09 0.0724732 0.259033 0.963146 0.146288 -0.116267 -0.982386 0.146274 -0.117265 -0.982269 -0.0865598 -0.0942634 -0.991777 -0.823749 0.116252 -0.554907 -0.827327 -0.0701904 -0.557318 -0.82599 -0.0902231 -0.556417 -0.826914 0.0769438 -0.557039 -0.759575 0.00749399 -0.650377 -0.759578 0.00699494 -0.650379 -0.758162 0.0614262 -0.649167 -0.758165 0.0613662 -0.649169 -1 -5.36972e-06 -1.1707e-05 -1 -1.75098e-08 -3.81748e-08 -1 0 0 -1 -5.35497e-06 -1.16749e-05 -1 0 0 -1 0 0 -1 0 0 -1 0 0 -1 -3.53135e-09 -5.21815e-09 -1 5.09842e-08 -4.21112e-08 -1 5.18719e-08 -4.2712e-08 -1 -3.12215e-09 -5.49508e-09 -0.316076 -0.045541 -0.94764 -0.311984 -0.166579 -0.93537 -0.178894 0.0108242 -0.983809 -0.178889 0.0131154 -0.983782 -0.177884 0.106652 -0.978255 -0.17792 0.104749 -0.978454 -0.999996 -0.000721232 0.00284618 -0.999996 -0.000721417 0.00284691 -0.999995 -0.000743684 0.00293478 -0.999995 -0.000743408 0.00293369 -0.999992 -0.000130039 0.00394497 -0.999992 -0.000129888 0.00394037 -0.999994 -0.000113798 0.00345216 -0.999994 -0.000113919 0.00345582 -0.316409 0.000914827 0.948622 -0.31626 -0.030714 0.948175 -0.172818 0.258637 0.95039 -0.173062 0.25349 0.951731 -0.175739 0.187308 0.966453 -0.175578 0.191938 0.965573 -0.999999 -0.00042138 -0.00166288 -0.999999 -0.000422636 -0.00166784 -0.999997 -0.000574495 -0.00226711 -0.999997 -0.000572614 -0.00225969 -0.999998 -5.90377e-05 -0.00179223 -0.999998 -5.89726e-05 -0.00179025 -0.999999 -5.20687e-05 -0.00158077 -0.999999 -5.21204e-05 -0.00158233 -0.229694 -0.163804 -0.959379 -0.23231 -0.0673723 -0.970306 -0.23238 -0.0627646 -0.970598 -0.230034 -0.154737 -0.960802 -0.0669341 0.00148075 -0.997756 -0.0669336 0.0039443 -0.99775 -0.066549 0.107122 -0.992016 -0.0665581 0.105859 -0.992151 -0.99987 -0.00372389 0.015681 -0.99987 -0.00372394 0.0156812 -0.99987 -0.00373232 0.0157165 -0.999869 -0.00373226 0.0157163 -0.999719 -0.00151296 0.0236709 -0.999719 -0.00151269 0.0236667 -0.999737 -0.00146239 0.0228797 -0.999737 -0.00146263 0.0228836 -0.232837 -0.00458169 0.972505 -0.232836 -0.00557457 0.9725 -0.232695 -0.0350872 0.971917 -0.232688 -0.0360105 0.971885 -0.0655412 0.20295 0.976993 -0.0655382 0.203166 0.976948 -0.0655483 0.202435 0.9771 -0.0655251 0.204103 0.976754 -0.999856 -0.00391484 -0.0164851 -0.999857 -0.00391415 -0.0164822 -0.999866 -0.00378654 -0.0159448 -0.999866 -0.00378746 -0.0159487 -0.9996 -0.00180368 -0.0282193 -0.9996 -0.00180401 -0.0282246 -0.999572 -0.00186657 -0.0292034 -0.999572 -0.00186626 -0.0291986 -0.316401 -0.00493791 0.948613 -0.316175 -0.0380689 0.947937 -0.172976 0.255296 0.951264 -0.173226 0.249944 0.952639 -0.175939 0.18132 0.967558 -0.17578 0.186078 0.966683 -1 0 0 -1 -5.39437e-09 -2.12877e-08 -1 -6.57686e-07 -2.59541e-06 -1 -6.49608e-07 -2.56353e-06 -1 -2.74658e-08 -1.06302e-09 -1 -2.81171e-08 -2.08251e-08 -1 -9.72193e-08 -2.11761e-06 -1 -9.67018e-08 -2.10191e-06 -0.0737241 -0.186053 -0.97977 -0.315859 -0.0589774 -0.946971 -0.311884 -0.168511 -0.935057 -0.178895 0.0108204 -0.983809 -0.17889 0.0131956 -0.983781 -0.177887 0.106559 -0.978264 -0.177923 0.104689 -0.97846 -1 0 0 -1 0 0 -1 0 0 -1 0 0 -1 2.34395e-08 1.20215e-07 -1 2.35127e-08 1.17992e-07 -1 3.12852e-08 -1.17849e-07 -1 3.1227e-08 -1.16082e-07 -1 -9.87824e-07 -4.31791e-14 1 0 0 1 0 0 0 -0.00108851 0.999999 0 -0.00248428 0.999997 1 0 0 1 0 0 -1 -2.81454e-06 -1.23028e-13 1 0 0 1 0 0 0 0.00179524 -0.999998 0 0.00260952 -0.999997 0 0.00592055 0.999983 0 0.00533054 0.999986 0 0.00429814 0.999991 0 0.0045186 0.99999 1 0 0 1 0 0 1 0 0 1 0 0 -0.999999 -0.0011414 -4.9892e-11 -1 -0.00108278 -4.73299e-11 -0.999999 -0.00109309 -4.77805e-11 -0.999999 -0.00110058 -4.81077e-11 0 0.000536091 -1 0 0.000536031 -1 0 0.00236193 0.999997 0 0.000499146 -1 0 0.000497873 -1 -3.57061e-11 0.000645218 -1 -6.75661e-11 0.000610494 -1 0 3.39424e-05 1 0 7.77544e-05 1 0 9.00613e-05 1 0 5.89258e-05 1 0 4.49615e-06 1 0 6.56533e-06 1 0 6.44605e-06 1 0 6.103e-06 1 -0.99998 -0.00629519 -2.75172e-10 -0.99998 -0.00637429 -2.78629e-10 -0.999979 -0.00641601 -2.80452e-10 -0.99998 -0.0064029 -2.7988e-10 0 -0.024715 0.999695 -0.144782 -0.0236729 0.98918 0.144823 0.00376828 0.98945 0.144823 0.00377942 0.98945 0.144822 0.00474079 0.989446 0.144822 0.0042799 0.989448 -0.144824 0.00200198 0.989455 -0.983717 0.110185 0.141986 -0.989385 0.026932 0.142804 0.983181 0.114969 0.141908 0.925323 0.354881 0.133557 0.983166 0.115109 0.141899 0.921012 0.366153 0.132928 -0.984069 0.106969 0.142007 -0.989566 0.0191514 0.1428 -0.836271 0.0359967 0.547134 -0.66798 0.0255629 0.74374 -0.668189 0.00527244 0.743973 -0.836806 0.0040405 0.547484 -0.393523 0.0105456 0.919254 -0.330495 0.00680024 0.943783 -0.3305 0.00402709 0.943797 -0.39354 0.00507324 0.919293 -0.144816 -0.00982626 0.98941 -0.286566 -0.013368 0.957967 0.815749 0.223037 0.533675 0.668021 0.0235048 0.743771 0.836215 0.0382699 0.547064 0.330427 0.0215465 0.943585 0.393498 0.0149736 0.919204 0.144823 -0.00475448 0.989446 0.144814 -0.0115721 0.989391 0.286576 -0.011443 0.957989 0.286592 -0.00450498 0.958042 0.81546 0.224515 0.533495 0.667982 0.025721 0.743733 0.836197 0.038684 0.547063 0.330462 0.0156576 0.943689 0.393504 0.0139711 0.919217 0.144822 -0.00523873 0.989444 0.144812 -0.0125378 0.98938 0.286572 -0.0122124 0.957981 0.28659 -0.00502564 0.95804 -0.836284 0.0361059 0.547106 -0.667996 0.02511 0.743741 -0.668195 0.00537201 0.743967 -0.836816 0.00506649 0.547461 -0.393521 0.0101275 0.91926 -0.330496 0.00649375 0.943785 -0.330502 0.00313849 0.9438 -0.393538 0.00420998 0.919299 -0.144789 -0.0219127 0.98922 -0.286474 -0.0290236 0.957648 -0.863383 -0.0668668 0.500098 -0.853014 -0.16805 0.494092 0.863515 -0.064274 0.500211 0.865261 -0.0100017 0.501222 0.86345 -0.0654356 0.500172 0.865234 -0.0127322 0.501206 -0.86252 -0.0800663 0.499648 -0.851483 -0.177994 0.49325 0 0.00111927 -0.999999 0 0.000509917 -1 0 0.00122953 -0.999999 0 0.00130835 -0.999999 1 0 0 1 0 0 1 0 0 1 0 0 -1 -2.28055e-06 -9.96859e-14 -1 -1.65032e-07 -7.21378e-15 -1 8.5341e-09 3.73037e-16 -1 -1.05776e-06 -4.6236e-14 0 0.000546152 -1 0 0.000542709 -1 0 0.00149218 -0.999999 0 0.000504501 -1 0 0.000501095 -1 3.45164e-11 0.000623627 -1 6.72001e-11 0.000607045 -1 0 3.76001e-05 -1 0 7.82401e-05 -1 0 8.95854e-05 -1 0 6.07646e-05 -1 0 -4.48569e-05 -1 0 -7.96576e-05 -1 0 -9.84536e-05 -1 0 -8.62167e-05 -1 1 0 0 1 0 0 1 -4.96436e-09 -1.67093e-16 1 -6.82466e-24 1.18592e-16 0 0.0231478 -0.999732 -0.144789 0.0216236 -0.989226 0.144824 0.00204481 -0.989455 0.144824 0.00189946 -0.989456 0.144823 0.00177847 -0.989456 0.144823 0.00142381 -0.989456 -0.144824 0.00155164 -0.989456 -0.984242 -0.105295 -0.142062 -0.98963 -0.015139 -0.142839 0.916516 -0.37749 -0.132286 0.982884 -0.117532 -0.141866 0.925406 -0.354662 -0.133562 0.983218 -0.114655 -0.141906 -0.983691 -0.110464 -0.141952 -0.989399 -0.0265607 -0.142776 -0.667983 -0.0254287 -0.743742 -0.836289 -0.0353941 -0.547146 -0.836799 -0.00588042 -0.547479 -0.668189 -0.00547242 -0.743972 -0.330501 -0.00242213 -0.943802 -0.330496 -0.00604206 -0.943788 -0.393528 -0.009354 -0.919265 -0.393543 -0.0034272 -0.9193 -0.144699 0.0412157 -0.988617 -0.286362 0.0399874 -0.957287 0.66787 -0.0317045 -0.743603 0.814118 -0.231389 -0.532608 0.83596 -0.0455373 -0.546898 0.330491 -0.00893406 -0.943767 0.393509 -0.0129689 -0.919229 0.286574 0.0120867 -0.957982 0.144813 0.0122924 -0.989383 0.144822 0.00524756 -0.989444 0.286591 0.00506238 -0.95804 0.668021 -0.0233514 -0.743776 0.815664 -0.223458 -0.533628 0.836221 -0.0379239 -0.547079 0.330426 -0.0215911 -0.943585 0.393498 -0.0150287 -0.919203 0.286575 0.0113779 -0.95799 0.144814 0.0114038 -0.989393 0.144822 0.00463195 -0.989447 0.286591 0.004392 -0.958043 -0.667984 -0.0258325 -0.743727 -0.836324 -0.0347752 -0.547132 -0.83682 -0.00381975 -0.547464 -0.668195 -0.00538795 -0.743967 -0.330501 -0.00395612 -0.943797 -0.330495 -0.00695372 -0.943782 -0.393521 -0.0102143 -0.919259 -0.393537 -0.00514814 -0.919295 -0.144812 0.0131615 -0.989372 -0.28657 0.0131079 -0.95797 -0.851136 0.180316 -0.493004 -0.862146 0.0855768 -0.499381 0.863348 0.0672108 -0.500114 0.865187 0.0164488 -0.501179 0.863572 0.0632458 -0.500243 0.865267 0.00937801 -0.501224 -0.852992 0.168068 -0.494124 -0.863347 0.0671184 -0.500127 -1 -7.55934e-05 -3.30429e-12 -1 -0.000190122 -8.31051e-12 -1 -2.42874e-05 -1.06164e-12 -1 0.000199959 8.74047e-12 -1 0.000160109 6.99859e-12 -1 0.000230785 1.00879e-11 -1 4.80162e-05 2.09886e-12 -1 -2.76892e-05 -1.21033e-12 -1 6.31749e-05 2.76146e-12 -1 -3.71326e-05 -1.62312e-12 -1 -2.69802e-05 -1.17934e-12 -1 -0.00013856 -6.05667e-12 0.445261 0.140009 -0.884387 0.445286 0.13961 -0.884437 0.449507 0.0285161 -0.892822 0.449485 0.0302065 -0.892777 0.441304 0.19223 0.876526 -0.407038 -0.425091 -0.808466 -0.407038 -0.425091 -0.808466 -0.407038 -0.425091 -0.808466 0.689185 0.100728 -0.71755 0.689225 0.100158 -0.717592 0.692708 0.000981502 -0.721218 0.692704 0.00315883 -0.721215 0.681812 0.176661 0.709876 -0.637702 -0.390519 -0.663951 -0.637702 -0.390519 -0.663951 -0.637702 -0.390519 -0.663951 0.441599 0.188836 0.877115 -0.407422 -0.423262 -0.809232 -0.407422 -0.423262 -0.809232 -0.407422 -0.423262 -0.809232 0.445588 0.134774 -0.885035 0.445614 0.134348 -0.885087 0.449638 0.0152747 -0.89308 0.449624 0.01717 -0.893053 0.145455 0.157499 -0.976748 -0.0864685 0.104295 -0.99078 -0.0868881 0.0354155 -0.995588 0.147037 0.0590204 -0.987369 -0.828835 0.0360727 -0.558329 -0.828772 0.0381075 -0.558287 -0.829356 0.00674394 -0.55868 -0.829359 0.00614805 -0.558682 -0.753006 -0.13144 -0.644752 -0.756715 -0.0870187 -0.647927 -0.757197 -0.0794294 -0.64834 -0.753362 -0.127854 -0.645057 0.14634 0.113395 0.982714 -0.142729 -0.246851 -0.958485 0.0725986 -0.252719 -0.964812 0.0841096 -0.253379 -0.963704 -0.823929 -0.114384 0.555029 -0.827084 -0.0742475 0.557153 -0.82551 0.0964006 0.556093 -0.826995 0.0756779 0.557093 -0.757906 -0.0666869 0.648947 -0.757966 -0.0654956 0.648998 -0.759574 -0.00763816 0.650376 -0.759561 -0.00959485 0.650365 0.409917 0.0901464 -0.907657 0.409926 0.0898899 -0.907678 0.411509 0.0201241 -0.911183 0.411503 0.0208258 -0.91117 -0.888767 0.0231091 -0.457777 -0.888725 0.0250608 -0.457755 -0.888957 -0.0103346 -0.457875 -0.88895 -0.0110056 -0.457871 -0.814658 -0.171636 -0.553961 -0.818004 -0.146531 -0.556236 -0.818775 -0.140094 -0.55676 -0.816135 -0.161051 -0.554965 0.40978 0.0937007 0.907359 -0.395576 -0.276252 -0.875902 -0.395576 -0.276252 -0.875902 -0.395573 -0.276252 -0.875904 -0.884885 -0.09615 0.455778 -0.88755 -0.0571744 0.45715 -0.885689 0.0862756 0.456192 -0.887008 0.0669815 0.456871 -0.824966 -0.0688808 0.560969 -0.825038 -0.0676102 0.561018 -0.826872 -0.0118877 0.562265 -0.826848 -0.0140701 0.562249 0.146278 0.117263 0.982269 -0.142482 -0.253514 -0.956781 0.0724579 -0.259519 -0.963016 0.0839481 -0.260194 -0.9619 -0.823751 -0.116252 0.554905 -0.826916 -0.0769438 0.557036 -0.825992 0.0902232 0.556414 -0.827329 0.0701906 0.557315 -0.758152 -0.0616473 0.649157 -0.758205 -0.0604934 0.649203 -0.759582 -0.00625778 0.650382 -0.759573 -0.00786064 0.650374 0.146256 0.118131 -0.982168 -0.0866631 0.080949 -0.992943 -0.0869422 0.0120337 -0.996141 0.147258 0.0198414 -0.988899 -0.828934 0.0325388 -0.5584 -0.828875 0.0346234 -0.558361 -0.829367 0.00373577 -0.558692 -0.829369 0.00313389 -0.558693 -0.75135 -0.146951 -0.643334 -0.755402 -0.104944 -0.646804 -0.755993 -0.0972861 -0.64731 -0.752132 -0.139852 -0.644002 -0.316101 0.0437876 -0.947715 -0.316385 0.0109606 -0.948567 -0.176236 -0.172075 -0.969191 -0.173538 -0.243085 -0.954355 -0.173278 -0.24882 -0.952924 -0.176209 -0.172936 -0.969043 -0.0737033 0.187514 0.979493 -0.311795 0.170158 0.934789 -0.315788 0.0626917 0.946757 -0.0865611 0.094099 0.991793 -0.178016 -0.099624 0.978972 -0.178049 -0.0977308 0.979156 -0.178901 -0.00721753 0.983841 -0.178898 -0.00962598 0.983821 -0.232735 0.0298957 -0.972081 -0.232745 0.0283912 -0.972123 -0.232838 -0.00350925 -0.972509 -0.232838 -0.00384951 -0.972508 -0.0652892 -0.220332 -0.973237 -0.0655788 -0.200219 -0.977554 -0.0656024 -0.198485 -0.977906 -0.0653351 -0.217278 -0.973921 -0.22979 0.161283 0.959783 -0.230143 0.151716 0.961258 -0.232489 0.0547577 0.971056 -0.232425 0.0596016 0.970786 -0.0664901 -0.114995 0.991138 -0.0664997 -0.113749 0.991281 -0.0669307 -0.0102186 0.997705 -0.0669288 -0.0126696 0.997677 -0.0737185 0.186054 0.97977 -0.31188 0.168511 0.935059 -0.315854 0.0589777 0.946973 -0.0865556 0.0942623 0.991778 -0.177887 -0.10647 0.978274 -0.177923 -0.104611 0.978468 -0.178894 -0.0108574 0.983809 -0.178889 -0.0132329 0.98378 -0.316183 0.0378485 -0.947943 -0.316406 0.00460462 -0.948613 -0.175892 -0.182751 -0.967297 -0.173228 -0.24994 -0.95264 -0.172978 -0.255292 -0.951265 -0.175874 -0.183294 -0.967198 0.998917 -0.00769408 0.0458788 0.995901 -0.00517612 0.0903071 0.983689 -0.000580318 0.179879 0.995816 -0.00312608 0.0913339 0.996607 0.00439688 0.0821885 0.991575 0.0046591 0.129451 0.995796 0.00472025 0.0914778 0.991579 -0.00428252 -0.129432 0.995796 -0.00472025 -0.0914778 0.996596 -0.0063955 -0.0821876 0.995913 0.00154586 -0.0903082 0.983667 0.0066615 -0.179875 0.99893 0.00635226 -0.0458182 0.995586 0.0159737 -0.0924876 0.701338 0.127474 0.701338 0.70523 0.0728078 0.70523 0.706567 0.039055 0.706567 0.704294 0.089109 0.704294 0.704366 -0.0879646 0.704366 0.702757 -0.110755 0.702756 1 0 0 1 0 0 1 0 0 1 0 0 0.70403 0.0931867 -0.70403 0.706659 -0.0355942 -0.706659 0.70398 -0.0939366 -0.70398 0.704648 0.0833142 -0.704648 0.70272 -0.11122 -0.70272 0.679179 -0.278266 -0.679179 1 0 0 1 0 0 1 0 0 1 0 0 1 -2.30443e-05 -1.0073e-12 1 -3.31437e-06 -1.44876e-13 1 6.55787e-06 2.86653e-13 1 -3.82077e-05 -1.67011e-12 1 2.32949e-05 1.01825e-12 1 5.3936e-05 2.35762e-12 1 -7.41173e-07 -3.23977e-14 1 -4.94688e-07 -2.16235e-14 1 -2.40498e-05 -1.05125e-12 1 -3.87993e-05 -1.69597e-12 1 1.79872e-06 7.86244e-14 1 0 0 0.996617 1.99153e-05 0.0821893 1 3.48619e-05 1.52386e-12 1 2.98219e-05 1.30356e-12 1 7.98723e-06 3.49133e-13 1 -3.39749e-06 -1.48509e-13 1 4.95227e-05 2.16471e-12 1 -2.22929e-05 -9.74455e-13 1 -4.56206e-05 -1.99414e-12 1 3.45453e-05 1.51002e-12 0.996617 1.29882e-05 -0.0821893 1 1.82368e-06 7.97157e-14 1 -1.25558e-05 -5.48829e-13 1 -4.61604e-05 -2.01773e-12 1 -0.000103758 -4.5354e-12 1 -1.97778e-06 -8.64514e-14 1 -1.73188e-06 -7.57027e-14 0.701559 0.125019 0.701559 0.707104 -0.00294511 0.707104 0.706595 -0.0380375 0.706595 0.703041 0.107078 0.703041 0.702312 -0.116262 0.702312 0.694269 -0.189688 0.694269 1 0 0 1 0 0 1 0 0 1 0 0 0.70122 0.128769 -0.70122 0.706661 0.0354932 -0.706661 0.707104 0.00272367 -0.707104 0.703521 0.100578 -0.703521 0.702274 -0.11671 -0.702274 0.698083 -0.15925 -0.698083 1 0 0 1 0 0 1 0 0 1 0 0 0.70122 0.128769 -0.70122 0.706661 0.0354931 -0.706661 0.707104 0.00272367 -0.707104 0.703521 0.100578 -0.703521 0.702275 -0.11671 -0.702275 0.698083 -0.159249 -0.698083 1 0 0 1 0 0 1 0 0 1 0 0 0.701559 0.125019 0.701559 0.707104 -0.00294514 0.707104 0.706595 -0.0380376 0.706595 0.703041 0.107078 0.703041 0.702312 -0.116262 0.702312 0.694269 -0.189688 0.694269 1 0 0 1 0 0 1 0 0 1 0 0 -0.999999 -0.00109332 -4.77905e-11 -0.999999 -0.00119205 -5.21063e-11 -0.999999 -0.00121464 -5.30938e-11 -0.999999 -0.00131184 -5.73422e-11 -5.81253e-11 0.000524893 -1 -6.41144e-11 0.000579002 -1 -6.34876e-11 0.000573454 -1 -4.65606e-11 0.00042055 -1 0 0.00322866 0.999995 0 0.00338842 0.999994 -5.46225e-11 0.000493555 -1 -4.43682e-11 0.000400936 -1 0 9.27917e-05 1 0 9.98619e-05 1 0 3.71784e-05 1 0 6.15553e-05 1 0 -0.0189791 0.99982 -0.144791 -0.0208233 0.989243 -0.144823 0.0032348 0.989452 0.988513 0.0498444 0.142678 0.943727 0.0448011 0.327677 0.909394 -0.286768 0.301275 0.916987 -0.376322 0.132354 0.988858 0.0423268 0.142721 0.943985 0.0382478 0.327763 0.916935 -0.258752 0.303772 0.903515 -0.408233 0.130408 -0.144822 -0.001049 0.989457 -0.286591 -0.00187567 0.958051 0.83681 0.00654184 0.547454 0.668172 0.0100482 0.743939 0.81627 -0.220296 0.534016 0.393523 0.0097586 0.919263 0.330499 0.00572743 0.943789 0.836797 0.00791601 0.547457 0.668168 0.0102659 0.74394 0.816067 -0.221328 0.533899 0.393528 0.00848233 0.919273 0.3305 0.00436992 0.943796 -0.144824 -0.00156244 0.989456 -0.286593 -0.00299252 0.958048 -0.865124 -0.0212898 0.501106 -0.944309 -0.0280279 0.327863 -0.90891 0.288483 0.3011 -0.85231 0.172756 0.493684 -0.86487 -0.0313744 0.501014 -0.943992 -0.0380806 0.327762 -0.916937 0.258762 0.303757 -0.863405 0.0662261 0.500147 -1 1.1372e-08 4.97084e-16 -1 2.84326e-08 1.24283e-15 -1 0 0 -1 2.88802e-08 1.26239e-15 6.53061e-11 0.000590078 -1 5.91603e-11 0.00053459 -1 5.09139e-11 0.000460111 -1 6.67007e-11 0.000602689 -1 0 0.00164542 -0.999999 0 0.00172391 -0.999999 5.40529e-11 0.000488338 -1 3.68778e-11 0.000333217 -1 0 9.20775e-05 -1 0 9.91215e-05 -1 0 3.72995e-05 -1 0 6.28865e-05 -1 1 -1.15433e-08 -3.49629e-16 1 -2.1472e-08 -1.05837e-15 -0.144783 0.0233572 -0.989188 0 0.0221672 -0.999754 -0.144824 0.00164266 -0.989456 0.944304 -0.0280585 -0.327878 0.989203 -0.0330497 -0.142778 0.917682 0.374587 -0.132455 0.908879 0.288573 -0.301105 0.943742 -0.0444627 -0.327679 0.988539 -0.0493447 -0.142675 0.903522 0.408218 -0.130409 0.893236 0.338468 -0.295921 -0.286588 0.00463498 -0.958043 -0.144822 0.00279944 -0.989454 0.668164 -0.011113 -0.743931 0.836781 -0.0106536 -0.547435 0.815608 0.223769 -0.533583 0.330503 -0.002623 -0.943801 0.393532 -0.00694563 -0.919284 0.668169 -0.0101121 -0.743941 0.836807 -0.00614645 -0.547464 0.815765 0.222913 -0.533701 0.330498 -0.00573739 -0.943789 0.393523 -0.0100156 -0.91926 -0.286594 0.00204376 -0.95805 -0.144824 0.00121854 -0.989457 -0.943737 0.0446933 -0.327664 -0.864723 0.0371537 -0.500874 -0.852977 -0.168303 -0.49407 -0.909398 -0.28677 -0.301262 -0.944307 0.0279932 -0.327872 -0.865109 0.0207837 -0.501152 -0.839937 -0.240359 -0.486553 -0.893555 -0.337546 -0.296011 -1 5.04136e-06 2.20365e-13 -1 -3.86882e-05 -1.69111e-12 -1 7.36424e-05 3.21901e-12 -1 8.36556e-05 3.6567e-12 -1 -2.53992e-05 -1.11024e-12 -1 -7.81187e-05 -3.41468e-12 0.447523 0.0980738 0.888878 0.447403 0.100739 0.888641 -0.406561 0.427341 -0.807519 0.446813 -0.112949 0.887468 0.690369 0.0820871 0.718785 0.69018 0.0853422 0.718587 -0.638341 0.388342 -0.664613 0.688761 -0.106593 0.717109 0.44754 0.0976577 0.888915 0.447417 0.100404 0.888671 -0.406089 0.42955 -0.806584 0.445611 -0.134384 0.885083 -0.758863 -0.0439427 -0.649766 -0.758744 -0.0473668 -0.649665 -0.759245 0.0304355 -0.650093 -0.759217 0.0316292 -0.650069 0.147091 0.0521058 0.98775 -0.0868617 0.0444157 0.99523 0.0726641 0.249356 -0.965682 0.146903 -0.0722093 0.986512 -0.828537 0.0448756 0.558133 -0.828624 0.0424853 0.558191 -0.823046 0.123286 0.554433 -0.822143 0.131755 0.553825 -0.826104 -0.0446874 -0.561744 -0.825925 -0.0492896 -0.561622 -0.826275 0.0397851 -0.56186 -0.82625 0.0405404 -0.561843 0.411354 0.0338368 0.910847 0.411344 0.0346331 0.910822 -0.392993 0.297212 -0.870185 0.409945 -0.0893821 0.90772 -0.888371 0.0377281 0.457573 -0.888461 0.0349338 0.45762 -0.884925 0.0956838 0.455798 -0.884202 0.103798 0.455426 0.147145 0.0448713 0.988097 -0.0868792 0.03822 0.995485 0.0721328 0.275135 -0.958696 0.146258 -0.118377 0.982138 -0.828813 0.0367835 0.558315 -0.828884 0.0344138 0.558362 -0.823351 0.120304 0.554635 -0.822461 0.128853 0.554035 -0.759127 -0.0351571 -0.649992 -0.759016 -0.0391057 -0.649897 -0.75922 0.0314735 -0.650073 -0.759192 0.0326132 -0.650049 -0.178513 -0.0661336 -0.981713 -0.178552 -0.0626991 -0.981931 -0.174695 0.215644 -0.960718 -0.174777 0.213573 -0.961166 -0.316246 0.0322501 0.948129 -0.312455 -0.157599 0.936768 -0.0739954 -0.165826 0.983375 -0.0666184 -0.0970125 -0.993051 -0.0666416 -0.0933839 -0.993397 -0.0661057 0.156854 -0.985407 -0.0661147 0.155998 -0.985542 -0.232732 0.0303463 0.972067 -0.232741 0.0291123 0.972103 -0.2301 -0.152931 0.961076 -0.229999 -0.155706 0.960654 -0.316288 0.0271455 0.948275 -0.312125 -0.163904 0.935795 -0.0739067 -0.172282 0.982271 -0.178456 -0.070773 -0.981399 -0.178501 -0.0671559 -0.981645 -0.174823 0.212413 -0.961414 -0.174901 0.210401 -0.961843 0 0.00498417 0.999988 0 0.00318619 0.999995 0 0.00337997 0.999994 1 0 0 1 0 0 1 0 0 1 0 0 1 0 0 1 0 0 -7.50433e-11 0.000678023 -1 -6.61659e-11 0.000597844 -1 0 -1.61636e-07 1 0 5.2143e-06 1 0 6.26004e-06 1 0 6.75443e-06 1 -0.999981 -0.00624431 -2.72948e-10 -0.99998 -0.0063179 -2.76164e-10 -0.99998 -0.00637479 -2.78651e-10 -0.999979 -0.00642297 -2.80757e-10 0.144823 0.00321194 0.989452 0.144823 0.00309319 0.989453 -0.91778 0.374343 0.132469 -0.989208 -0.0328865 0.142778 -0.903516 0.408239 0.130383 -0.988848 -0.0426198 0.142697 -0.815592 0.223777 0.533605 -0.668158 -0.0110877 0.743937 -0.836764 -0.0108001 0.547457 -0.330501 -0.00270554 0.943802 -0.393536 -0.00689306 0.919283 0.286592 0.00463078 0.958042 0.144824 0.00279203 0.989454 0.286592 0.00282265 0.958048 0.144823 0.00138508 0.989457 -0.815548 0.224103 0.533535 -0.668167 -0.0102551 0.743941 -0.836797 -0.0078907 0.547457 -0.330501 -0.00443118 0.943795 -0.393528 -0.00850521 0.919273 0.852962 -0.168294 0.494098 0.864724 0.0366097 0.500911 0.863404 -0.0662324 0.500146 0.864882 0.0312536 0.501001 0 0.00122311 -0.999999 0 0.00103942 -0.999999 0 0.00111042 -0.999999 1 0 0 1 0 0 1 0 0 1 0 0 1 0 0 1 0 0 1 0 0 1 0 0 7.1397e-11 0.000644986 -1 6.67294e-11 0.000602793 -1 0 2.01509e-07 -1 0 -5.16976e-05 -1 0 -9.35515e-05 -1 0 -9.96169e-05 -1 0.144824 0.00168357 -0.989456 0.144823 0.00107468 -0.989457 -0.916989 -0.376317 -0.132355 -0.98855 0.0490903 -0.142683 -0.903503 -0.408269 -0.130381 -0.989219 0.0326841 -0.14275 -0.81621 -0.220535 -0.534009 -0.836795 0.00653921 -0.547477 -0.668165 0.00999486 -0.743946 -0.393527 0.00974555 -0.919262 -0.330497 0.00581597 -0.943789 0.144824 -0.00113729 -0.989457 0.286594 -0.0019565 -0.95805 0.144823 -0.00276548 -0.989454 0.28659 -0.00459376 -0.958042 -0.816285 -0.220235 -0.534018 -0.836773 0.0108956 -0.547442 -0.668161 0.0110025 -0.743935 -0.393533 0.0068352 -0.919285 -0.330503 0.00286276 -0.943801 0.852309 0.172655 -0.49372 0.86511 -0.0211846 -0.501135 0.840117 0.239516 -0.486657 0.864704 -0.0372389 -0.500899 -1 3.12481e-05 1.3659e-12 -1 4.38982e-05 1.91885e-12 -1 -9.45957e-05 -4.13491e-12 -1 -9.04412e-05 -3.95331e-12 -0.404128 -0.438604 0.802688 -0.404127 -0.438604 0.802688 -0.404128 -0.438604 0.802688 0.448542 -0.0714006 -0.890905 0.448632 -0.0685595 -0.891083 -0.639719 -0.383586 0.666049 -0.639719 -0.383586 0.666049 -0.639719 -0.383586 0.666049 0.689705 -0.0929999 -0.718093 0.689923 -0.0895761 -0.71832 -0.40608 -0.429598 0.806563 -0.40608 -0.429598 0.806563 -0.40608 -0.429598 0.806563 0.447422 -0.100329 -0.888678 0.447545 -0.0975817 -0.888922 -0.140716 -0.295502 0.944922 0.0715176 -0.302323 0.950519 0.0828531 -0.303088 0.949354 -0.0869257 -0.019756 -0.996019 0.147276 -0.0156127 -0.988972 -0.822961 -0.124118 -0.554373 -0.823811 -0.115633 -0.554945 -0.82895 -0.0320153 -0.558406 -0.828902 -0.0337703 -0.558374 -0.759239 -0.0306569 0.650089 -0.759271 -0.0292507 0.650117 -0.758565 0.0521053 0.649511 -0.758719 0.0480742 0.649642 -0.395922 -0.273305 0.87667 -0.395922 -0.273305 0.87667 -0.395922 -0.273305 0.87667 0.411374 -0.0324084 -0.91089 0.411387 -0.0314155 -0.910919 -0.883292 -0.11318 -0.454957 -0.884085 -0.105053 -0.455365 -0.887967 -0.0482938 -0.457365 -0.887854 -0.0508508 -0.457307 -0.826026 -0.0467322 0.561691 -0.826064 -0.0457509 0.561716 -0.826079 0.045354 0.561727 -0.82625 0.0405202 0.561844 -0.759194 -0.0325741 0.650049 -0.759221 -0.0314317 0.650073 -0.759015 0.0391102 0.649897 -0.759127 0.0351614 0.649992 -0.141875 -0.268591 0.952749 0.0721435 -0.274897 0.958763 0.083581 -0.275605 0.95763 -0.0868839 -0.0382249 -0.995485 0.147143 -0.0448851 -0.988096 -0.822456 -0.128881 -0.554036 -0.823346 -0.120332 -0.554636 -0.828882 -0.0344153 -0.558365 -0.828812 -0.0367851 -0.558317 -0.0738069 0.17972 -0.980945 -0.311738 0.171107 -0.934635 -0.316338 -0.0204164 -0.948427 -0.174856 -0.211576 0.961593 -0.174934 -0.209538 0.962025 -0.178366 0.0775932 0.9809 -0.178416 0.0738957 0.981176 -0.230376 0.145046 -0.962231 -0.230467 0.142367 -0.962609 -0.232684 -0.0365156 -0.971866 -0.232674 -0.0377319 -0.971823 -0.0660369 -0.163196 0.984381 -0.0660453 -0.162432 0.984507 -0.0666772 0.0875287 0.993928 -0.0666977 0.083982 0.994233 -0.17485 -0.211693 0.961569 -0.174924 -0.209777 0.961975 -0.178457 0.070673 0.981406 -0.178502 0.0670191 0.981654 -0.0739115 0.17235 -0.982259 -0.312127 0.163971 -0.935783 -0.316294 -0.0271412 -0.948273 1 1.54504e-05 6.75357e-13 1 5.64659e-06 2.4682e-13 1 8.7363e-06 3.81876e-13 1 2.66564e-05 1.16519e-12 1 0 0 1 0 0 1 -5.49158e-06 -2.40045e-13 1 -9.99434e-06 -4.36867e-13 1 -1.53545e-05 -6.71165e-13 1 -2.80224e-05 -1.2249e-12 1 0 0 1 0 0 1 4.94807e-05 2.16287e-12 1 -5.79283e-06 -2.53213e-13 1 -1.65935e-05 -7.25326e-13 1 8.44393e-05 3.69096e-12 1 6.60124e-06 2.88549e-13 1 9.39872e-06 4.10831e-13 1 -4.87109e-05 -2.12922e-12 1 -9.17047e-05 -4.00854e-12 1 0 0 1 -2.43596e-06 -1.06479e-13 1 5.49447e-05 2.40171e-12 1 2.77655e-05 1.21367e-12 1 4.96738e-05 2.17131e-12 1 0.000100111 4.37599e-12 1 -9.69062e-05 -4.2359e-12 1 -4.98925e-05 -2.18087e-12 1 0 0 1 2.74985e-06 1.202e-13 1 -5.48892e-05 -2.39928e-12 1 -2.77378e-05 -1.21246e-12 0.701921 0.120886 0.701921 0.702369 -0.115561 0.702369 0.699891 -0.142494 0.699891 0.702884 0.109118 0.702884 1 0 0 1 0 0 1 0 0 1 0 0 0.701919 0.120912 -0.701919 0.702372 -0.115534 -0.702372 0.699894 -0.142467 -0.699894 0.702882 0.109144 -0.702882 1 0 0 1 0 0 1 0 0 1 0 0 0.701921 0.120886 0.701921 0.702369 -0.115561 0.702369 0.699891 -0.142494 0.699891 0.702884 0.109118 0.702884 1 0 0 1 0 0 1 0 0 1 0 0 0.701919 0.120912 -0.701919 0.702372 -0.115534 -0.702372 0.699894 -0.142467 -0.699894 0.702882 0.109145 -0.702882 1 0 0 1 0 0 1 0 0 1 0 0 0.707107 0 -0.707107 0.707107 -0.000611668 -0.707107 0.700412 0.13728 -0.700412 0.702732 0.11106 -0.702732 1 0 0 1 0 0 1 0 0 1 0 0 0.707107 -6.6608e-14 0.707107 0.707107 0.000611657 0.707107 0.699348 0.147735 0.699348 0.702036 0.119546 0.702036 1 0 0 1 0 0 1 0 0 1 0 0 1 0.000320447 1.40072e-11 0.999751 -0.0223 -9.74763e-10 0.999744 -0.0226428 -9.89747e-10 1 0.000388492 1.69815e-11 0.999982 -0.00597706 -2.61265e-10 0.999946 -0.0103684 -4.53217e-10 1 -0.000117412 -5.13222e-12 1 -8.0983e-05 -3.53988e-12 1 0.000469404 2.05183e-11 1 0.000628852 2.7488e-11 0.999751 -0.0222927 -9.74445e-10 0.999743 -0.0226495 -9.9004e-10 0.999981 -0.00611538 -2.67312e-10 0.999944 -0.0106025 -4.63449e-10 0.700902 0.132188 -0.700902 0.707101 0.00389646 -0.707101 0.707101 -0.00394205 -0.707101 0.701414 0.126635 -0.701414 0.701142 -0.129614 -0.701142 0.699894 -0.142465 -0.699894 1 0 0 1 0 0 1 0 0 1 0 0 0.700899 0.132222 0.700899 0.707101 0.00389746 0.707101 0.707101 -0.00394105 0.707101 0.701411 0.126668 0.701411 0.701145 -0.12958 0.701145 0.699898 -0.142427 0.699898 1 0 0 1 0 0 1 0 0 1 0 0 0.440608 0.199964 0.875145 0.680958 0.183394 0.708987 0.440928 0.196444 0.875781 0.409724 0.0951035 0.907238 1 0 0 1 0 0 1 0 0 1 0 0 1 0 0 1 0 0 0.702036 -0.119546 -0.702036 0.699348 -0.147735 -0.699348 0.702732 -0.11106 0.702732 0.700412 -0.13728 0.700412 1 -0.000612789 -2.67859e-11 1 -9.17683e-06 -4.01132e-13 1 0.000140728 6.1514e-12 1 -0.000941688 -4.11625e-11 1 -1.18845e-05 -5.19489e-13 1 -1.43408e-05 -6.26857e-13 1 -2.57377e-05 -1.12503e-12 1 -7.89566e-05 -3.4513e-12 1 -0.000579628 -2.53363e-11 0.999999 -0.00105397 -4.60703e-11 1 -6.10078e-05 -2.66674e-12 1 2.89952e-05 1.26742e-12 1 7.37764e-05 3.22487e-12 1 -9.1023e-05 -3.97874e-12 1 -3.27166e-05 -1.43009e-12 1 -5.77253e-05 -2.52325e-12 1 -5.1731e-05 -2.26123e-12 1 -8.43859e-05 -3.68863e-12 0.703821 0.0962925 -0.703821 0.70462 -0.0837954 -0.70462 0.699545 -0.145852 -0.699545 0.705413 0.0691734 -0.705413 1 0 0 1 0 0 1 0 0 1 0 0 0.703819 0.0963166 0.703819 0.704621 -0.0837702 0.704621 0.699548 -0.145827 0.699548 0.705412 0.0691976 0.705412 1 0 0 1 0 0 1 0 0 1 0 0 0.703821 0.0962924 -0.703821 0.70462 -0.083796 -0.70462 0.699545 -0.145853 -0.699545 0.705413 0.0691731 -0.705413 1 0 0 1 0 0 1 0 0 1 0 0 0.703819 0.0963172 0.703819 0.704621 -0.08377 0.704621 0.699548 -0.145827 0.699548 0.705412 0.0691982 0.705412 1 0 0 1 0 0 1 0 0 1 0 0 0.671167 0.7412 -0.0125781 0.671185 0.741131 -0.0153164 0.641172 0.746436 -0.178132 0.64226 0.747638 -0.168934 0.999974 0.00672325 0.00251388 0.999974 0.00678065 0.00252909 0.999863 0.0162917 0.00296477 0.999863 0.0162751 0.0029791 0.999834 0.0181476 -0.00136681 0.999835 0.0181306 -0.00138138 0.999975 0.00651171 -0.00277843 0.999975 0.00647145 -0.00274745 0.999974 -0.00684107 0.00247289 0.999974 -0.00678324 0.00245805 0.639911 0.768335 0.0132443 0.649438 0.760309 0.0126384 0.680526 0.732724 -2.08485e-05 0.676007 0.736895 0.000190889 0.611771 0.769384 0.183804 0.611832 0.769461 0.183282 0.999975 -0.00641399 -0.00280092 0.999975 -0.00645376 -0.00283232 0.641953 -0.7473 0.171578 0.642478 -0.747878 0.167036 0.671211 -0.741152 0.0129798 0.671132 -0.741172 0.015688 0.999837 -0.0179913 -0.00150177 0.999837 -0.0179744 -0.00151625 0.999861 -0.016427 0.00284791 0.999861 -0.0164102 0.00286237 0.676007 -0.736895 0.000381553 0.680526 -0.732724 0.00011608 0.649437 -0.760307 -0.0128408 0.639919 -0.768344 -0.0122782 0.6117 -0.769296 -0.184409 0.611822 -0.769449 -0.183365 0.00176154 0.00475281 0.999987 0.00174301 0.00477435 0.999987 0.000530504 0.00258704 0.999996 0.000540755 0.00258471 0.999996 -0.999853 -0.000167078 -0.0171282 -0.999853 -0.000166551 -0.0171278 -0.999962 0.000150646 -0.00867895 -0.999963 0.000150437 -0.00861419 0.999962 -6.30593e-05 -0.00869528 0.999962 -6.26946e-05 -0.00876052 0.999856 -6.33643e-06 -0.0169791 0.999856 -5.24551e-06 -0.01698 -5.48567e-05 -0.000304375 1 -4.574e-05 -0.000273756 1 -4.94808e-05 -0.000424722 1 -5.18302e-05 -0.000438216 1 -6.03576e-05 -0.000458277 1 -6.03601e-05 -0.000458274 1 0.999963 0.000149239 0.0086153 0.999962 0.000149451 0.00868005 -0.000805499 0.00229236 0.999997 -0.000792516 0.00229775 0.999997 -0.000963227 0.00568066 0.999983 -0.00100862 0.0056279 0.999984 -0.999962 -6.20937e-05 0.00869618 -0.999962 -6.17297e-05 0.00876142 -0.999856 -2.74857e-06 0.0169821 -0.999856 -1.67989e-06 0.0169831 0.999853 -0.000168845 0.0171298 0.999853 -0.000168315 0.0171293 7.83044e-05 -0.000406429 1 8.49841e-05 -0.000383158 1 6.57874e-05 -0.000252171 1 6.84305e-05 -0.000289579 1 6.31871e-05 -0.000454719 1 6.31817e-05 -0.000454726 1 0.232548 0.846205 0.479436 0.277872 0.781216 0.559007 0.477002 0.600523 0.641748 0.42523 0.689279 0.586578 -0.319737 -0.821948 0.471348 -0.153792 -0.901856 0.403738 -0.619862 -0.730339 0.287011 -0.630705 -0.756901 0.171208 0.696434 -0.478255 0.535024 0.746755 -0.382076 0.544403 0.328245 -0.775714 0.539003 0.4056 -0.818785 0.4063 0.685775 0.43133 0.586231 0.613503 0.454743 0.645619 0.762378 -0.0527357 0.64498 0.843058 0.0505092 0.535445 -0.397904 -0.562648 0.724638 -0.143131 -0.645884 0.749898 0.0889522 -0.430272 0.898306 0.0910343 -0.382805 0.919333 0.0752675 0.338491 0.937954 -0.125017 0.326861 0.936767 -0.280034 -4.19625e-08 0.95999 0.165005 -4.31122e-08 0.986293 0.293107 -0.393322 0.871428 0.514796 -0.202844 0.83297 0.577954 -3.56715e-08 0.816069 0.448184 -3.90754e-08 0.893942 0.370536 0.0913102 0.924319 0.258569 0.367138 0.893505 0.0971607 0.166356 0.981267 0.0946888 0.276621 0.956303 0.182367 0.660488 0.728353 0.385047 0.488379 0.783087 -0.161513 -0.801345 0.575986 -0.602831 -0.674836 0.425666 0.626469 -0.332776 0.704838 0.259049 -0.666204 0.699332 0.482215 0.396817 0.781028 0.612588 -0.0687123 0.78741 0.473841 -0.602402 -0.642329 0.237034 -0.783946 -0.573798 0.186441 -0.848338 -0.495543 0.387439 -0.709977 -0.588068 -0.603185 0.751691 -0.266698 -0.171126 0.893381 -0.415435 -0.246404 0.864999 -0.437105 -0.614979 0.773003 -0.155781 0.34065 0.773983 -0.533767 0.738221 0.39135 -0.549432 0.719561 0.453298 -0.526074 0.481791 0.795759 -0.366939 0.764012 0.04415 -0.64369 0.613033 -0.455567 -0.645484 0.671793 -0.4549 -0.584602 0.847077 -0.102486 -0.521495 -0.396805 0.578756 -0.712452 0.090541 0.39467 -0.914351 0.0888976 0.431432 -0.897755 -0.145508 0.641192 -0.753459 -0.238086 4.24544e-08 -0.971244 -0.141732 -0.322844 -0.93578 0.077801 -0.337936 -0.937948 0.251295 4.23087e-08 -0.967911 0.583484 3.54991e-08 -0.812125 0.50758 0.205816 -0.836662 0.302939 0.394064 -0.867722 0.467542 3.86396e-08 -0.883971 0.0963504 -0.209343 -0.973084 0.261225 -0.359227 -0.895945 0.370585 -0.0916191 -0.924269 0.0939386 -0.301818 -0.948726 0.352864 -0.504603 -0.787948 0.155675 -0.657487 -0.737208 -0.587727 0.708077 -0.391414 -0.170301 0.794116 -0.583418 0.291757 0.667285 -0.68528 0.62459 0.334271 -0.705798 0.620851 0.0377225 -0.78302 0.468682 -0.42186 -0.776126 0.812088 -2.55071e-08 0.583534 0.996198 -3.80787e-09 0.0871138 0.997334 3.1895e-09 -0.0729672 0.859134 2.23693e-08 -0.51175 0.993047 -0.0647129 0.0983337 0.991979 0.0795583 -0.0982279 0.993593 0.0556057 -0.0983878 0.994104 -0.0454589 0.0984384 0.951686 -1.34226e-08 0.307073 0.942509 1.46075e-08 -0.33418 0.999446 1.45477e-09 -0.0332812 0.99984 -7.82023e-10 0.0178906 0.990974 0.0913343 0.0981284 0.987464 -0.123908 -0.0977809 0.995 -0.0163581 -0.0985271 0.994767 -0.0271314 0.098504 -0.0319118 -4.36891e-08 0.999491 0.454489 -3.8936e-08 0.890752 0.178945 -0.409255 0.8947 0.186284 -0.31274 0.931392 0.708028 -3.08683e-08 0.706185 0.752271 -2.87994e-08 0.658854 0.195291 0.0912208 0.976494 0.186347 0.311564 0.931774 0.182606 0.364793 -0.913006 0.176264 0.438466 -0.881294 0.437572 3.93046e-08 -0.899183 -0.0331467 4.36874e-08 -0.999451 0.776302 2.7554e-08 -0.630362 0.733581 2.97063e-08 -0.679602 0.190307 -0.241431 -0.951575 0.195842 -0.0520508 -0.979253 0.805215 -2.59201e-08 0.592983 0.614733 -3.44767e-08 0.788736 0.668112 -0.327493 0.668112 0.673267 -0.30565 0.673267 0.692578 -0.201673 0.692578 0.689111 -0.224171 0.689111 0.970618 -0.142178 0.194129 0.975249 -0.104133 0.195055 0.823771 -2.4781e-08 0.566922 0.973355 -1.00232e-08 0.229304 0.692153 0.204624 0.692137 0.694617 0.187181 0.694601 0.7032 0.105083 0.703184 0.701767 0.122755 0.701751 0.950538 0.245629 0.190113 0.980513 0.0116584 0.196108 0.688622 0.227157 -0.688622 0.685217 0.246889 -0.685217 0.665609 0.337535 -0.665609 0.670319 0.318348 -0.670319 0.976219 0.0942 -0.195249 0.970701 0.141591 -0.194145 0.577414 3.56882e-08 -0.816452 0.759968 2.84107e-08 -0.649961 0.976011 9.51687e-09 -0.21772 0.832312 2.42296e-08 -0.554308 0.701901 -0.121211 -0.701885 0.700402 -0.137459 -0.700387 0.690931 -0.212719 -0.690916 0.693303 -0.19668 -0.693287 0.980227 0.0268215 -0.196051 0.963384 -0.186451 -0.192682 -0.74471 -0.641964 -0.182455 -0.815713 -0.543564 -0.197864 -0.827718 0.367056 0.424444 0.0899216 -0.820051 0.565181 -0.101148 0.113136 0.988418 -0.102087 0.11424 0.988194 -0.000174777 0.0797092 0.996818 0.0697079 0.0686542 0.995202 -0.365872 -0.434651 0.822931 -0.361851 -0.429987 0.827149 -0.152273 -0.263324 0.952614 -0.0650343 -0.227975 0.971493 0.198718 -0.224237 0.954059 0.201476 -0.227472 0.952714 0.398935 -0.336161 0.853139 0.340369 -0.320591 0.883952 0.126034 0.15373 0.980042 0.128574 0.156709 0.97924 0.389247 0.328214 0.860676 0.315365 0.299264 0.900548 -0.928589 -0.37057 -0.0200179 -0.52067 0.836103 -0.172727 -0.577911 0.807132 -0.120647 -0.731254 0.653791 0.194485 -0.95722 -0.107074 0.268823 -0.826052 0.532243 0.185353 -0.745154 0.641562 0.182056 0.902353 0.430959 -0.00586845 -0.936702 -0.350126 0.00117496 -0.916666 -0.398392 -0.0317398 -0.771072 -0.543985 -0.33095 -0.256887 0.962807 -0.0837372 -0.298641 0.948337 -0.107101 -0.436698 0.81028 -0.390821 -0.102034 0.269329 -0.957628 -0.184954 0.300158 -0.935787 -0.395731 0.469273 -0.789418 -0.390547 0.463264 -0.795525 0.118515 -0.0107988 -0.992894 0.00721989 -0.071058 -0.997446 -0.0961593 -0.107268 -0.989569 -0.097767 -0.109159 -0.989205 0.370976 0.358933 -0.856471 0.419026 0.363051 -0.832232 0.196747 0.221925 -0.955008 0.200961 0.226868 -0.952967 0.335148 -0.3238 -0.884777 0.339977 -0.263799 -0.902677 0.119518 -0.146085 -0.982026 0.123354 -0.150586 -0.980871 -0.938385 0.345231 -0.0158232 -0.925882 0.060909 -0.372872 0.927369 0.22606 0.298132 0.977987 0.128925 0.164074 0.980515 -0.118708 -0.156517 0.969448 -0.11637 -0.215934 0.984392 -0.0535044 0.16766 0.995697 -0.0274426 0.088508 0.995144 0.0330557 -0.0927171 0.983357 0.0589334 -0.171862 0.998528 -0.0345932 0.0417706 0.995095 -0.0663928 0.0733328 0.995053 0.0702584 -0.0702434 0.998506 0.0382873 -0.0389751 0.994049 -0.0429309 0.100113 0.989101 -0.0245814 0.145175 0.978668 0.0809421 -0.188831 0.992181 0.0573181 -0.110869 0.793614 -0.123569 0.595742 0.841074 -0.120828 0.527253 0.944857 -0.15505 0.288452 0.924752 -0.17559 0.33764 0.671979 0.270444 0.689423 0.712695 0.287262 0.639958 0.844711 -0.114866 0.522752 0.851346 -0.0292269 0.52379 0.367566 0.146069 -0.918455 0.270557 0.172847 -0.94706 0.661224 0.325457 -0.675915 0.711859 0.312755 -0.62884 0.340288 -0.173495 -0.924177 0.31342 -0.128899 -0.940826 0.675204 -0.35134 -0.648583 0.6858 -0.263756 -0.678315 0.278447 -0.164882 0.946193 0.369341 -0.144253 0.91803 0.69947 -0.288751 0.653732 0.649447 -0.304682 0.696697 0.458903 -0.0347807 0.887806 0.443665 0.0650538 0.893828 0.645938 0.19738 0.737432 0.604112 0.231122 0.762647 0.847707 0.109866 -0.518963 0.803389 0.109209 -0.585354 0.926984 0.188919 -0.324052 0.946227 0.166002 -0.277665 0.523192 -0.452429 -0.722204 0.597714 -0.341177 -0.72549 0.882766 -0.0366871 -0.468379 0.900375 0.00556948 -0.435079 0.232655 0.846197 0.479397 0.277908 0.781213 0.558993 0.476993 0.600528 0.64175 0.425234 0.689277 0.586578 -0.319674 -0.821989 0.47132 -0.153748 -0.901876 0.403709 -0.61988 -0.730315 0.287033 -0.630782 -0.75682 0.171284 0.696435 -0.478254 0.535024 0.746743 -0.382089 0.54441 0.328311 -0.775705 0.538975 0.405689 -0.818762 0.406257 0.685717 0.43143 0.586225 0.613482 0.454779 0.645613 0.762379 -0.052729 0.644979 0.843064 0.0505604 0.535432 -0.397903 -0.56266 0.724629 -0.143129 -0.645887 0.749896 0.088952 -0.430276 0.898304 0.091035 -0.382788 0.91934 0.0752842 0.338488 0.937954 -0.124987 0.326868 0.936769 -0.280024 -4.19626e-08 0.959993 0.164925 -4.31128e-08 0.986306 0.293113 -0.393322 0.871426 0.5148 -0.202843 0.832968 0.578108 -3.56668e-08 0.815961 0.448214 -3.90748e-08 0.893926 0.370536 0.0913118 0.924319 0.258576 0.367118 0.893512 0.0971601 0.166392 0.981261 0.094688 0.27665 0.956294 0.182312 0.660482 0.728372 0.385042 0.488381 0.783088 -0.16152 -0.801339 0.575992 -0.602821 -0.67486 0.425642 0.626464 -0.33278 0.704841 0.259045 -0.666204 0.699334 0.48222 0.396808 0.78103 0.612587 -0.068717 0.787411 0.47388 -0.602379 -0.642321 0.237046 -0.783945 -0.573794 0.186469 -0.848337 -0.495533 0.387506 -0.709942 -0.588066 -0.603141 0.751745 -0.266646 -0.17118 0.893354 -0.415471 -0.24649 0.864954 -0.437147 -0.615023 0.772959 -0.155824 0.340599 0.773991 -0.533789 0.738182 0.391391 -0.549454 0.719517 0.453346 -0.526092 0.481783 0.795762 -0.366943 0.764005 0.0441834 -0.643696 0.613045 -0.455546 -0.645488 0.671827 -0.454844 -0.584607 0.847081 -0.102557 -0.521475 -0.396806 0.578751 -0.712456 0.0905411 0.394667 -0.914352 0.088896 0.431466 -0.897738 -0.145527 0.641153 -0.753488 -0.238091 4.24544e-08 -0.971243 -0.141725 -0.322845 -0.93578 0.0778119 -0.337934 -0.937948 0.251398 4.23076e-08 -0.967884 0.58357 3.54964e-08 -0.812062 0.50759 0.205812 -0.836657 0.302919 0.394063 -0.86773 0.467527 3.86399e-08 -0.883979 0.0963513 -0.209299 -0.973093 0.261225 -0.359227 -0.895945 0.370586 -0.0916289 -0.924267 0.0939398 -0.30178 -0.948738 0.352862 -0.504604 -0.787948 0.155654 -0.657484 -0.737215 -0.587689 0.708153 -0.391332 -0.17027 0.794142 -0.583392 0.291801 0.667286 -0.685261 0.624624 0.334244 -0.70578 0.62085 0.0377284 -0.783021 0.468665 -0.421891 -0.776119 0.812106 -2.5506e-08 0.58351 0.996197 -3.80828e-09 0.0871232 0.997332 3.19085e-09 -0.0729982 0.859186 2.23655e-08 -0.511663 0.993047 -0.0647129 0.0983337 0.991975 0.0796002 -0.0982276 0.99359 0.0556586 -0.0983875 0.994104 -0.045459 0.0984384 0.951686 -1.34226e-08 0.307073 0.942509 1.46075e-08 -0.33418 0.999445 1.45582e-09 -0.0333054 0.99984 -7.82023e-10 0.0178906 0.990974 0.0913339 0.0981284 0.987461 -0.123936 -0.0977805 0.994999 -0.0164207 -0.098527 0.994765 -0.0271982 0.0985038 -0.0318836 -4.36892e-08 0.999492 0.454432 -3.89373e-08 0.890781 0.178946 -0.409244 0.894706 0.186287 -0.312684 0.931411 0.708029 -3.08682e-08 0.706183 0.752281 -2.87989e-08 0.658842 0.195289 0.0913003 0.976487 0.186343 0.311631 0.931752 0.182606 0.364794 -0.913006 0.176256 0.438541 -0.881258 0.437519 3.93057e-08 -0.899209 -0.0331412 4.36874e-08 -0.999451 0.776321 2.75529e-08 -0.630337 0.73359 2.97059e-08 -0.679592 0.190311 -0.241353 -0.951594 0.195843 -0.0519588 -0.979258 0.805207 -2.59206e-08 0.592993 0.614722 -3.44771e-08 0.788744 0.668136 -0.327397 0.668136 0.673287 -0.305565 0.673287 0.692582 -0.20164 0.692583 0.689118 -0.224128 0.689118 0.970618 -0.142178 0.194129 0.975249 -0.104133 0.195055 0.823725 -2.47839e-08 0.56699 0.973345 -1.00249e-08 0.229344 0.692175 0.204477 0.692159 0.694631 0.187079 0.694615 0.703192 0.105192 0.703176 0.701761 0.122818 0.701745 0.95053 0.245663 0.190111 0.980514 0.0115603 0.196108 0.688628 0.227118 -0.688628 0.68523 0.246822 -0.68523 0.665657 0.337344 -0.665657 0.670358 0.318182 -0.670358 0.976209 0.094315 -0.195247 0.970688 0.141684 -0.194143 0.577397 3.56888e-08 -0.816463 0.759961 2.8411e-08 -0.649968 0.976007 9.51765e-09 -0.217738 0.832271 2.42322e-08 -0.554368 0.701892 -0.121319 -0.701876 0.700393 -0.137555 -0.700377 0.690926 -0.212756 -0.69091 0.693296 -0.19673 -0.69328 0.980231 0.0266732 -0.196052 0.96337 -0.186529 -0.192679 -0.744882 -0.641809 -0.182299 -0.815781 -0.543491 -0.197783 -0.827676 0.367257 0.424352 0.0899226 -0.820051 0.565182 -0.101151 0.113139 0.988417 -0.102091 0.114245 0.988193 -0.000211308 0.0797519 0.996815 0.0696623 0.0687079 0.995202 -0.365878 -0.434659 0.822924 -0.361858 -0.429994 0.827142 -0.152258 -0.263307 0.952621 -0.0649979 -0.227934 0.971505 0.198717 -0.224236 0.95406 0.201477 -0.227474 0.952713 0.398981 -0.336223 0.853093 0.340415 -0.320648 0.883913 0.126021 0.153714 0.980046 0.128561 0.156694 0.979244 0.389328 0.328321 0.860598 0.315404 0.299312 0.900518 -0.928569 -0.370616 -0.020084 -0.521006 0.835818 -0.173092 -0.578262 0.806833 -0.120972 -0.73161 0.653486 0.194172 -0.957228 -0.107089 0.268787 -0.825935 0.532374 0.185497 -0.74517 0.641548 0.182041 0.902228 0.431221 -0.00565677 -0.936766 -0.349956 0.00101535 -0.916739 -0.398212 -0.0318814 -0.771158 -0.543793 -0.331067 -0.256751 0.962833 -0.0838568 -0.298496 0.948371 -0.107207 -0.43654 0.810326 -0.390902 -0.102011 0.269304 -0.957637 -0.184918 0.300118 -0.935807 -0.39571 0.469248 -0.789443 -0.390525 0.463239 -0.79555 0.118557 -0.0107494 -0.992889 0.00723937 -0.0710352 -0.997448 -0.0961695 -0.10728 -0.989567 -0.0977768 -0.10917 -0.989202 0.370942 0.358891 -0.856504 0.418963 0.362966 -0.832302 0.196722 0.221896 -0.95502 0.200935 0.226838 -0.952979 0.335139 -0.323789 -0.884784 0.339918 -0.263723 -0.902722 0.119534 -0.146104 -0.982021 0.123368 -0.150602 -0.980866 -0.938347 0.345341 -0.0156694 -0.925852 0.0608719 -0.372953 0.927369 0.226061 0.298133 0.977987 0.128925 0.164074 0.980518 -0.118698 -0.156509 0.969435 -0.116415 -0.215969 0.984392 -0.0535028 0.167659 0.995697 -0.0274449 0.0885097 0.995139 0.0331036 -0.092753 0.983336 0.0590396 -0.171944 0.998528 -0.0345937 0.0417703 0.995095 -0.0663936 0.0733322 0.995053 0.0702606 -0.0702417 0.998506 0.0383068 -0.0389604 0.994047 -0.0429489 0.100126 0.989092 -0.0246451 0.145225 0.978678 0.0808984 -0.188797 0.992182 0.0573066 -0.110861 0.793619 -0.123561 0.595736 0.841081 -0.120815 0.527244 0.944853 -0.155022 0.28848 0.924746 -0.175555 0.337676 0.671982 0.270441 0.689421 0.712685 0.287272 0.639964 0.844733 -0.114829 0.522724 0.851373 -0.0291753 0.523748 0.367572 0.146063 -0.918453 0.270538 0.172865 -0.947062 0.66127 0.325539 -0.67583 0.71191 0.312856 -0.628734 0.340267 -0.173516 -0.924181 0.313386 -0.128935 -0.940832 0.67533 -0.35158 -0.648321 0.685911 -0.263953 -0.678126 0.278466 -0.164863 0.946191 0.369349 -0.144245 0.918028 0.699467 -0.288744 0.653738 0.649453 -0.304692 0.696688 0.458892 -0.034768 0.887811 0.443678 0.0650389 0.893823 0.645979 0.197445 0.737378 0.604151 0.231181 0.762599 0.847712 0.109857 -0.518956 0.803427 0.109153 -0.585313 0.926966 0.1888 -0.324174 0.946209 0.165845 -0.277821 0.523383 -0.452292 -0.722151 0.597831 -0.341074 -0.725442 0.882789 -0.0367426 -0.468331 0.900381 0.00555456 -0.435067 0.232703 0.846194 0.47938 0.277901 0.781213 0.558996 0.476976 0.600539 0.641753 0.425226 0.689282 0.586578 -0.319712 -0.821965 0.471337 -0.153763 -0.90187 0.403718 -0.619833 -0.730379 0.286973 -0.630666 -0.756942 0.171169 0.696458 -0.47823 0.535016 0.746743 -0.38209 0.54441 0.328276 -0.77571 0.538989 0.405622 -0.818779 0.406289 0.685774 0.431333 0.58623 0.613505 0.454739 0.645619 0.762378 -0.0527358 0.644979 0.843063 0.0505524 0.535434 -0.3979 -0.56269 0.724607 -0.143122 -0.645901 0.749885 0.0889504 -0.430312 0.898287 0.0910344 -0.382804 0.919333 0.0753203 0.338477 0.937955 -0.124997 0.326863 0.936769 -0.280014 -4.19628e-08 0.959996 0.165008 -4.31122e-08 0.986292 0.293108 -0.39332 0.871428 0.51482 -0.202832 0.832958 0.57815 -3.56654e-08 0.81593 0.448217 -3.90747e-08 0.893925 0.370534 0.0913008 0.924321 0.258577 0.367114 0.893513 0.0971602 0.166382 0.981263 0.0946883 0.276638 0.956298 0.182238 0.660474 0.728398 0.385023 0.48839 0.783091 -0.161512 -0.801345 0.575986 -0.602837 -0.674821 0.42568 0.626462 -0.332781 0.704842 0.259054 -0.666204 0.69933 0.482221 0.396806 0.78103 0.612583 -0.0687318 0.787412 0.473857 -0.602393 -0.642325 0.236969 -0.783949 -0.573821 0.186326 -0.848341 -0.495581 0.387389 -0.710003 -0.588069 -0.603198 0.751676 -0.266712 -0.171109 0.89339 -0.415423 -0.246427 0.864987 -0.437116 -0.614974 0.773008 -0.155775 0.340667 0.773981 -0.53376 0.738218 0.391353 -0.549433 0.719573 0.453283 -0.526069 0.481758 0.795771 -0.366957 0.764011 0.0441555 -0.643691 0.613045 -0.455545 -0.645488 0.67179 -0.454905 -0.584602 0.847081 -0.102554 -0.521476 -0.396808 0.578707 -0.71249 0.090541 0.39467 -0.914351 0.0888969 0.431448 -0.897747 -0.145519 0.64117 -0.753476 -0.238076 4.24545e-08 -0.971246 -0.141799 -0.322825 -0.935776 0.0778066 -0.337932 -0.937949 0.25149 4.23065e-08 -0.96786 0.583495 3.54988e-08 -0.812117 0.50759 0.205809 -0.836657 0.3029 0.394059 -0.867738 0.467554 3.86393e-08 -0.883964 0.0963503 -0.209345 -0.973083 0.261211 -0.359268 -0.895933 0.370586 -0.0916336 -0.924267 0.09394 -0.301773 -0.94874 0.352916 -0.504577 -0.787942 0.155656 -0.657484 -0.737215 -0.58774 0.70805 -0.391442 -0.170276 0.794137 -0.583398 0.291791 0.667285 -0.685265 0.62459 0.334271 -0.705798 0.620843 0.0377583 -0.783026 0.468697 -0.421833 -0.776131 0.812024 -2.5511e-08 0.583623 0.996197 -3.80873e-09 0.0871336 0.997332 3.19076e-09 -0.072996 0.859191 2.23651e-08 -0.511654 0.993047 -0.0647144 0.0983337 0.991976 0.0795982 -0.0982276 0.993591 0.0556569 -0.0983875 0.994104 -0.0454724 0.0984383 0.95168 -1.34234e-08 0.307091 0.94247 1.46123e-08 -0.33429 0.999445 1.45608e-09 -0.0333111 0.99984 -7.81467e-10 0.0178779 0.990976 0.0913126 0.0981286 0.987461 -0.123936 -0.0977805 0.994999 -0.0164088 -0.098527 0.994766 -0.0271581 0.0985039 -0.0318628 -4.36892e-08 0.999492 0.454392 -3.89382e-08 0.890802 0.17894 -0.409308 0.894677 0.186286 -0.312708 0.931403 0.708014 -3.08689e-08 0.706198 0.752276 -2.87991e-08 0.658848 0.19529 0.0912707 0.976489 0.186345 0.311598 0.931763 0.182607 0.364789 -0.913008 0.176261 0.438494 -0.881281 0.437541 3.93052e-08 -0.899198 -0.033125 4.36874e-08 -0.999451 0.776352 2.75513e-08 -0.6303 0.733633 2.97039e-08 -0.679546 0.19031 -0.241366 -0.951591 0.195842 -0.0520805 -0.979251 0.805195 -2.59213e-08 0.59301 0.614591 -3.44815e-08 0.788846 0.668143 -0.327367 0.668143 0.673298 -0.305517 0.673298 0.692602 -0.201506 0.692602 0.689137 -0.224012 0.689137 0.970619 -0.142174 0.194129 0.975247 -0.104152 0.195055 0.823696 -2.47858e-08 0.567032 0.973351 -1.00239e-08 0.229321 0.692165 0.204542 0.692149 0.694626 0.187113 0.69461 0.7032 0.105079 0.703184 0.701769 0.122736 0.701753 0.950548 0.245592 0.190115 0.980514 0.0116099 0.196108 0.688627 0.227128 -0.688627 0.685223 0.246861 -0.685223 0.665615 0.337511 -0.665615 0.670325 0.318323 -0.670325 0.976209 0.0943138 -0.195247 0.970688 0.141682 -0.194143 0.577389 3.5689e-08 -0.816469 0.759964 2.84109e-08 -0.649965 0.97601 9.51702e-09 -0.217724 0.832319 2.42291e-08 -0.554297 0.701889 -0.121354 -0.701873 0.700391 -0.137578 -0.700375 0.690931 -0.212724 -0.690915 0.693299 -0.19671 -0.693283 0.98023 0.0267032 -0.196051 0.963371 -0.186522 -0.19268 -0.744677 -0.641993 -0.182485 -0.815656 -0.543625 -0.197933 -0.827691 0.367187 0.424384 0.0897342 -0.820094 0.56515 -0.101153 0.113144 0.988416 -0.102093 0.11425 0.988192 -0.000191688 0.0797308 0.996816 0.0696657 0.0687047 0.995202 -0.365894 -0.434685 0.822903 -0.361872 -0.430019 0.827123 -0.152226 -0.263275 0.952635 -0.0649608 -0.227896 0.971516 0.19874 -0.224268 0.954047 0.201498 -0.227503 0.952702 0.39897 -0.336215 0.853102 0.340394 -0.320628 0.883928 0.12604 0.153739 0.98004 0.12858 0.156719 0.979238 0.389352 0.32836 0.860572 0.315422 0.299339 0.900503 -0.928593 -0.37056 -0.0200024 -0.519947 0.836714 -0.171943 -0.577159 0.807775 -0.119949 -0.730489 0.654446 0.195158 -0.957231 -0.107097 0.268773 -0.826107 0.532181 0.185286 -0.745169 0.641548 0.182042 0.902335 0.430996 -0.00583705 -0.936752 -0.349993 0.00105039 -0.916723 -0.398251 -0.0318507 -0.771139 -0.543834 -0.331042 -0.256807 0.962822 -0.083808 -0.298555 0.948357 -0.107164 -0.436605 0.810307 -0.390869 -0.101959 0.26925 -0.957658 -0.18487 0.30007 -0.935832 -0.395658 0.469197 -0.789499 -0.390473 0.463187 -0.795606 0.11856 -0.0107457 -0.992889 0.00727656 -0.0709934 -0.99745 -0.0961742 -0.107287 -0.989566 -0.0977802 -0.109176 -0.989201 0.370933 0.358885 -0.85651 0.418991 0.363012 -0.832268 0.196761 0.221946 -0.955 0.200973 0.226887 -0.95296 0.335094 -0.323739 -0.884819 0.339895 -0.263699 -0.902737 0.119536 -0.146109 -0.98202 0.12337 -0.150608 -0.980865 -0.938407 0.345164 -0.0159167 -0.925828 0.0608452 -0.373014 0.927368 0.226065 0.298133 0.977986 0.12893 0.164076 0.980519 -0.118695 -0.156506 0.969437 -0.116413 -0.215965 0.984388 -0.0535274 0.167677 0.995696 -0.027457 0.0885187 0.995141 0.0330815 -0.0927362 0.983347 0.0589835 -0.1719 0.998528 -0.034599 0.041767 0.995095 -0.0664069 0.0733223 0.995052 0.0702619 -0.0702414 0.998506 0.0383084 -0.03896 0.994047 -0.0429501 0.100127 0.989097 -0.0246093 0.145197 0.978671 0.0809318 -0.188821 0.992179 0.057328 -0.110876 0.79362 -0.123562 0.595735 0.841088 -0.120806 0.527236 0.944851 -0.155014 0.28849 0.924744 -0.175551 0.337683 0.671878 0.270552 0.689479 0.712602 0.287364 0.640015 0.844676 -0.114926 0.522795 0.851338 -0.0292434 0.523803 0.367597 0.146039 -0.918447 0.2706 0.172807 -0.947055 0.661208 0.325435 -0.675941 0.711862 0.312769 -0.628831 0.340199 -0.173586 -0.924193 0.313311 -0.129016 -0.940846 0.675244 -0.351424 -0.648496 0.685845 -0.263843 -0.678235 0.278477 -0.164855 0.946189 0.369333 -0.144263 0.918031 0.699459 -0.288738 0.653748 0.649446 -0.304687 0.696696 0.458954 -0.0348435 0.887776 0.443655 0.0650653 0.893832 0.645972 0.197439 0.737386 0.604153 0.231189 0.762594 0.847695 0.109886 -0.518977 0.803387 0.109215 -0.585356 0.92697 0.188834 -0.324143 0.946215 0.165906 -0.277764 0.523418 -0.452271 -0.722138 0.597879 -0.341036 -0.725421 0.882815 -0.0368053 -0.468276 0.900412 0.00548044 -0.435004 0.232611 0.8462 0.479413 0.277873 0.781216 0.559007 0.476989 0.600531 0.64175 0.4252 0.689296 0.58658 -0.319718 -0.821961 0.471339 -0.153755 -0.901873 0.403713 -0.619885 -0.73031 0.287038 -0.630761 -0.756841 0.171264 0.696455 -0.478233 0.535017 0.74674 -0.382093 0.544412 0.328282 -0.775709 0.538987 0.40562 -0.81878 0.40629 0.685717 0.43143 0.586225 0.613484 0.454776 0.645613 0.762376 -0.0527479 0.644981 0.843062 0.0505414 0.535437 -0.397903 -0.562632 0.72465 -0.143139 -0.645868 0.74991 0.0889516 -0.430285 0.8983 0.0910351 -0.382787 0.91934 0.0752351 0.338496 0.937955 -0.124983 0.326867 0.93677 -0.28002 -4.19627e-08 0.959994 0.164989 -4.31123e-08 0.986295 0.293094 -0.393319 0.871433 0.514794 -0.202843 0.832972 0.578044 -3.56688e-08 0.816006 0.448196 -3.90752e-08 0.893935 0.370533 0.0912975 0.924321 0.258572 0.367129 0.893508 0.0971607 0.166355 0.981267 0.0946899 0.276583 0.956314 0.182276 0.660478 0.728384 0.38505 0.488377 0.783086 -0.161508 -0.801349 0.575982 -0.602851 -0.674788 0.425713 0.626435 -0.332803 0.704856 0.259059 -0.666205 0.699328 0.482228 0.396792 0.781033 0.612582 -0.0687338 0.787413 0.473814 -0.602419 -0.642333 0.23705 -0.783945 -0.573792 0.186457 -0.848337 -0.495537 0.387506 -0.709941 -0.588066 -0.603166 0.751715 -0.266675 -0.171099 0.893395 -0.415416 -0.246382 0.865011 -0.437095 -0.615074 0.772909 -0.155873 0.340673 0.77398 -0.533758 0.738183 0.391391 -0.549453 0.719525 0.453337 -0.526088 0.481773 0.795766 -0.366949 0.764002 0.0442024 -0.643698 0.613016 -0.455596 -0.645479 0.671797 -0.454893 -0.584603 0.847079 -0.102525 -0.521484 -0.396805 0.578738 -0.712466 0.0905419 0.394649 -0.91436 0.0888982 0.431419 -0.897761 -0.145502 0.641205 -0.753449 -0.23809 4.24544e-08 -0.971243 -0.141747 -0.322838 -0.93578 0.0778196 -0.337929 -0.937949 0.251333 4.23083e-08 -0.967901 0.583541 3.54973e-08 -0.812083 0.507581 0.205813 -0.836662 0.302957 0.394064 -0.867716 0.467535 3.86398e-08 -0.883975 0.0963511 -0.209311 -0.973091 0.261227 -0.359219 -0.895948 0.370584 -0.091621 -0.924269 0.093938 -0.301838 -0.94872 0.352826 -0.504622 -0.787953 0.155696 -0.65749 -0.737202 -0.587735 0.708061 -0.39143 -0.170288 0.794127 -0.583407 0.291777 0.667285 -0.685271 0.624614 0.334251 -0.705785 0.620849 0.0377331 -0.783022 0.468675 -0.421873 -0.776123 0.812101 -2.55063e-08 0.583516 0.996201 -3.80674e-09 0.0870881 0.997334 3.18974e-09 -0.0729728 0.85919 2.23652e-08 -0.511657 0.993047 -0.0647217 0.0983337 0.991977 0.0795745 -0.0982278 0.99359 0.0556752 -0.0983874 0.994102 -0.0455137 0.0984381 0.951661 -1.3426e-08 0.30715 0.9425 1.46087e-08 -0.334207 0.999445 1.45584e-09 -0.0333058 0.99984 -7.81402e-10 0.0178764 0.990976 0.0913068 0.0981286 0.98747 -0.123861 -0.0977815 0.995 -0.0163586 -0.0985271 0.994765 -0.0272127 0.0985038 -0.0319451 -4.36891e-08 0.99949 0.45444 -3.89371e-08 0.890777 0.178945 -0.40926 0.894698 0.186287 -0.31268 0.931412 0.708014 -3.08689e-08 0.706198 0.752239 -2.8801e-08 0.658891 0.195291 0.0912006 0.976496 0.186353 0.311472 0.931804 0.182609 0.364765 -0.913018 0.176265 0.438454 -0.881299 0.437509 3.93059e-08 -0.899214 -0.0331697 4.36873e-08 -0.99945 0.776307 2.75537e-08 -0.630356 0.733586 2.97061e-08 -0.679597 0.190306 -0.241447 -0.951571 0.195843 -0.0519604 -0.979258 0.805224 -2.59196e-08 0.592971 0.614712 -3.44774e-08 0.788752 0.668122 -0.327453 0.668122 0.673276 -0.305611 0.673276 0.692583 -0.201634 0.692583 0.689117 -0.224133 0.689117 0.970619 -0.142174 0.194129 0.97524 -0.104219 0.195053 0.823707 -2.4785e-08 0.567015 0.973349 -1.00243e-08 0.229329 0.692154 0.204615 0.692138 0.694613 0.187211 0.694597 0.703184 0.105296 0.703168 0.701752 0.122928 0.701736 0.950544 0.245606 0.190114 0.980514 0.0115267 0.196108 0.688628 0.227117 -0.688628 0.685227 0.246835 -0.685227 0.665638 0.33742 -0.665638 0.670343 0.318245 -0.670343 0.976204 0.0943679 -0.195246 0.970692 0.141653 -0.194144 0.577403 3.56886e-08 -0.816459 0.759963 2.84109e-08 -0.649967 0.976003 9.51844e-09 -0.217757 0.832277 2.42318e-08 -0.55436 0.701898 -0.121251 -0.701882 0.700397 -0.137515 -0.700381 0.690911 -0.212852 -0.690895 0.693287 -0.196797 -0.693271 0.980228 0.0267918 -0.196051 0.963397 -0.186385 -0.192685 -0.744847 -0.64184 -0.18233 -0.815805 -0.543466 -0.197755 -0.82771 0.367096 0.424425 0.0897329 -0.820094 0.565149 -0.101141 0.11313 0.988419 -0.102081 0.114235 0.988195 -0.000184169 0.079722 0.996817 0.0696979 0.0686669 0.995202 -0.365902 -0.434694 0.822896 -0.36188 -0.430028 0.827115 -0.152259 -0.263313 0.952619 -0.0649999 -0.22794 0.971503 0.198722 -0.224246 0.954056 0.201479 -0.227481 0.952711 0.398933 -0.336166 0.853138 0.340366 -0.320593 0.883952 0.126022 0.153719 0.980045 0.128563 0.156699 0.979243 0.389292 0.328281 0.860629 0.315391 0.299301 0.900526 -0.928621 -0.370496 -0.0199106 -0.520826 0.835971 -0.172896 -0.578074 0.806994 -0.120798 -0.731419 0.65365 0.19434 -0.957213 -0.107064 0.268848 -0.825983 0.53232 0.185438 -0.745227 0.641496 0.181989 0.902228 0.431221 -0.00565679 -0.936719 -0.350081 0.00113355 -0.916685 -0.398345 -0.0317768 -0.771094 -0.543935 -0.33098 -0.256952 0.962794 -0.08368 -0.298711 0.948321 -0.10705 -0.436774 0.810258 -0.390783 -0.102044 0.269345 -0.957622 -0.184965 0.300176 -0.935779 -0.395728 0.469278 -0.789416 -0.390544 0.46327 -0.795523 0.118538 -0.010771 -0.992891 0.0072256 -0.071053 -0.997446 -0.0961581 -0.107269 -0.989569 -0.0977659 -0.10916 -0.989205 0.370939 0.358894 -0.856504 0.418975 0.36299 -0.832285 0.196768 0.221955 -0.954996 0.20098 0.226895 -0.952956 0.335148 -0.323806 -0.884774 0.339986 -0.263817 -0.902669 0.11952 -0.146091 -0.982025 0.123356 -0.150591 -0.98087 -0.938405 0.34517 -0.0159084 -0.92588 0.0609086 -0.372876 0.92737 0.226061 0.29813 0.977987 0.128927 0.164074 0.980525 -0.118668 -0.156486 0.969465 -0.116315 -0.21589 0.984382 -0.0535601 0.167702 0.995694 -0.0274761 0.088533 0.995139 0.0331003 -0.0927503 0.983341 0.0590151 -0.171924 0.998528 -0.0346032 0.0417639 0.995095 -0.0664165 0.0733146 0.995053 0.0702474 -0.070253 0.998506 0.0382957 -0.0389696 0.994045 -0.0429701 0.100142 0.98909 -0.0246553 0.145232 0.978672 0.080928 -0.188818 0.992181 0.057314 -0.110866 0.793602 -0.123587 0.595753 0.841056 -0.120858 0.527275 0.944855 -0.155044 0.288461 0.924749 -0.175579 0.337654 0.671936 0.270492 0.689446 0.712659 0.287304 0.63998 0.844709 -0.114872 0.522754 0.851383 -0.0291574 0.523733 0.367592 0.146045 -0.918448 0.270551 0.172856 -0.94706 0.661217 0.325452 -0.675924 0.711865 0.312774 -0.628825 0.340274 -0.173512 -0.924179 0.313423 -0.128899 -0.940825 0.675226 -0.351389 -0.648533 0.685827 -0.26381 -0.678267 0.278474 -0.164858 0.946189 0.369363 -0.144233 0.918024 0.699461 -0.288742 0.653745 0.649442 -0.30468 0.696703 0.458893 -0.0347693 0.887811 0.443638 0.0650841 0.893839 0.645975 0.197443 0.737383 0.604131 0.231154 0.762623 0.847698 0.109882 -0.518974 0.803422 0.109162 -0.585317 0.926968 0.188824 -0.324153 0.946213 0.165888 -0.277781 0.523287 -0.452366 -0.722174 0.597732 -0.341166 -0.725481 0.882761 -0.0366778 -0.468388 0.900365 0.00559212 -0.435099 0.232548 0.846205 0.479436 0.277847 0.781218 0.559016 0.476993 0.600528 0.64175 0.425219 0.689285 0.586579 -0.319694 -0.821976 0.471329 -0.153727 -0.901887 0.403694 -0.619883 -0.730312 0.287036 -0.630797 -0.756804 0.171299 0.696398 -0.478293 0.535038 0.74671 -0.382126 0.54443 0.328308 -0.775705 0.538976 0.405618 -0.81878 0.406291 0.685706 0.43145 0.586224 0.613483 0.454777 0.645613 0.762375 -0.0527509 0.644982 0.843064 0.0505595 0.535432 -0.397904 -0.562634 0.724648 -0.143139 -0.645869 0.74991 0.088951 -0.430297 0.898294 0.091035 -0.38279 0.919339 0.0752674 0.338491 0.937954 -0.124967 0.326873 0.93677 -0.280022 -4.19627e-08 0.959993 0.164916 -4.31129e-08 0.986308 0.293092 -0.39332 0.871433 0.514816 -0.202836 0.83296 0.578029 -3.56692e-08 0.816016 0.448208 -3.90749e-08 0.893929 0.370536 0.0913128 0.924318 0.258574 0.367122 0.89351 0.0971616 0.166299 0.981277 0.0946905 0.276561 0.95632 0.182332 0.660484 0.728365 0.385025 0.48839 0.78309 -0.161514 -0.801344 0.575987 -0.602838 -0.67482 0.425682 0.626448 -0.332792 0.704849 0.259063 -0.666205 0.699327 0.482223 0.396801 0.781031 0.612585 -0.0687253 0.787412 0.473827 -0.602411 -0.642331 0.237025 -0.783946 -0.573801 0.186441 -0.848338 -0.495543 0.387471 -0.70996 -0.588067 -0.603167 0.751713 -0.266677 -0.171126 0.893381 -0.415434 -0.246402 0.865 -0.437104 -0.615035 0.772947 -0.155836 0.340643 0.773984 -0.533771 0.738196 0.391377 -0.549447 0.719552 0.453307 -0.526077 0.481825 0.795747 -0.36692 0.764007 0.0441718 -0.643694 0.61302 -0.455589 -0.645481 0.671793 -0.4549 -0.584603 0.847082 -0.102572 -0.521471 -0.396806 0.578748 -0.712457 0.0905427 0.39463 -0.914368 0.088897 0.431447 -0.897748 -0.145507 0.641194 -0.753457 -0.238086 4.24544e-08 -0.971244 -0.141719 -0.322847 -0.935781 0.0778133 -0.337933 -0.937948 0.251295 4.23087e-08 -0.967911 0.583524 3.54979e-08 -0.812096 0.50758 0.205816 -0.836662 0.302971 0.394067 -0.86771 0.467539 3.86397e-08 -0.883973 0.0963503 -0.209347 -0.973083 0.26123 -0.35921 -0.89595 0.370588 -0.0916408 -0.924265 0.093938 -0.301839 -0.94872 0.352841 -0.504615 -0.787951 0.155667 -0.657486 -0.737211 -0.587718 0.708094 -0.391395 -0.170263 0.794148 -0.583387 0.291791 0.667285 -0.685265 0.624595 0.334267 -0.705795 0.62085 0.0377286 -0.783021 0.468668 -0.421885 -0.77612 0.812106 -2.5506e-08 0.58351 0.996199 -3.80774e-09 0.0871109 0.997334 3.18948e-09 -0.0729667 0.859187 2.23654e-08 -0.511661 0.993047 -0.0647184 0.0983337 0.991978 0.0795618 -0.0982279 0.99359 0.0556723 -0.0983874 0.994102 -0.0454991 0.0984382 0.951676 -1.34239e-08 0.307103 0.942537 1.46041e-08 -0.334102 0.999445 1.45545e-09 -0.0332969 0.999841 -7.8047e-10 0.0178551 0.990974 0.0913307 0.0981284 0.987467 -0.123888 -0.0977811 0.994999 -0.0163889 -0.098527 0.994766 -0.0271593 0.0985039 -0.0319079 -4.36891e-08 0.999491 0.454425 -3.89374e-08 0.890785 0.178943 -0.409276 0.894691 0.186288 -0.312677 0.931413 0.708 -3.08695e-08 0.706212 0.752257 -2.88001e-08 0.65887 0.195293 0.0911064 0.976504 0.186355 0.311447 0.931812 0.18261 0.364746 -0.913025 0.176258 0.438527 -0.881265 0.437533 3.93054e-08 -0.899202 -0.0331401 4.36874e-08 -0.999451 0.7763 2.7554e-08 -0.630363 0.733562 2.97073e-08 -0.679623 0.190305 -0.241466 -0.951566 0.195842 -0.0520507 -0.979253 0.805214 -2.59202e-08 0.592985 0.614726 -3.4477e-08 0.788741 0.668138 -0.327389 0.668138 0.673288 -0.305557 0.673288 0.692583 -0.201635 0.692583 0.689119 -0.224121 0.689119 0.970619 -0.142174 0.194129 0.975242 -0.104197 0.195054 0.823707 -2.4785e-08 0.567015 0.973349 -1.00243e-08 0.229329 0.692154 0.204615 0.692138 0.694612 0.187218 0.694596 0.703181 0.105333 0.703165 0.701749 0.122958 0.701733 0.950537 0.245636 0.190113 0.980513 0.0116169 0.196108 0.688619 0.227175 -0.688619 0.685221 0.246868 -0.685221 0.665659 0.337338 -0.665659 0.670357 0.318187 -0.670357 0.976204 0.0943694 -0.195246 0.970694 0.141635 -0.194144 0.577433 3.56876e-08 -0.816438 0.75998 2.841e-08 -0.649946 0.976 9.519e-09 -0.217769 0.832291 2.42309e-08 -0.554339 0.701901 -0.121211 -0.701885 0.700402 -0.137459 -0.700387 0.690931 -0.212719 -0.690916 0.693303 -0.19668 -0.693287 0.980229 0.0267321 -0.196051 0.963387 -0.186438 -0.192683 -0.744919 -0.641775 -0.182265 -0.815795 -0.543477 -0.197767 -0.827687 0.367205 0.424376 0.0903303 -0.819958 0.565251 -0.101145 0.113132 0.988418 -0.102085 0.114238 0.988194 -0.000204963 0.0797445 0.996815 0.0697297 0.0686285 0.995202 -0.365882 -0.434663 0.822921 -0.361861 -0.429998 0.827139 -0.152261 -0.263311 0.95262 -0.0650014 -0.227938 0.971504 0.19872 -0.22424 0.954058 0.201479 -0.227476 0.952712 0.398973 -0.336213 0.853101 0.340402 -0.320632 0.883924 0.126023 0.153716 0.980046 0.128563 0.156696 0.979244 0.389291 0.328272 0.860634 0.315388 0.299293 0.90053 -0.928596 -0.370553 -0.0199939 -0.521004 0.83582 -0.17309 -0.578259 0.806835 -0.12097 -0.731608 0.653488 0.194174 -0.957216 -0.107068 0.268837 -0.825978 0.532326 0.185444 -0.745178 0.64154 0.182033 0.902138 0.431412 -0.00550324 -0.93673 -0.350051 0.00110499 -0.916698 -0.398313 -0.0318019 -0.77111 -0.543901 -0.331001 -0.256933 0.962798 -0.0836969 -0.298691 0.948325 -0.107064 -0.436754 0.810263 -0.390793 -0.102019 0.269313 -0.957634 -0.184942 0.300144 -0.935794 -0.395704 0.469241 -0.78945 -0.39052 0.463233 -0.795556 0.118514 -0.0108006 -0.992894 0.00721837 -0.0710598 -0.997446 -0.0961562 -0.107264 -0.98957 -0.0977641 -0.109155 -0.989205 0.37094 0.358887 -0.856507 0.418965 0.362968 -0.8323 0.196758 0.221938 -0.955002 0.20097 0.226879 -0.952962 0.335164 -0.32382 -0.884763 0.340005 -0.263835 -0.902656 0.119506 -0.146071 -0.982029 0.123342 -0.150572 -0.980875 -0.938385 0.345229 -0.0158262 -0.925867 0.0608913 -0.37291 0.927377 0.226044 0.298121 0.977989 0.128917 0.164068 0.980522 -0.118683 -0.156499 0.969455 -0.116347 -0.215917 0.984384 -0.0535471 0.167693 0.995695 -0.0274683 0.0885272 0.995139 0.0330963 -0.0927475 0.983342 0.0590098 -0.171921 0.998528 -0.0346128 0.0417558 0.995095 -0.0664418 0.0732937 0.995053 0.0702391 -0.0702588 0.998506 0.0382896 -0.0389734 0.994049 -0.0429377 0.100118 0.989098 -0.0246019 0.145191 0.978682 0.0808837 -0.188786 0.992185 0.0572904 -0.110849 0.793601 -0.123586 0.595755 0.84106 -0.12085 0.52727 0.944853 -0.15502 0.288481 0.924746 -0.175551 0.33768 0.671985 0.270438 0.68942 0.712702 0.287254 0.639954 0.844739 -0.11482 0.522717 0.851409 -0.0291076 0.523693 0.367571 0.146064 -0.918454 0.27053 0.172873 -0.947063 0.661261 0.325524 -0.675846 0.711891 0.312819 -0.628773 0.340271 -0.173512 -0.92418 0.313392 -0.128928 -0.940831 0.675211 -0.351353 -0.648568 0.685813 -0.263779 -0.678293 0.278462 -0.164867 0.946191 0.369347 -0.144246 0.918028 0.699463 -0.288737 0.653745 0.649451 -0.304689 0.69669 0.458824 -0.0346846 0.88785 0.443629 0.0650938 0.893843 0.64597 0.197431 0.73739 0.60412 0.231134 0.762637 0.847695 0.109885 -0.518978 0.803427 0.109154 -0.585313 0.926967 0.188807 -0.324168 0.946211 0.16586 -0.277805 0.523336 -0.452325 -0.722164 0.59781 -0.341092 -0.725451 0.882762 -0.0366794 -0.468386 0.900372 0.0055761 -0.435085 0.23275 0.846191 0.479362 0.277923 0.781212 0.558987 0.477029 0.600508 0.641743 0.425318 0.689229 0.586573 -0.319698 -0.821974 0.47133 -0.153669 -0.901914 0.403655 -0.619851 -0.730354 0.286997 -0.630779 -0.756823 0.171281 0.696423 -0.478267 0.535028 0.746705 -0.382132 0.544433 0.328338 -0.775701 0.538963 0.405581 -0.81879 0.406309 0.685686 0.431485 0.586222 0.613474 0.454794 0.64561 0.762367 -0.0527968 0.644988 0.84306 0.0505203 0.535442 -0.397899 -0.562703 0.724598 -0.143142 -0.645863 0.749915 0.0889513 -0.430292 0.898297 0.0910339 -0.382815 0.919329 0.0752708 0.338488 0.937955 -0.124873 0.326893 0.936775 -0.280033 -4.19625e-08 0.95999 0.164997 -4.31123e-08 0.986294 0.29312 -0.393321 0.871424 0.514847 -0.202821 0.832944 0.578118 -3.56665e-08 0.815953 0.448178 -3.90755e-08 0.893944 0.370537 0.0913198 0.924318 0.25859 0.367075 0.893525 0.097161 0.166339 0.98127 0.0946885 0.276631 0.9563 0.182241 0.660475 0.728396 0.385021 0.488393 0.783091 -0.16152 -0.801339 0.575992 -0.602839 -0.674818 0.425683 0.626454 -0.332787 0.704846 0.259098 -0.666206 0.699312 0.482225 0.396799 0.781031 0.612584 -0.0687295 0.787412 0.473842 -0.602402 -0.642328 0.237052 -0.783945 -0.573791 0.186502 -0.848336 -0.495522 0.387588 -0.709898 -0.588064 -0.603187 0.751689 -0.2667 -0.171133 0.893378 -0.415439 -0.246426 0.864988 -0.437116 -0.614981 0.773001 -0.155783 0.340628 0.773986 -0.533777 0.738253 0.391316 -0.549413 0.719617 0.453235 -0.526051 0.481767 0.795768 -0.366952 0.764021 0.0440998 -0.643682 0.613009 -0.455608 -0.645477 0.67176 -0.454955 -0.584598 0.84708 -0.102536 -0.521481 -0.396804 0.578762 -0.712448 0.0905394 0.394708 -0.914335 0.0888971 0.431444 -0.897749 -0.145511 0.641187 -0.753463 -0.238091 4.24544e-08 -0.971243 -0.141719 -0.322844 -0.935782 0.0778016 -0.337933 -0.937949 0.251264 4.23091e-08 -0.967919 0.58356 3.54967e-08 -0.81207 0.507622 0.205796 -0.836641 0.30294 0.394062 -0.867723 0.467542 3.86396e-08 -0.883971 0.0963517 -0.209282 -0.973097 0.261223 -0.359232 -0.895944 0.370586 -0.0916329 -0.924267 0.0939385 -0.30182 -0.948725 0.352829 -0.504621 -0.787953 0.155624 -0.657481 -0.737225 -0.587726 0.708079 -0.391411 -0.170286 0.794128 -0.583406 0.291773 0.667285 -0.685273 0.624564 0.334291 -0.705811 0.620845 0.0377499 -0.783024 0.468702 -0.421824 -0.776133 0.812154 -2.55031e-08 0.583443 0.996199 -3.8073e-09 0.087101 0.997334 3.18985e-09 -0.0729753 0.859193 2.2365e-08 -0.511652 0.993046 -0.064735 0.0983336 0.991981 0.0795326 -0.0982281 0.993593 0.0556108 -0.0983878 0.994101 -0.0455271 0.0984381 0.951677 -1.34239e-08 0.307102 0.942478 1.46113e-08 -0.334268 0.999445 1.45597e-09 -0.0333088 0.99984 -7.82281e-10 0.0178965 0.99098 0.0912645 0.098129 0.98746 -0.123946 -0.0977804 0.995 -0.0163765 -0.0985271 0.994764 -0.0272246 0.0985037 -0.0319363 -4.36891e-08 0.99949 0.454365 -3.89388e-08 0.890816 0.178943 -0.409276 0.894691 0.186284 -0.31274 0.931393 0.708008 -3.08692e-08 0.706204 0.752228 -2.88015e-08 0.658903 0.195291 0.0912059 0.976495 0.186345 0.311604 0.931761 0.182601 0.364858 -0.912981 0.176262 0.438479 -0.881288 0.437463 3.93069e-08 -0.899236 -0.0331319 4.36874e-08 -0.999451 0.776334 2.75522e-08 -0.630322 0.733595 2.97057e-08 -0.679587 0.190308 -0.241408 -0.95158 0.195844 -0.0518983 -0.979261 0.805204 -2.59208e-08 0.592998 0.614654 -3.44794e-08 0.788797 0.668127 -0.327432 0.668127 0.673287 -0.305566 0.673287 0.692607 -0.201472 0.692607 0.689139 -0.223996 0.689139 0.970615 -0.1422 0.194128 0.975237 -0.104245 0.195053 0.823709 -2.47849e-08 0.567013 0.973353 -1.00235e-08 0.229311 0.692154 0.204615 0.692138 0.694611 0.187223 0.694595 0.703179 0.105369 0.703162 0.701747 0.122988 0.70173 0.95057 0.245502 0.190119 0.980515 0.0114818 0.196108 0.688637 0.227067 -0.688637 0.68523 0.24682 -0.68523 0.665602 0.337562 -0.665602 0.670317 0.318355 -0.670317 0.976217 0.0942274 -0.195249 0.970705 0.141557 -0.194146 0.577398 3.56887e-08 -0.816463 0.759989 2.84096e-08 -0.649936 0.976003 9.51844e-09 -0.217757 0.832262 2.42329e-08 -0.554383 0.701892 -0.121321 -0.701876 0.700393 -0.137556 -0.700377 0.690925 -0.212758 -0.69091 0.693296 -0.196731 -0.69328 0.980228 0.0267926 -0.196051 0.963372 -0.186517 -0.19268 -0.744882 -0.641808 -0.182298 -0.815682 -0.543597 -0.197901 -0.827686 0.367211 0.424373 0.0898878 -0.820059 0.565176 -0.101137 0.113125 0.98842 -0.102078 0.114231 0.988196 -0.000182638 0.0797202 0.996817 0.0697014 0.0686627 0.995202 -0.366073 -0.434893 0.822714 -0.362046 -0.430221 0.826941 -0.15224 -0.263291 0.952628 -0.0649463 -0.22788 0.971521 0.198692 -0.22421 0.954071 0.201449 -0.227445 0.952726 0.398889 -0.336108 0.853182 0.340323 -0.32054 0.883988 0.126029 0.153727 0.980043 0.12857 0.156707 0.979241 0.389341 0.328345 0.860583 0.315418 0.299335 0.900505 -0.928594 -0.370559 -0.0200002 -0.522076 0.834909 -0.174253 -0.579375 0.805878 -0.122005 -0.73274 0.652514 0.193175 -0.957263 -0.107156 0.268635 -0.82605 0.532245 0.185356 -0.745151 0.641565 0.182058 0.902039 0.431621 -0.00533493 -0.936719 -0.350081 0.00113355 -0.916685 -0.398345 -0.0317768 -0.771094 -0.543935 -0.33098 -0.256967 0.962792 -0.0836668 -0.298728 0.948317 -0.107038 -0.436794 0.810252 -0.390773 -0.102055 0.269357 -0.957618 -0.184976 0.300189 -0.935773 -0.395731 0.469281 -0.789413 -0.390546 0.463272 -0.79552 0.118531 -0.0107797 -0.992892 0.00719883 -0.0710843 -0.997444 -0.0961606 -0.107271 -0.989569 -0.0977693 -0.109164 -0.989204 0.370964 0.358925 -0.85648 0.419016 0.363046 -0.83224 0.196747 0.221929 -0.955007 0.200961 0.226872 -0.952966 0.335185 -0.323852 -0.884743 0.340003 -0.263838 -0.902656 0.119534 -0.146107 -0.982021 0.123371 -0.150608 -0.980865 -0.938383 0.345234 -0.0158197 -0.925888 0.0609184 -0.372855 0.92742 0.225957 0.298053 0.977998 0.128882 0.164041 0.980517 -0.118704 -0.156513 0.969431 -0.116433 -0.21598 0.984382 -0.0535583 0.167701 0.995693 -0.0274856 0.0885401 0.99514 0.0330913 -0.0927436 0.983339 0.0590261 -0.171933 0.998528 -0.0345899 0.041774 0.995095 -0.0663825 0.0733417 0.995053 0.0702296 -0.0702673 0.998506 0.0382793 -0.0389821 0.994047 -0.0429513 0.100128 0.989089 -0.0246666 0.145241 0.978667 0.080947 -0.188833 0.992179 0.0573311 -0.110879 0.793619 -0.123563 0.595736 0.841091 -0.1208 0.527231 0.944855 -0.155043 0.288462 0.92475 -0.175579 0.337654 0.671979 0.270448 0.689421 0.712715 0.287244 0.639944 0.844774 -0.114764 0.522673 0.851422 -0.0290843 0.523674 0.367657 0.145979 -0.918433 0.270624 0.172783 -0.947053 0.661221 0.32546 -0.675916 0.711863 0.31277 -0.628829 0.340311 -0.173475 -0.924172 0.31342 -0.128901 -0.940825 0.675297 -0.351524 -0.648387 0.685894 -0.26393 -0.678151 0.27846 -0.164873 0.946191 0.369296 -0.144301 0.91804 0.699444 -0.288709 0.653778 0.649416 -0.304635 0.696747 0.458908 -0.0347879 0.887802 0.443638 0.0650842 0.893839 0.645996 0.197477 0.737355 0.604152 0.231187 0.762596 0.84774 0.109811 -0.51892 0.803429 0.109152 -0.58531 0.926979 0.18889 -0.324085 0.946221 0.165963 -0.277707 0.523435 -0.45226 -0.722134 0.59786 -0.341053 -0.725428 0.882772 -0.036704 -0.468365 0.900364 0.00559457 -0.435101 0.232561 0.846204 0.479431 0.277862 0.781217 0.55901 0.476995 0.600528 0.641749 0.425224 0.689283 0.586578 -0.319723 -0.821958 0.471342 -0.153781 -0.901861 0.403731 -0.619879 -0.730317 0.287031 -0.630752 -0.756852 0.171253 0.6964 -0.478292 0.535037 0.74671 -0.382127 0.54443 0.328258 -0.775712 0.538997 0.405606 -0.818783 0.406297 0.68574 0.431392 0.586227 0.61349 0.454766 0.645615 0.762376 -0.0527489 0.644981 0.843063 0.0505515 0.535433 -0.397901 -0.562672 0.724621 -0.143143 -0.64586 0.749917 0.0889505 -0.430308 0.898289 0.0910359 -0.382766 0.919349 0.0752573 0.338491 0.937955 -0.124968 0.32687 0.93677 -0.280022 -4.19627e-08 0.959994 0.164925 -4.31128e-08 0.986306 0.293092 -0.393318 0.871434 0.514816 -0.202833 0.83296 0.578029 -3.56692e-08 0.816016 0.448208 -3.90749e-08 0.893929 0.370535 0.0913133 0.924319 0.258573 0.367124 0.89351 0.0971607 0.166355 0.981268 0.0946902 0.276571 0.956317 0.182341 0.660485 0.728363 0.385032 0.488386 0.78309 -0.161512 -0.801346 0.575985 -0.602822 -0.674857 0.425645 0.626449 -0.332791 0.704849 0.259045 -0.666204 0.699334 0.482219 0.396808 0.78103 0.612585 -0.0687225 0.787411 0.473828 -0.602411 -0.642331 0.237028 -0.783946 -0.5738 0.186435 -0.848338 -0.495545 0.387471 -0.70996 -0.588067 -0.603162 0.75172 -0.26667 -0.171114 0.893387 -0.415427 -0.246402 0.865001 -0.437104 -0.615035 0.772948 -0.155834 0.340658 0.773982 -0.533764 0.738205 0.391367 -0.54944 0.719565 0.453293 -0.526071 0.481795 0.795758 -0.366937 0.764009 0.0441671 -0.643692 0.61302 -0.455589 -0.64548 0.671793 -0.4549 -0.584602 0.847082 -0.10257 -0.52147 -0.396806 0.578729 -0.712473 0.0905435 0.394611 -0.914376 0.0888984 0.431416 -0.897762 -0.145512 0.641184 -0.753465 -0.238083 4.24545e-08 -0.971245 -0.141719 -0.322844 -0.935782 0.0778139 -0.33793 -0.937949 0.251291 4.23088e-08 -0.967912 0.583485 3.54991e-08 -0.812124 0.507583 0.205812 -0.83666 0.302936 0.394062 -0.867724 0.467537 3.86397e-08 -0.883974 0.0963511 -0.209311 -0.973091 0.26123 -0.35921 -0.89595 0.370583 -0.0916177 -0.92427 0.093938 -0.301838 -0.94872 0.352842 -0.504613 -0.787952 0.155681 -0.657487 -0.737207 -0.587739 0.708052 -0.391441 -0.170277 0.794136 -0.583398 0.291787 0.667285 -0.685267 0.624589 0.334271 -0.705799 0.620844 0.0377523 -0.783025 0.46867 -0.421882 -0.776121 0.812146 -2.55036e-08 0.583454 0.996199 -3.8076e-09 0.0871077 0.997334 3.18983e-09 -0.0729749 0.859183 2.23658e-08 -0.511669 0.993047 -0.0647184 0.0983336 0.991979 0.0795615 -0.0982279 0.993591 0.0556504 -0.0983875 0.994102 -0.0454992 0.0984382 0.951676 -5.45345e-08 0.307103 0.942537 6.23665e-08 -0.334102 0.999445 -3.23075e-09 -0.0332969 0.999841 7.84515e-09 0.0178551 0.990974 0.091325 0.0981285 0.987467 -0.123887 -0.0977811 0.994999 -0.0163889 -0.098527 0.994766 -0.0271593 0.0985039 -0.0319162 -4.36891e-08 0.999491 0.454388 -3.89383e-08 0.890804 0.178944 -0.409269 0.894694 0.186293 -0.312598 0.931438 0.708 -3.42287e-07 0.706212 0.752257 -2.38483e-07 0.65887 0.195291 0.0911955 0.976496 0.186355 0.311446 0.931812 0.182614 0.364693 -0.913045 0.176265 0.438454 -0.881299 0.437533 3.93054e-08 -0.899202 -0.0331317 4.36874e-08 -0.999451 0.776295 2.35098e-07 -0.630369 0.733544 3.38767e-07 -0.679642 0.190306 -0.241446 -0.951571 0.195843 -0.0519603 -0.979258 0.805206 -2.59207e-08 0.592995 0.614708 -3.44776e-08 0.788755 0.668138 -0.327388 0.668138 0.673289 -0.305556 0.673289 0.692583 -0.201634 0.692583 0.689119 -0.224121 0.689119 0.970619 -0.142174 0.194129 0.975242 -0.104197 0.195054 0.823707 -3.54538e-07 0.567015 0.973349 -1.75034e-07 0.229329 0.692154 0.204615 0.692138 0.694612 0.187217 0.694596 0.703181 0.105333 0.703165 0.701749 0.122958 0.701733 0.95054 0.245622 0.190113 0.980514 0.0116139 0.196108 0.688607 0.227249 -0.688607 0.685206 0.24695 -0.685207 0.665628 0.337457 -0.665629 0.67033 0.318299 -0.670331 0.976209 0.0943147 -0.195247 0.970696 0.141623 -0.194145 0.577431 3.56877e-08 -0.81644 0.759971 2.84105e-08 -0.649957 0.976 1.71223e-07 -0.217769 0.832291 3.50976e-07 -0.554339 0.701901 -0.121215 -0.701885 0.7004 -0.13748 -0.700385 0.690916 -0.212819 -0.6909 0.693291 -0.196763 -0.693276 0.980229 0.0267321 -0.196051 0.963387 -0.186437 -0.192683 -0.744813 -0.64187 -0.182362 -0.815783 -0.54349 -0.197781 -0.827698 0.367155 0.424398 0.0903299 -0.819959 0.565251 -0.101142 0.113131 0.988419 -0.102082 0.114236 0.988195 -0.000199633 0.0797396 0.996816 0.0696977 0.0686668 0.995202 -0.365975 -0.434776 0.82282 -0.36195 -0.430106 0.827044 -0.152219 -0.263266 0.952639 -0.0649567 -0.22789 0.971518 0.198721 -0.224245 0.954057 0.20148 -0.227482 0.952711 0.398974 -0.33622 0.853098 0.340404 -0.32064 0.88392 0.126023 0.153719 0.980045 0.128564 0.1567 0.979243 0.389291 0.328279 0.860631 0.31539 0.2993 0.900527 -0.92857 -0.370615 -0.0200816 -0.520656 0.836115 -0.172711 -0.577897 0.807145 -0.120633 -0.731239 0.653804 0.194499 -0.957249 -0.10713 0.268695 -0.825988 0.532314 0.185432 -0.745177 0.641541 0.182035 0.902137 0.431414 -0.00550109 -0.936701 -0.350127 0.00117712 -0.916665 -0.398394 -0.0317377 -0.771072 -0.543987 -0.330948 -0.256988 0.962788 -0.0836486 -0.298751 0.948311 -0.107022 -0.436818 0.810245 -0.39076 -0.101974 0.269265 -0.957652 -0.184901 0.300102 -0.935815 -0.395709 0.469253 -0.78944 -0.390524 0.463243 -0.795548 0.11853 -0.0107814 -0.992892 0.00721868 -0.0710607 -0.997446 -0.0961566 -0.107266 -0.98957 -0.0977644 -0.109157 -0.989205 0.370926 0.358877 -0.856517 0.418965 0.362976 -0.832296 0.196759 0.221943 -0.955001 0.200971 0.226884 -0.952961 0.335189 -0.323856 -0.88474 0.340032 -0.263875 -0.902634 0.119519 -0.146089 -0.982025 0.123357 -0.150591 -0.98087 -0.938415 0.345142 -0.0159476 -0.925869 0.0608953 -0.372905 0.927397 0.226004 0.298089 0.977993 0.128899 0.164054 0.980521 -0.118686 -0.1565 0.969456 -0.116346 -0.215915 0.984386 -0.0535392 0.167686 0.995695 -0.0274691 0.0885278 0.995142 0.0330751 -0.0927315 0.983351 0.0589647 -0.171886 0.998528 -0.0346138 0.0417558 0.995095 -0.0664433 0.0732931 0.995053 0.0702408 -0.0702582 0.998506 0.0382907 -0.0389733 0.994049 -0.0429392 0.100119 0.989098 -0.0246024 0.145191 0.978682 0.0808846 -0.188785 0.992185 0.0572919 -0.110849 0.793594 -0.123598 0.595761 0.841064 -0.120844 0.527264 0.944853 -0.155024 0.28848 0.924745 -0.175555 0.337678 0.672006 0.270419 0.689406 0.712725 0.287232 0.639938 0.844738 -0.114822 0.522717 0.85141 -0.029108 0.523693 0.367544 0.146093 -0.91846 0.270532 0.172875 -0.947062 0.661208 0.325435 -0.67594 0.711851 0.312747 -0.628854 0.340324 -0.173462 -0.92417 0.313468 -0.128851 -0.940816 0.675195 -0.351329 -0.648598 0.685805 -0.263771 -0.678304 0.27846 -0.164871 0.946191 0.369313 -0.144283 0.918036 0.699462 -0.288743 0.653743 0.649452 -0.304696 0.696687 0.458829 -0.0346908 0.887847 0.443625 0.0650988 0.893845 0.64597 0.197435 0.737389 0.604121 0.231139 0.762635 0.847685 0.109903 -0.518991 0.803399 0.109197 -0.585343 0.92697 0.188832 -0.324145 0.946215 0.165903 -0.277766 0.523303 -0.452353 -0.722171 0.597741 -0.341157 -0.725478 0.882763 -0.0366803 -0.468385 0.900372 0.00557659 -0.435086 0.232627 0.846199 0.479407 0.277902 0.781213 0.558996 0.477039 0.600501 0.641742 0.425308 0.689234 0.586574 -0.319708 -0.821967 0.471335 -0.153766 -0.901868 0.40372 -0.619874 -0.730324 0.287025 -0.630668 -0.75694 0.171172 0.696377 -0.478315 0.535046 0.746697 -0.38214 0.544438 0.328291 -0.775708 0.538983 0.405641 -0.818775 0.40628 0.685787 0.431309 0.586232 0.613523 0.454707 0.645625 0.762365 -0.0528014 0.644989 0.843059 0.050519 0.535442 -0.397902 -0.562673 0.72462 -0.143133 -0.645881 0.749901 0.0889503 -0.430313 0.898286 0.0910344 -0.382805 0.919333 0.075316 0.338481 0.937954 -0.124977 0.32687 0.936769 -0.280029 -4.19626e-08 0.959992 0.164936 -4.31127e-08 0.986304 0.293122 -0.393323 0.871422 0.514806 -0.20284 0.832965 0.578139 -3.56658e-08 0.815938 0.448246 -3.90741e-08 0.89391 0.370542 0.0913473 0.924313 0.258577 0.367113 0.893513 0.0971614 0.166313 0.981274 0.0946885 0.276631 0.9563 0.182348 0.660486 0.72836 0.385027 0.488389 0.78309 -0.16149 -0.801364 0.575966 -0.602827 -0.674844 0.425658 0.626465 -0.332779 0.70484 0.259083 -0.666206 0.699319 0.482219 0.39681 0.781029 0.612571 -0.0687741 0.787418 0.473878 -0.602381 -0.642322 0.237044 -0.783945 -0.573794 0.186482 -0.848337 -0.495529 0.387415 -0.70999 -0.588068 -0.603164 0.751716 -0.266674 -0.171189 0.893349 -0.415477 -0.246472 0.864964 -0.437138 -0.615109 0.772874 -0.155907 0.340596 0.773991 -0.533791 0.73818 0.391394 -0.549456 0.719558 0.453301 -0.526075 0.481868 0.795733 -0.366897 0.764005 0.044186 -0.643696 0.61306 -0.455518 -0.645492 0.671832 -0.454837 -0.584607 0.847087 -0.102675 -0.521441 -0.396809 0.578703 -0.712492 0.0905414 0.39466 -0.914355 0.0888987 0.431409 -0.897766 -0.145525 0.641158 -0.753484 -0.238087 4.24544e-08 -0.971244 -0.141709 -0.322849 -0.935781 0.0778068 -0.337935 -0.937948 0.251297 4.23087e-08 -0.96791 0.583579 3.54961e-08 -0.812057 0.507592 0.205811 -0.836655 0.302914 0.394062 -0.867731 0.467555 3.86393e-08 -0.883964 0.0963503 -0.209346 -0.973083 0.261214 -0.359259 -0.895935 0.370593 -0.0916721 -0.92426 0.09394 -0.301774 -0.94874 0.352901 -0.504585 -0.787943 0.15564 -0.657483 -0.73722 -0.587736 0.708057 -0.391435 -0.170271 0.794141 -0.583393 0.291767 0.667285 -0.685276 0.624602 0.334262 -0.705792 0.620842 0.0377584 -0.783026 0.468666 -0.42189 -0.776119 0.812141 -2.55039e-08 0.583461 0.996198 -3.80817e-09 0.0871208 0.997332 3.19088e-09 -0.0729989 0.859179 2.2366e-08 -0.511675 0.993052 -0.0646454 0.0983341 0.991976 0.0795984 -0.0982276 0.993591 0.0556461 -0.0983876 0.994104 -0.0454725 0.0984383 0.951674 -1.34242e-08 0.307109 0.942498 1.46089e-08 -0.334213 0.999445 1.45582e-09 -0.0333053 0.99984 -7.81098e-10 0.0178694 0.990972 0.0913525 0.0981282 0.987461 -0.123936 -0.0977805 0.994999 -0.0164088 -0.098527 0.994764 -0.0272388 0.0985037 -0.0318858 -4.36892e-08 0.999492 0.454421 -3.89375e-08 0.890787 0.17894 -0.40931 0.894676 0.186286 -0.31271 0.931402 0.708033 -3.08681e-08 0.70618 0.752311 -2.87974e-08 0.658809 0.195292 0.0911639 0.976499 0.186344 0.311614 0.931758 0.182609 0.364754 -0.913021 0.17627 0.438402 -0.881325 0.437457 3.9307e-08 -0.899239 -0.0331412 4.36874e-08 -0.999451 0.776359 2.75509e-08 -0.630291 0.733605 2.97052e-08 -0.679576 0.19031 -0.241366 -0.951591 0.195842 -0.0520806 -0.979251 0.805206 -2.59207e-08 0.592996 0.614725 -3.4477e-08 0.788742 0.668099 -0.327547 0.668099 0.673264 -0.305665 0.673264 0.692604 -0.201496 0.692603 0.689133 -0.224036 0.689133 0.970643 -0.142001 0.194134 0.97525 -0.104116 0.195055 0.823696 -2.47857e-08 0.567032 0.973344 -1.00252e-08 0.229351 0.692168 0.204518 0.692153 0.694624 0.187132 0.694608 0.703183 0.105303 0.703167 0.701753 0.122916 0.701737 0.950514 0.245729 0.190108 0.980515 0.0115102 0.196108 0.688622 0.227157 -0.688622 0.68522 0.246875 -0.68522 0.665628 0.337458 -0.665628 0.670334 0.318284 -0.670334 0.976211 0.0942867 -0.195248 0.970689 0.141677 -0.194143 0.577372 3.56895e-08 -0.816481 0.759952 2.84115e-08 -0.649979 0.976008 9.51755e-09 -0.217736 0.832276 2.42319e-08 -0.554362 0.701889 -0.121354 -0.701873 0.700391 -0.137578 -0.700375 0.69093 -0.212725 -0.690915 0.693299 -0.19671 -0.693283 0.98023 0.0267032 -0.196051 0.963371 -0.186523 -0.19268 -0.744678 -0.641992 -0.182484 -0.815798 -0.543474 -0.197763 -0.82769 0.367188 0.424384 0.0901799 -0.819993 0.565226 -0.101153 0.113141 0.988416 -0.102093 0.114247 0.988193 -0.000201719 0.0797407 0.996816 0.0697218 0.0686378 0.995202 -0.365911 -0.434697 0.82289 -0.361891 -0.430033 0.827108 -0.152285 -0.263338 0.952608 -0.0650012 -0.227938 0.971504 0.198721 -0.224241 0.954058 0.20148 -0.227477 0.952712 0.398982 -0.336225 0.853092 0.340404 -0.320634 0.883923 0.126021 0.153714 0.980046 0.128561 0.156694 0.979244 0.38935 0.32835 0.860577 0.315417 0.299328 0.900508 -0.928572 -0.370608 -0.0200727 -0.520855 0.835947 -0.172928 -0.578104 0.806968 -0.120826 -0.731449 0.653624 0.194313 -0.95724 -0.107111 0.268737 -0.825987 0.532316 0.185433 -0.74528 0.641447 0.18194 0.902339 0.430987 -0.00584513 -0.936742 -0.35002 0.00107511 -0.916712 -0.398279 -0.0318284 -0.771126 -0.543865 -0.331023 -0.256873 0.96281 -0.0837496 -0.298627 0.94834 -0.107111 -0.436685 0.810284 -0.390828 -0.10205 0.269346 -0.957621 -0.184971 0.300178 -0.935777 -0.395658 0.469189 -0.789504 -0.390477 0.463183 -0.795606 0.11851 -0.0108049 -0.992894 0.00722211 -0.0710554 -0.997446 -0.0961706 -0.107281 -0.989567 -0.0977779 -0.109172 -0.989202 0.371033 0.359005 -0.856417 0.419093 0.363142 -0.832159 0.196733 0.221909 -0.955014 0.200951 0.226857 -0.952972 0.335126 -0.323773 -0.884795 0.3399 -0.263699 -0.902735 0.119515 -0.146082 -0.982027 0.12335 -0.150581 -0.980872 -0.938411 0.345153 -0.0159311 -0.925826 0.0608406 -0.373021 0.927382 0.226033 0.298113 0.977991 0.128909 0.164062 0.980519 -0.118693 -0.156506 0.969438 -0.116405 -0.215961 0.984389 -0.0535205 0.167673 0.995696 -0.027455 0.0885172 0.995141 0.0330774 -0.0927333 0.983347 0.0589823 -0.1719 0.998528 -0.0345921 0.0417714 0.995095 -0.0664131 0.0733166 0.995053 0.0702604 -0.0702418 0.998506 0.0383076 -0.0389597 0.994045 -0.0429667 0.100139 0.989087 -0.0246816 0.145254 0.978675 0.080912 -0.188808 0.992181 0.0573158 -0.110868 0.793634 -0.123539 0.59572 0.841094 -0.120794 0.527228 0.944849 -0.154989 0.288512 0.924743 -0.175534 0.337696 0.672026 0.270396 0.689396 0.712726 0.287228 0.639938 0.844735 -0.114827 0.522722 0.851392 -0.0291403 0.52372 0.367588 0.146047 -0.91845 0.270543 0.172861 -0.947062 0.661195 0.325405 -0.675968 0.711873 0.312782 -0.628812 0.340203 -0.173579 -0.924193 0.313302 -0.129022 -0.940848 0.675337 -0.351592 -0.648308 0.685919 -0.263967 -0.678112 0.278473 -0.164856 0.94619 0.369354 -0.14424 0.918027 0.699485 -0.288779 0.653703 0.649477 -0.304734 0.696647 0.458877 -0.03475 0.88782 0.443699 0.0650158 0.893814 0.646 0.197479 0.737351 0.604163 0.2312 0.762583 0.84772 0.109844 -0.518947 0.803442 0.109131 -0.585296 0.926969 0.188819 -0.324155 0.946213 0.165882 -0.277784 0.523417 -0.452267 -0.722142 0.597879 -0.341031 -0.725423 0.882792 -0.0367507 -0.468324 0.900382 0.0055531 -0.435066 -0.670417 -0.000934611 0.741984 -0.706856 0.00274584 0.707352 -0.636666 -0.00332039 0.771133 -0.662035 0.16094 0.731989 -0.665906 0.16845 0.726769 -0.734504 0.264239 0.625046 0.673826 -0.0130804 0.738774 0.72706 -0.0149399 0.686412 0.689651 -0.0163175 0.723958 0.728988 -0.223035 0.647172 0.714726 -0.123658 0.688386 0.712466 -0.0598867 0.699146 0.722633 -0.12698 0.679468 -0.670442 0.00164732 -0.74196 -0.63684 0.00547979 -0.770976 -0.706841 -0.00290997 -0.707367 -0.662136 -0.158006 -0.732536 -0.7345 -0.265093 -0.624688 -0.666048 -0.163997 -0.727658 0.673995 0.0113292 -0.738649 0.689696 0.0152408 -0.723938 0.727178 0.013529 -0.686315 0.729025 0.224424 -0.64665 0.722951 0.130063 -0.678547 0.682391 0.070542 -0.727576 0.683413 0.134407 -0.717553 0.670039 -0.00713973 0.742291 0.706243 -0.0091118 0.707911 0.687735 -0.00669671 0.725931 0.687732 0.00676487 -0.725933 0.706138 0.0101755 -0.708001 0.670008 0.0075216 -0.742316 0.710437 -0.0202815 0.703468 0.718042 -0.0221075 0.695648 0.783474 -0.0232499 0.620989 0.753149 -0.0171301 0.657627 0.753275 0.00605879 -0.657677 0.783658 0.00846529 -0.621135 0.749181 0.0142004 -0.662213 0.740971 0.0119113 -0.671431 0.714679 0.0022637 0.699449 0.642821 -0.00533317 0.765998 0.663594 0.000552909 0.748093 0.685401 0.00482139 0.72815 0.65785 0.00390946 -0.753139 0.686886 0.00800629 -0.726721 0.714645 -0.0100153 -0.699415 0.6459 -0.00103797 -0.763421 0.652424 0.00315836 -0.757847 0.655084 0.00312297 -0.755549 0.727183 -0.00513057 -0.686424 0.671932 0.0017228 -0.74061 0.660186 -0.0131982 0.750986 0.671662 -0.0116741 0.740766 0.743777 -0.0232582 0.668023 0.675024 -0.0197428 0.737531 0.70083 -0.000906645 -0.713328 0.70083 -0.000884022 -0.713328 0.70083 -0.000589538 -0.713328 0.70083 -0.00061216 -0.713328 -0.700405 0.0377612 0.712747 -0.700204 0.0447035 0.712542 -0.686164 0.204004 0.698255 -0.687141 0.197197 0.699249 -0.700831 -0.000226154 -0.713327 -0.700831 -0.000226154 -0.713327 -0.700831 -0.000226154 -0.713327 -0.700831 -0.000226154 -0.713327 -0.657734 0.0124985 0.753147 -0.666999 0.0132772 0.744941 -0.70711 0.00115778 0.707103 -0.70711 0.00121202 0.707103 0.6919 0.00468809 0.721978 0.684564 0.004173 0.728941 0.707103 -0.003134 0.707103 0.707102 -0.00372942 0.707102 0.000832818 -4.37114e-08 1 0.000996086 -4.37114e-08 0.999999 -0.999924 5.38536e-10 -0.0123203 -0.999924 5.37584e-10 -0.0122985 0.692379 -0.203036 0.692379 0.693364 -0.196196 0.693364 0.706685 -0.0345168 0.706685 0.706498 -0.0414923 0.706498 0.593023 0.129172 0.794757 0.652107 0.0661804 0.755233 0.770227 -0.0882432 0.631635 0.726237 -0.024769 0.686998 -0.658556 -0.0704349 0.749229 -0.699122 -0.00833998 0.714954 -0.777556 0.141442 0.6127 -0.748711 0.0799545 0.658057 0.474631 -0.539001 0.695847 0.763731 -0.490619 0.419534 0.618848 -0.271959 0.73693 0.303405 -0.458636 0.835224 0.60786 -0.149623 0.77982 0.626312 -0.124629 0.769546 0.659877 -0.0762369 0.747496 0.642731 -0.101464 0.759343 -0.501487 0.495409 0.709282 -0.704134 0.311466 0.638109 -0.550957 0.338599 0.762756 -0.275966 0.470769 0.837985 -0.580347 0.184247 0.793253 -0.601899 0.156639 0.783059 -0.639848 0.104743 0.76133 -0.619843 0.132662 0.773431 0.690653 0.169883 0.70295 0.702638 0.0721387 0.707881 0.70767 -0.0814787 0.701829 0.706372 0.0169939 0.707637 -0.705371 -0.0901405 0.703084 -0.705681 -0.00311998 0.708523 -0.694804 0.137684 0.705897 -0.703181 0.0508311 0.709192 0.700829 0.00181065 0.713327 0.700829 0.00183325 0.713327 0.700829 0.00212736 0.713326 0.700829 0.00210476 0.713326 -0.686528 -0.201496 -0.698626 -0.687478 -0.194796 -0.699592 -0.7004 -0.037926 -0.712742 -0.700202 -0.044756 -0.712541 -0.700831 -0.000225933 0.713327 -0.700831 -0.000225933 0.713327 -0.700831 -0.000225933 0.713327 -0.700831 -0.000225933 0.713327 -0.606795 0.00114817 -0.794857 -0.619746 0.00154508 -0.784801 -0.70711 -0.000136538 -0.707103 -0.70711 -0.000149199 -0.707103 -0.70711 -0.000325617 -0.707103 -0.70711 -0.000266063 -0.707103 -0.00106859 -4.37114e-08 0.999999 -0.000858985 -4.37114e-08 1 -0.999925 -5.36435e-10 0.0122722 -0.999924 -5.39313e-10 0.012338 0.706693 0.0342045 -0.706693 0.706504 0.0412937 -0.706504 0.69202 0.205463 -0.69202 0.693034 0.198515 -0.693034 0.779803 0.103444 -0.617419 0.740142 0.0438611 -0.671019 0.612878 -0.108758 -0.782657 0.666925 -0.0492171 -0.743498 -0.768578 -0.121183 -0.628174 -0.735306 -0.0543391 -0.675553 -0.648091 0.0853728 -0.756763 -0.693105 0.0180249 -0.720612 0.825971 0.401021 -0.396173 0.506277 0.519036 -0.688683 0.249104 0.475125 -0.843921 0.579459 0.287715 -0.762527 0.661773 0.0733774 -0.746105 0.640673 0.104419 -0.760681 0.598596 0.161792 -0.784542 0.621603 0.131106 -0.772283 -0.638397 -0.382726 -0.66781 -0.471851 -0.514085 -0.716291 -0.323568 -0.454815 -0.829727 -0.587979 -0.323174 -0.741511 -0.636497 -0.109514 -0.763465 -0.620615 -0.131608 -0.772992 -0.588671 -0.173729 -0.789484 -0.60554 -0.15185 -0.781193 0.707173 0.0991163 -0.700059 0.707291 0.00598278 -0.706897 0.694923 -0.140964 -0.705132 0.704532 -0.0480886 -0.708041 -0.69734 -0.116562 -0.707199 -0.704485 -0.028113 -0.709162 -0.704585 0.109162 -0.701173 -0.706051 0.0206923 -0.707859 0.707102 0.00359281 -0.707102 0.7071 0.00421607 -0.707101 -0.70711 0.00068121 0.707103 -0.70711 0.00072771 0.707103 -0.61975 0.00176231 0.784797 -0.606798 0.00133013 0.794855 -0.652449 0.000646457 -0.757832 -0.662357 0.000706193 -0.749188 0.6955 0.0174006 -0.718316 0.687528 0.0172867 -0.725952 -0.684468 0.00537725 0.729023 -0.685532 0.00546107 0.728022 -0.65245 0.00347682 0.757824 -0.662357 0.00351583 0.74918 -0.685541 -0.000634794 -0.728034 -0.684476 -0.000718127 -0.729035 -0.657763 -0.00878051 -0.753174 -0.667039 -0.00799681 -0.74498 0.846282 0.519683 -0.117202 0.846025 0.520388 -0.115923 0.84587 0.520809 -0.115159 0.846129 0.520104 -0.11644 0.846026 0.519817 0.11845 0.846306 0.519042 0.119842 0.846471 0.518581 0.120667 0.846192 0.519357 0.119276 0.847008 -0.517657 0.120864 0.845951 -0.520589 0.115558 0.845309 -0.522317 0.112412 0.846379 -0.519415 0.117689 0.84615 -0.519474 -0.119065 0.846217 -0.519289 -0.119398 0.846256 -0.51918 -0.119594 0.846189 -0.519365 -0.119262 -0.325676 -0.372034 0.86921 -0.325708 -0.372011 0.869208 -0.325727 -0.371997 0.869207 -0.325695 -0.37202 0.869209 -0.858892 0.350374 -0.373554 -0.858892 0.350372 -0.373555 -0.858892 0.350372 -0.373556 -0.858892 0.350373 -0.373555 0.863715 0.409445 0.293857 0.863716 0.409573 0.293675 0.863717 0.409649 0.293566 0.863715 0.409521 0.293748 -0.343964 0.36165 0.866544 -0.343964 0.36165 0.866544 -0.343964 0.36165 0.866543 -0.343964 0.36165 0.866544 -0.408424 -0.616574 -0.673073 0.0854823 -0.588063 -0.804286 0.958894 0.0424171 -0.280575 -0.120583 -0.721957 -0.68135 0.70909 0.49164 -0.505452 0.610874 0.510301 -0.605331 0.616687 0.510402 -0.599322 0.708943 -0.49227 0.505044 0.579316 -0.520313 0.627429 0.570771 -0.520511 0.63505 0.904963 0.164807 0.392275 0.44286 -0.704165 -0.555001 0.44286 -0.704165 -0.555001 0.393218 -0.575104 -0.71738 0.668041 -0.0187532 0.743888 0.671269 -0.0150574 0.741061 0.707102 0.000139081 0.707111 0.67066 -0.0140825 0.741631 0.670748 -0.0163532 -0.741505 0.707011 -0.0160375 -0.70702 0.629027 -0.0160584 -0.777218 0.64551 -0.0163166 -0.763578 0.645776 -0.0240885 -0.763147 0.629068 -0.0111992 -0.777269 0.706624 0.0367752 -0.706633 0.671531 -0.0109994 -0.740894 0.645709 -0.0186584 0.763356 0.629038 -0.014853 0.777232 0.707102 0.000155898 0.707111 0.671222 -0.0144171 0.741116 0.629025 -0.0161792 0.777216 0.707011 -0.0160244 0.70702 0.629027 -0.0160468 0.777218 0.622512 -0.0161277 0.782444 0.629025 -0.0161955 -0.777216 0.707011 -0.0160397 -0.70702 0.629026 -0.0160615 -0.777218 0.622512 -0.0161432 -0.782444 0.66848 -0.0282631 -0.743193 0.666643 -0.0263176 -0.744913 0.648712 -0.0175513 -0.760832 0.648712 -0.0175205 -0.760832 0.923877 0.00194647 -0.382686 0.910053 0.0967325 -0.403047 0.80739 0.199475 -0.555275 0.807408 0.199523 -0.555233 0.807449 0.199633 -0.555134 0.807431 0.199585 -0.555176 0.520833 -0.354275 -0.776674 0.444744 -0.253079 -0.859159 0.902754 -0.339018 -0.26477 0.808538 -0.492139 -0.322592 0.778993 -0.151088 -0.608557 0.778998 -0.1511 -0.608548 0.7732 -0.157036 -0.614412 0.770615 -0.159279 -0.617077 0.458488 0.396415 -0.79539 0.458117 0.396848 -0.795387 0.442325 0.383119 -0.810906 0.437056 0.376225 -0.816968 0.73834 -0.38971 -0.550436 0.561344 -0.466569 -0.683525 -0.647587 -0.0175512 -0.76179 -0.647588 -0.0172901 -0.761794 -0.668129 -0.0135411 -0.743922 -0.670767 -0.0133058 -0.741548 0.910727 -0.0931247 0.402373 0.425535 0.0718491 0.902085 0.38268 0.00193485 0.923879 0.923877 0.00193255 0.382686 0.807554 -0.199917 0.554879 0.80754 -0.199882 0.554911 0.80751 -0.199798 0.554985 0.807523 -0.199833 0.554954 0.444743 0.253049 0.859168 0.520811 0.35422 0.776714 0.808638 0.49234 0.322033 0.902761 0.339025 0.264737 0.772428 0.16513 0.613259 0.775099 0.162775 0.610513 0.781107 0.156614 0.604437 0.781113 0.156629 0.604426 0.317739 -0.489477 0.812068 0.325418 -0.497497 0.804114 0.345696 -0.515581 0.78401 0.345404 -0.51586 0.783955 0.561259 0.4663 0.683779 0.73821 0.389552 0.550722 0.996278 0.068077 -0.052879 0.991388 0.100433 -0.0840354 0.991389 -0.102788 0.0811381 0.996278 -0.0703023 0.0498825 -0.671228 -0.0139111 -0.74112 -0.668129 -0.0135979 -0.743921 -0.648315 -0.0168558 -0.761186 -0.648315 -0.0168535 -0.761186 0.67077 -0.012715 -0.741556 0.645532 -0.0134112 -0.763616 0.647588 -0.017315 -0.761794 0.647589 -0.0170563 -0.761799 0.648712 -0.0175453 -0.760832 0.648713 -0.0174924 -0.760832 0.645908 -0.0137381 -0.763292 0.671504 -0.0139189 -0.74087 0.62905 -0.0135878 -0.777246 0.645908 -0.0136623 -0.763293 0.622537 -0.0134629 -0.782475 0.62905 -0.0134722 -0.777248 -0.629048 -0.0138183 -0.777244 -0.645792 -0.0137362 -0.763389 -0.62253 -0.0142522 -0.782466 -0.629044 -0.0142549 -0.777239 -0.629043 -0.0143355 -0.777238 -0.622529 -0.0143498 -0.782465 -0.620994 -0.0207541 -0.78354 -0.625793 -0.022045 -0.779678 -0.645793 -0.0136906 -0.76339 -0.67128 -0.0136409 -0.741078 0.629051 -0.0134474 -0.777248 0.622537 -0.0134414 -0.782475 0.645533 -0.0132594 -0.763618 0.629051 -0.0134675 -0.777248 </float_array>
          <technique_common>
            <accessor count="4563" offset="0" source="#meshId0-tangents-array" stride="3">
              <param name="X" type="float" />
              <param name="Y" type="float" />
              <param name="Z" type="float" />
            </accessor>
          </technique_common>
        </source>
        <source id="meshId0-bitangents" name="meshId0-bitangents">
          <float_array id="meshId0-bitangents-array" count="13689"> -0 -0.999997 0.00242573 -0 -0.999999 0.00102524 -0 -1 0.000912522 -0 -0.999998 0.00219893 -5.99604e-05 1 9.46243e-07 -9.56243e-05 1 1.56962e-06 -0.000209681 1 1.80335e-06 -0.000191833 1 1.64737e-06 -3.33598e-05 -1 -6.32999e-07 -4.47157e-05 -1 -8.33595e-07 -0.000113842 -1 -1.04912e-06 -0.000108163 -1 -9.98962e-07 0.00105716 4.37114e-08 -0.999999 -0.000754815 4.37114e-08 -1 0.000183974 4.37114e-08 -1 0.000234075 4.37114e-08 -1 0.000460936 4.37114e-08 -1 0 0.999997 -0.00235139 0 0.999998 -0.00215726 0 0.999999 -0.00141534 0 0.999998 -0.0017991 -4.70956e-07 1 4.37114e-08 2.95277e-06 1 4.37114e-08 1.81626e-05 1 4.37114e-08 9.51574e-06 1 4.37114e-08 -0 1 4.37114e-08 -0 1 4.37114e-08 -0 1 4.37114e-08 -0 1 4.37114e-08 0 0.999999 -0.00106233 0 0.999999 -0.00103518 0 0.999999 -0.00101382 0 1 -0.000908628 4.22983e-07 1 4.37114e-08 -1.7565e-05 1 -1.48481e-06 2.32831e-10 0.998963 -0.0455302 -0 1 4.37114e-08 -3.28941e-05 -1 7.5671e-07 -0.000108293 -1 1.02236e-06 -0.000113973 -1 1.07252e-06 -4.42516e-05 -1 9.57335e-07 0.000260017 4.37114e-08 -1 0.000484674 4.37114e-08 -1 -1.6612e-05 4.37114e-08 -1 -4.57815e-05 4.37114e-08 -1 0.00010112 4.37114e-08 -1 -0.000378432 4.37114e-08 -1 -0.0010165 4.37114e-08 -0.999999 9.8816e-05 4.37114e-08 -1 0.00133609 4.37114e-08 -0.999999 0.000352694 4.37114e-08 -1 0.000305943 4.37114e-08 -1 0.0024076 4.37113e-08 -0.999997 0.00836381 -4.37099e-08 0.999965 0.0167499 -4.37053e-08 0.99986 0.0167505 -4.37053e-08 0.99986 0.00832045 -4.37099e-08 0.999965 1 1.86533e-11 -0.000426738 1 1.10203e-11 -0.000252115 1 1.32958e-11 -0.000304172 1 3.48247e-11 -0.000796695 0.0149582 4.37065e-08 -0.999888 0.00837597 4.37099e-08 -0.999965 0.00833268 4.37099e-08 -0.999965 0.0138002 4.37072e-08 -0.999905 -0.00121578 0.999999 4.37114e-08 -0.00131303 0.999999 4.37114e-08 -0.00129895 0.999999 4.37114e-08 -0.00132721 0.999999 4.37114e-08 0 0.999979 -0.00642957 0 0.999997 -0.0023299 0 1 -0.000914431 0 0.999994 -0.00360397 -0 1 4.37114e-08 -1.77636e-15 1 4.37114e-08 -0.00252154 0.967044 -0.254596 0 0.913918 -0.405898 -0 1 3.59599e-05 -0.107249 0.994232 0.000563391 -0.107249 0.994231 0.00136651 -0 1 0.000311939 -1.10687e-07 1 0.000505159 -1.10687e-07 1 0.000575065 -5.53433e-08 1 0.000570078 -5.53433e-08 1 0.000458953 -0 -1 -0.00027196 -0 -1 -0.000270868 -0 -1 -0.000154879 -0 -1 -0.000156683 0.000123966 4.37114e-08 -1 0.000141558 4.37114e-08 -1 0 0.999993 -0.0037904 0 0.999992 -0.00387179 0 0.999992 -0.00396931 0 0.999992 -0.00391931 0 1 3.13922e-05 0 1 0.000930304 0 1 -0.000801171 0 0.999999 -0.00141007 0.000462516 4.37114e-08 -1 -0.00217658 4.37113e-08 -0.999998 1 2.19959e-07 4.39479e-06 1 1.15383e-07 2.61033e-06 1 2.1447e-07 5.52127e-06 1 1.21022e-07 -1.25734e-06 0 1 0.000153225 0 1 8.12527e-05 0 1 -0.000306072 0 1 -0.000265995 -0.00194784 4.37113e-08 -0.999998 -0.00151956 4.37113e-08 -0.999999 -0 1 0 -0.121017 0.992651 4.7956e-05 -0.186431 0.981138 -0.0510983 -0.000832935 0.999998 0.00201095 -1.10687e-07 1 0.000479741 -5.53433e-08 1 0.000442347 -0 1 0.000594575 -0 1 0.000594864 -0 1 0.000585664 -0 1 0.000586191 -0 -1 -0.000320553 -0 -1 -0.000320608 0 1 -9.91007e-05 0 1 -8.7272e-05 0 1 -5.82961e-05 0 1 -8.0154e-05 0 1 -4.35834e-06 0 1 -5.79427e-06 0 1 -4.33804e-06 0 1 -4.35834e-06 0 0.999997 0.00251015 0 0.999997 0.00249625 0 1 -0.000781316 1 0 -0 1 7.4095e-16 -1.6951e-08 0 0.999999 0.00113258 0 0.999999 0.00107409 0.508706 0.86094 0.000302794 0.507941 0.861392 0.000282729 0.503349 0.864084 6.59236e-05 0.503349 0.864084 6.71275e-05 0.513674 0.857985 0.000580368 0.513805 0.857907 0.000664258 0.514197 0.857672 0.000835637 0.514197 0.857672 0.000836255 -6.43789e-05 0.827353 0.561682 9.12712e-05 0.827353 0.561682 9.26448e-05 0.827353 0.561682 -6.12908e-05 0.827353 0.561682 -0.656585 0.754252 -0.000295552 -0.656583 0.754249 0.0027443 -0.656583 0.754248 0.00275963 -0.656586 0.754252 -2.18597e-05 -0.656585 0.754252 -0.000311195 -0.656585 0.754252 -0.000364652 -0.656582 0.754247 -0.00344258 -0.656568 0.75423 -0.00751781 -0.656452 0.754096 -0.0202513 -0.656468 0.754115 -0.0189949 -8.31986e-05 0.98715 -0.159799 -0.00162841 0.972578 -0.23257 6.84024e-05 0.998598 0.052944 0.000430735 0.999662 0.026006 -0.371632 0.92838 0.00071235 -0.402151 0.915573 5.38784e-05 -0.922751 0.385397 0.000196221 -0.758439 0.651744 0.000429994 -0.799724 0.600368 2.26833e-05 -0.923184 0.384357 3.12924e-05 -0.573392 0.819281 0.00018993 -0.525086 0.851049 0.000212528 -0.525086 0.851049 0.00041808 -0.591627 0.806212 0.000367881 -0.38824 0.921556 0.00194829 -0.756762 0.653689 0.00153528 -0.90997 0.414675 0.000664963 -0.525086 0.851049 0.000612268 -0.588399 0.80857 0.000633255 -0.554529 0.832161 0.00243747 -0.92466 0.380793 0.000902321 -0.818697 0.574225 0.00136667 -0.525086 0.851049 0.000679673 -0.597411 0.801935 0.00072069 -0.126766 0.782183 -0.610016 -8.5637e-05 0.722066 -0.691824 -0.000528499 0.528802 -0.848745 -0.108443 0.55457 -0.825041 -0.055968 0.425685 -0.903139 -0.00046315 0.414913 -0.909861 0.000104901 0.970669 -0.240418 7.32611e-05 0.970469 -0.241225 0 0.981505 -0.191438 9.08779e-05 0.989006 -0.147873 0.537947 0.842979 -8.09146e-05 0.614031 0.777068 -0.138321 0.714407 0.697775 -0.0522682 0.649313 0.760521 -0.00035216 0.835921 0.548849 -0.000509869 0.871966 0.487541 -0.0444865 0.906404 0.36438 -0.213679 0.90622 0.422805 -0.000386541 0.537953 0.842971 0.00244265 0.537955 0.842973 -0.000881806 0.537955 0.842973 -0.00083886 0.537953 0.842971 0.00243892 0.537947 0.842979 -0.000216317 0.649313 0.760521 -0.000186165 0.835921 0.548849 -0.000155874 0.90622 0.422805 -0.000185061 0.537954 0.842972 -0.00175008 0.537954 0.842972 -0.0017051 0.537947 0.842978 -0.00092008 0.649313 0.760521 0.000346699 0.835919 0.548848 0.00224953 0.90622 0.422806 0.000542592 0.537952 0.84297 -0.00319518 0.537952 0.842969 -0.00325652 0.717717 0.696108 0.0178052 0.626271 0.772995 0.101316 0.898443 0.374434 0.229347 0.866389 0.497567 0.0423843 0.537948 0.842964 -0.00494124 0.537947 0.842963 -0.00510854 0.00464276 0.83006 0.557655 0.00965941 0.749517 0.661915 0.0103812 0.702047 0.712055 0.0048054 0.775333 0.631535 0.00496444 0.633816 0.773468 0.0115127 0.538366 0.842632 0.00904492 0.466731 0.884353 0.00408531 0.546689 0.837326 0.000354544 0.850572 0.525859 0.000656017 0.831046 0.556203 0.000482257 0.91581 0.401611 0.00111027 0.939685 0.34204 -0.000658434 0.831046 0.556203 -0.000484219 0.91581 0.401611 -0.66017 0.751116 8.41015e-05 -0.654692 0.755896 0.000322584 -0.648349 0.761343 0.000635617 -0.647795 0.761814 0.000754314 3.73574e-05 0.999998 0.00184536 3.25108e-07 0.999998 0.00184536 -0.0639694 0.997947 0.00322494 -0.0639694 0.997947 0.0032149 -0.0639697 0.997952 0.000448575 -0.0639697 0.997952 0.000182913 -0.0639696 0.997951 -0.00157497 -0.0639696 0.997951 -0.00142304 -0.063965 0.997879 -0.0121077 -0.0639673 0.997914 -0.00874133 -0.0639684 0.997931 -0.00647606 -0.0639675 0.997918 -0.00827645 0.000111635 -1 1.05187e-06 0.000105983 -1 1.00196e-06 0.00160745 1.49229e-07 0.999999 0.00160819 1.49229e-07 0.999999 0.00160814 1.49053e-07 0.999999 0.00160793 1.49053e-07 0.999999 0 0.967795 -0.251739 0 0.967795 -0.251739 0 0.968883 -0.247519 0 0.968883 -0.247519 0.000106992 -1 -9.88623e-07 0.000112671 -1 -1.03878e-06 0.000116764 4.37114e-08 -1 0.000114386 4.37114e-08 -1 -0.00641808 0.999979 4.37105e-08 -0.00639487 0.99998 4.37105e-08 -0.00643623 0.999979 4.37105e-08 -0.00644468 0.999979 4.37105e-08 1.05138e-08 0.981917 -0.189312 -3.30872e-24 0.981917 -0.189312 0 0.860248 -0.509876 0 0.860248 -0.509876 -0.00496496 0.633816 0.773468 -0.00480586 0.775333 0.631535 -0 1 4.37114e-08 -0 1 4.37114e-08 -0 1 4.37114e-08 -0 1 4.37114e-08 0.000209725 1 1.80373e-06 0.000191857 1 1.64758e-06 7.37645e-05 4.37114e-08 -1 3.33833e-05 4.37114e-08 -1 -0.00408573 0.546689 0.837326 0 1 -0.00072043 6.90532e-06 1 -4.71348e-05 0.0022826 0.999876 -0.0155952 0 0.999882 -0.015347 -0.0339436 0.999423 0.00109071 -0.0341491 0.999403 0.00533584 0 0.999983 0.00578172 0 0.999997 -0.00234125 -0.00034394 0.999997 -0.0023498 0 0.999998 -0.00175231 0 0.999985 0.00543094 0 1 0.000872843 0.0340387 0.999419 -0.00187915 0.0340028 0.999421 0.000755747 -0.000300233 0.999998 -0.00205115 -0.0340188 0.99942 -0.00125618 0 0.999995 -0.00327877 0 0.999996 -0.00292575 0.0340354 0.999419 -0.00177454 0.0339386 0.999423 -0.00124232 0.000554484 0.999993 -0.00378832 0.000569399 0.999992 -0.00389023 -0.0339385 0.999423 -0.00124823 -0.277794 0.956223 0.0920263 -0.374056 0.925833 0.0539899 -0.116307 0.993071 0.0167874 -0.0915306 0.995295 0.0317793 0.91039 0.413748 -0.00156676 0.910391 0.413749 0.000526314 0.910391 0.413749 0.000531111 0.91039 0.413748 -0.00156109 0.01527 0.999881 0.00220405 0.0118876 0.999921 0.00412763 0.0817082 0.996252 0.0283705 0.104206 0.994442 0.0150408 -0.910396 0.413737 -0.0011497 -0.910396 0.413737 -0.000981266 -0.910396 0.413737 -0.00098088 -0.910396 0.413737 -0.00114924 0.0196542 0.999803 0.00283678 0.0153489 0.999868 0.00532941 0.0832265 0.996112 0.0288975 0.105668 0.994285 0.0152515 -0 -1.37014e-07 0.910394 -0 -1.37014e-07 0.910394 -0 -1.37014e-07 0.910394 -0 -1.37014e-07 0.910394 -0.276153 0.956749 0.0914867 -0.363312 0.930191 0.0524341 -0.114784 0.993252 0.0165655 -0.0970429 0.99471 0.0336945 0.910394 0.413743 -0.000121016 0.910394 0.413743 -2.50054e-05 0.910394 0.413743 -2.47854e-05 0.910394 0.413743 -0.000120756 -0.193358 0.972938 0.126506 -0.038093 0.998963 0.0249225 -0.0210464 0.999504 0.0234334 -0.170664 0.984264 -0.0457949 -0.155406 0.986654 -0.0485993 -0.00504489 0.999918 0.0117847 -0.00299512 0.999959 0.00855312 -0.155224 0.987377 -0.0314878 0.000764431 0.999986 -0.00522271 0.00146 0.999987 -0.0048806 0.00346366 0.999927 -0.0115787 0.00178016 0.999924 -0.0121624 -0.966889 0.255199 -6.55797e-05 -0.966889 0.255199 4.86647e-05 -0.966889 0.255199 4.8978e-05 -0.966889 0.255199 -6.49154e-05 -0.15591 0.986697 0.0460529 -0.155945 0.987401 0.0268346 -0.0339717 0.999423 -0.000205326 -0.0340674 0.999416 -0.00277023 -0.114206 0.993379 0.0124248 -0.114209 0.993379 -0.0124048 0.00493336 0.999983 0.00322752 0.00348484 0.999986 0.00388004 0.0170046 0.999676 0.0189329 0.0294188 0.999382 0.0192463 0.0037373 0.999955 0.00873031 0.00124892 0.999995 0.0029175 0.000801116 0.999997 0.00228775 0.00199763 0.999982 0.00570457 -0.00597095 0.99915 -0.0407943 -0.0114587 0.9992 -0.038305 0.966888 0.255199 -7.15424e-05 0.966889 0.255199 -8.0819e-05 0.966889 0.255199 -8.08444e-05 0.966889 0.255199 -7.15962e-05 0.155256 0.98664 0.0493592 0.155209 0.986636 -0.0495908 0.154875 0.987358 -0.0337333 0.154859 0.987357 0.0338332 0.0338339 0.999417 -0.00449696 0.0337884 0.999412 0.00590122 0.1131 0.993391 0.0195708 0.113371 0.993393 -0.0178207 0.00394795 0.999989 0.00258292 0.00338347 0.999987 0.00376722 0.0172421 0.999667 0.0191976 0.0296466 0.999372 0.0193958 0.00399893 0.999948 0.00934147 0.00158283 0.999992 0.00369751 0.00106795 0.999995 0.00304974 0.00216508 0.999979 0.00618279 -0.117665 0.993001 -0.0101853 -0.034505 0.999268 -0.0165463 -0.00320864 0.999754 -0.0219219 -0.00837757 0.999573 -0.0280053 0.966888 0.255199 4.69768e-08 0.966889 0.255199 3.11385e-08 0.966889 0.255199 3.10951e-08 0.966889 0.255199 4.68848e-08 0.157251 0.986778 0.0392589 0.15725 0.986778 -0.039265 0.15658 0.987404 -0.022715 0.15658 0.987404 0.022713 0.0338281 0.999417 -0.00467445 0.0338281 0.999417 0.00467406 0.113333 0.993393 0.0180696 0.113332 0.993393 -0.0180738 -0.188125 0.974403 0.123078 -0.0320143 0.999268 0.0209449 -0.0172011 0.999669 0.0191519 -0.169234 0.984357 -0.0490107 -0.155701 0.98668 -0.0471082 -0.00556875 0.9999 0.0130085 -0.00513591 0.999879 0.0146664 -0.155614 0.987393 -0.0289719 0.000766795 0.999986 -0.00523886 0.0014536 0.999987 -0.00485923 0.00346792 0.999927 -0.0115929 0.00179961 0.999923 -0.0122952 -0.966887 0.255204 -8.66471e-06 -0.966887 0.255204 -4.31693e-06 -0.966887 0.255204 -4.30501e-06 -0.966887 0.255204 -8.63943e-06 -0.155716 0.986681 0.0470361 -0.155623 0.987393 0.0289143 -0.0345054 0.999267 0.0165561 -0.117672 0.993 0.0102336 0.0139044 0.999871 -0.0080538 0.0206901 0.99976 -0.00718352 0.0860602 0.995842 -0.0298799 0.0584558 0.997716 -0.0338594 -0.168134 0.984419 0.0514772 -0.985431 0.170078 4.32696e-05 -0.985431 0.170078 4.23948e-05 -0.985431 0.170078 -0.000135657 -0.985431 0.170078 -0.000135217 -0.270327 0.958594 -0.089557 -0.155727 0.983672 -0.0902086 -0.0740372 0.996333 -0.0428877 -0.0991031 0.994482 -0.0344102 0.170248 0.984293 0.0467287 0.169769 0.984323 -0.0478093 0.98543 0.170083 -0.000102175 0.98543 0.170083 -0.000102562 0.98543 0.170083 -0.000181407 0.98543 0.170083 -0.000181212 -0.275741 0.956882 -0.0913487 -0.154172 0.983999 -0.0893071 -0.0693621 0.996782 -0.0401793 -0.0966709 0.99475 -0.0335651 0.170115 0.984301 0.0470329 0.170184 0.984297 -0.0468746 0.985431 0.170078 1.97695e-08 0.985431 0.170078 1.97689e-08 0.985431 0.170078 1.96539e-08 0.985431 0.170078 1.96542e-08 0.0105118 0.999926 -0.0060894 0.015079 0.999872 -0.00523558 0.0832407 0.99611 -0.0289014 0.0564682 0.997868 -0.0327108 -0.169245 0.984356 0.0489845 -0.98543 0.170083 -2.78699e-06 -0.98543 0.170083 -2.80049e-06 -0.98543 0.170083 -5.54822e-06 -0.98543 0.170083 -5.54143e-06 0 -1 0.000938614 0 -0.999999 0.00104943 0 -0.999997 0.00245985 0 -0.999997 0.00223674 9.52484e-05 1 1.56305e-06 5.94921e-05 1 9.38058e-07 4.37757e-05 -1 -8.16992e-07 3.24202e-05 -1 -6.164e-07 -0.000305502 4.37114e-08 -1 0.00103011 4.37114e-08 -0.999999 -0.000833562 4.37114e-08 -1 0 1 -0.000469085 -0 1 0.000553674 -0 1 0.000700041 -0 1 7.73441e-05 -3.89727e-05 1 4.37114e-08 -6.72279e-06 1 4.37114e-08 -2.95097e-06 1 4.37114e-08 -1.6329e-05 1 4.37114e-08 -0 1 4.37114e-08 -0 1 4.37114e-08 -0 1 4.37114e-08 -0 1 4.37114e-08 0 1 -0.000721663 0 1 -0.000703811 0 1 -0.00034693 0 1 -0.000343765 -2.32831e-10 0.998963 -0.0455302 -1.8568e-05 1 1.7917e-06 -0 1 4.37114e-08 -0 1 4.37114e-08 3.19535e-05 -1 7.40093e-07 4.32557e-05 -1 9.39743e-07 -0.000233802 4.37114e-08 -1 0.0012475 4.37114e-08 -0.999999 0.000591877 4.37114e-08 -1 -0.00111236 4.37114e-08 -0.999999 -0.00217452 4.37113e-08 -0.999998 -4.11081e-05 4.37114e-08 -1 -0.000113428 4.37114e-08 -1 -0.00836743 -4.37099e-08 0.999965 -0.00832404 -4.37099e-08 0.999965 -0.0167538 -4.37053e-08 0.99986 -0.0167533 -4.37053e-08 0.99986 -1 1.72339e-11 -0.000394265 -1 3.50888e-11 -0.000802739 -1 1.27573e-11 -0.000291854 -1 1.03847e-11 -0.000237575 -0.0149711 4.37065e-08 -0.999888 -0.0137911 4.37072e-08 -0.999905 -0.00833524 4.37099e-08 -0.999965 -0.00837856 4.37099e-08 -0.999965 5.10337e-08 1 4.37114e-08 4.51382e-08 1 4.37114e-08 2.52476e-08 1 4.37114e-08 5.41098e-08 1 4.37114e-08 0 1 -0.000805812 0 0.999998 -0.00222823 0 0.99998 -0.00628537 0 0.999994 -0.0034454 0.00259393 0.967052 -0.254568 1.77636e-15 1 4.37114e-08 -0 1 4.37114e-08 -7.45058e-09 0.913918 -0.405898 0.107249 0.994231 0.00135863 0.107249 0.994232 0.000563675 0 1 3.7088e-05 0 1 0.000308132 1.10687e-07 1 0.000588184 1.10687e-07 1 0.000519845 5.53433e-08 1 0.000493518 5.53433e-08 1 0.000597672 9.15708e-05 4.37114e-08 -1 0 -1 -0.00014419 0 -1 -0.000257267 0 -1 -0.000255877 0 -1 -0.000143538 -0 0.999998 0.0018412 -0 0.999998 0.00189165 -0 0.999998 0.00197523 -0 0.999998 0.00190716 0 1 -8.55328e-05 -0 0.999998 0.00182059 -0 0.999998 0.00179692 -0 1 0.000271616 0.00252258 4.37113e-08 -0.999997 -0.00010337 4.37114e-08 -1 -1 2.14477e-07 2.46802e-05 -1 1.15385e-07 1.32334e-05 -1 2.19966e-07 2.30101e-05 -1 1.21024e-07 1.11817e-05 0 1 -0.000208075 -0 1 0.000161472 -0 1 0.000224795 0 1 -0.00017655 0.00176172 4.37113e-08 -0.999999 0.00219572 4.37113e-08 -0.999998 0.121017 0.992651 4.94744e-05 0 1 0 0.000921418 0.999997 0.00222456 0.210053 0.977687 0.00247424 1.10687e-07 1 0.000459049 5.53433e-08 1 0.000392869 0 1 0.00059397 0 1 0.000602321 0 1 0.00060203 0 1 0.000597515 0.00160827 3.34857e-09 0.999999 0.00160848 3.34857e-09 0.999999 0 -1 -0.000316463 0 -1 -0.000316463 -0 1 9.85901e-05 -0 1 8.80387e-05 -0 1 5.94664e-05 -0 1 8.13545e-05 0 1 -9.07369e-05 0 1 -5.96765e-05 0 1 -3.50173e-05 0 1 -7.82356e-05 -0 0.999997 0.00258246 -0 0.999996 0.00288898 0 1 -7.90482e-05 -1 -4.30941e-14 9.85877e-07 -1 -4.21686e-14 9.64704e-07 -0 0.999999 0.00110882 -0 0.999999 0.00116758 -0 0.942828 0.333279 -0 0.942828 0.333279 -0 0.942828 0.333278 -0 0.942828 0.333278 -0.508706 0.86094 0.000296484 -0.503349 0.864083 6.89032e-05 -0.503349 0.864084 6.76928e-05 -0.507941 0.861392 0.000278156 -0.513674 0.857985 0.000579917 -0.513805 0.857907 0.000663757 -0.514197 0.857672 0.000840402 -0.514197 0.857672 0.000840989 -9.23539e-05 0.827353 0.561682 -9.09702e-05 0.827353 0.561682 6.5818e-05 0.827353 0.561682 6.27073e-05 0.827353 0.561682 0.656583 0.754249 0.00266493 0.656583 0.754249 0.0026503 0.656585 0.754251 0.00111149 0.656585 0.754251 0.00113009 0.656585 0.754252 0.000109736 0.656585 0.754252 0.000208966 0.656583 0.754248 -0.00306087 0.656572 0.754234 -0.00662245 0.656483 0.754132 -0.017732 0.656496 0.754146 -0.0166363 -6.92428e-05 0.998598 0.0529441 0.00162741 0.972578 -0.23257 8.22939e-05 0.98715 -0.159799 -0.000432156 0.999662 0.026006 0.371632 0.92838 0.000715747 0.402151 0.915573 5.62516e-05 0.922751 0.385397 0.000196275 0.923184 0.384357 2.84164e-05 0.799724 0.600368 2.17414e-05 0.758439 0.651744 0.000432188 0.573392 0.819281 0.000192813 0.591627 0.806212 0.000368459 0.525086 0.851049 0.000423999 0.525086 0.851049 0.000215686 0.38824 0.921556 0.00195062 0.756762 0.653689 0.0015483 0.90997 0.414674 0.000677292 0.588399 0.80857 0.000638784 0.525086 0.851049 0.000617698 0.554528 0.832161 0.0024367 0.92466 0.380793 0.000903428 0.818696 0.574225 0.00136618 0.597411 0.801935 0.000725243 0.525086 0.851049 0.000685284 0.126862 0.782193 -0.609983 8.59499e-05 0.722066 -0.691824 0.0561721 0.4257 -0.903119 0.108376 0.554563 -0.825054 0.000529535 0.528802 -0.848745 0.000464186 0.414913 -0.909861 -9.09495e-13 0.981505 -0.191438 0 0.970469 -0.241225 0 0.970669 -0.240418 -4.45084e-05 0.989006 -0.147872 -0.722543 0.691196 -0.0134005 -0.627256 0.772328 -0.100294 -0.537947 0.842979 3.81142e-05 -0.649313 0.760521 -0.000236052 -0.898552 0.364881 -0.243856 -0.873156 0.486203 -0.0347173 -0.835921 0.548849 -0.000221638 -0.90622 0.422805 0.000223363 -0.537954 0.842972 0.00188508 -0.537954 0.842972 0.00190019 -0.537954 0.842972 0.00214636 -0.537954 0.842972 0.00214382 -0.537947 0.842979 -0.000125268 -0.649313 0.760521 -5.65428e-05 -0.835921 0.548849 -5.76284e-06 -0.90622 0.422805 1.25057e-05 -0.537955 0.842973 0.000114646 -0.537955 0.842973 0.000127244 -0.537947 0.842978 -0.000810494 -0.649313 0.760521 0.000468845 -0.835919 0.548848 0.00240279 -0.90622 0.422806 0.00077219 -0.537954 0.842973 -0.00126249 -0.537954 0.842973 -0.00108322 -0.709781 0.702242 0.0553875 -0.613425 0.777521 0.13846 -0.905518 0.373464 0.201399 -0.865239 0.498749 0.0510973 -0.537954 0.842974 0.000824076 -0.537954 0.842974 0.0013122 -0.0103812 0.702047 0.712055 -0.00965938 0.749517 0.661915 -0.00464306 0.83006 0.557655 -0.00904683 0.466732 0.884353 -0.0115131 0.538366 0.842633 -0.000359874 0.850571 0.525859 -0.0011129 0.939685 0.34204 0.66017 0.751116 8.64762e-05 0.654692 0.755896 0.000317526 0.648349 0.761343 0.000640607 0.647795 0.761814 0.00075814 -3.70163e-05 0.999998 0.00184536 -3.2214e-07 0.999998 0.00184536 0.0639694 0.997947 0.00311365 0.0639696 0.997951 0.00152328 0.0639696 0.997951 0.00159724 0.0639694 0.997947 0.00310266 0.0639697 0.997952 0.00040577 0.0639697 0.997952 0.000505015 0.0639677 0.997921 -0.00784437 0.0639662 0.997897 -0.0104685 0.0639692 0.997945 -0.00381487 0.0639696 0.99795 -0.00177639 0 0.450955 -0.892547 0 0.450955 -0.892547 0 0.450955 -0.892547 0 0.450955 -0.892547 0 0.993629 -0.112701 0 0.993629 -0.112701 0.00160799 3.6995e-09 0.999999 0.00160883 3.6995e-09 0.999999 0 0.782914 -0.62213 0 0.782914 -0.62213 -3.70571e-07 1 4.37114e-08 -7.21566e-07 1 4.37114e-08 2.25486e-08 1 7.8301e-08 3.64136e-08 1 7.8301e-08 2.4115e-08 1 7.8301e-08 2.4115e-08 1 7.8301e-08 0 1 -5.39701e-07 0 1 -5.39701e-07 -0.00107164 0.999973 -0.00732161 0.00129232 0.99996 0.00882941 -0 0.999964 0.00851503 0 0.999976 -0.00689532 -0 0.99998 0.00627788 0.0341257 0.999407 0.00460218 0.033911 0.999423 0.00210384 -0.000178183 0.999999 0.00121741 -0 0.999999 0.00136892 -0.0340036 0.999421 -0.000784565 -0 0.999999 0.00164244 -0 0.999986 0.00522895 -0 0.999998 0.00211926 -0.0340562 0.999417 0.00242166 0.0340092 0.999421 -0.000954919 -4.93723e-05 1 0.000337415 -0 1 0.000892841 -0.0339899 0.999422 0.000354209 -0.0339955 0.999422 -0.000530018 -0 1 0.000752123 0.000265437 0.999998 0.00181351 0.000266623 0.999998 0.0018216 0.0339672 0.999423 -0.000357007 0.270476 0.958548 0.089602 0.0991726 0.994474 0.0344326 0.113914 0.993354 0.0164419 0.35123 0.934916 0.0506953 -0.910391 0.413749 -0.0002982 -0.910391 0.413749 -0.000291067 -0.910387 0.413747 0.00282095 -0.910387 0.413747 0.00281252 -0.0208637 0.999756 0.00724428 -0.0266401 0.999638 0.00384517 -0.109621 0.993848 0.0158223 -0.086169 0.995831 0.0299193 0.910396 0.413737 0.000957059 0.910396 0.413737 0.000957661 0.910396 0.413737 0.00122043 0.910396 0.413737 0.00121972 -0.0118143 0.999922 0.00410216 -0.0149712 0.999886 0.00216087 -0.104745 0.994384 0.0151182 -0.0820839 0.996218 0.0285008 -0 -1.37014e-07 0.910394 -0 -1.37014e-07 0.910394 -0 -1.37014e-07 0.910394 -0 -1.37014e-07 0.910394 0.277549 0.956301 0.0919493 0.0915691 0.995291 0.0317939 0.116142 0.993091 0.0167615 0.373603 0.92602 0.0539194 -0.910394 0.413743 0.000556421 -0.910394 0.413743 0.000551668 -0.910393 0.413743 -0.00152213 -0.910393 0.413743 -0.00151651 0.015694 0.999724 0.017474 0.0316733 0.999283 0.0207225 0.186624 0.974815 0.122099 0.168136 0.984419 -0.0514711 0.00712317 0.999768 0.0203415 0.0059662 0.999885 0.0139368 0.15591 0.986697 -0.0460555 0.155949 0.987401 -0.0268044 -0.00330183 0.999934 -0.0110377 -0.00129805 0.99999 -0.00433925 -0.000692201 0.999988 -0.00472922 -0.00168737 0.999932 -0.0115284 0.966889 0.255199 -4.77418e-05 0.966889 0.255199 -4.74177e-05 0.966889 0.255199 7.07453e-05 0.966889 0.255199 7.00581e-05 0.155427 0.986656 0.0484927 0.155245 0.987378 0.0313514 0.114215 0.993379 0.0123633 0.0339722 0.999423 0.000199523 0.0340668 0.999416 0.00275845 0.114206 0.993379 -0.012423 -0.00351683 0.999986 0.00391566 -0.00336119 0.999992 0.00219899 -0.0298959 0.999362 0.0195584 -0.016996 0.999676 0.0189233 -0.00133087 0.999992 0.00380054 -0.00199866 0.999987 0.00466888 -0.00415473 0.999944 0.00970541 -0.00224752 0.999977 0.00641817 0.00379914 0.999912 -0.0127 0.00140508 0.999953 -0.00959962 -0.966889 0.255199 7.74893e-05 -0.966889 0.255199 7.74734e-05 -0.966888 0.255199 7.16466e-05 -0.966889 0.255199 7.16804e-05 -0.154859 0.987357 -0.0338396 -0.155254 0.98664 -0.0493654 -0.155202 0.986635 0.0496331 -0.154872 0.987358 0.0337518 -0.113366 0.993393 0.0178549 -0.0338325 0.999417 0.00453392 -0.033787 0.999411 -0.00595035 -0.113093 0.993391 -0.0196178 -0.00361483 0.999985 0.00402482 -0.00493953 0.999982 0.00323164 -0.0301375 0.999351 0.019717 -0.0165052 0.999695 0.018377 -0.000795184 0.999997 0.00227083 -0.00136109 0.999994 0.00317954 -0.00357521 0.999959 0.00835168 -0.00201898 0.999981 0.00576559 0.112109 0.993357 0.0259439 0.0113505 0.999215 -0.0379434 0.00644753 0.999008 -0.0440505 0.0337772 0.99941 0.0062515 -0.966889 0.255199 3.10894e-08 -0.966889 0.255199 3.11327e-08 -0.966888 0.255199 4.69797e-08 -0.966889 0.255199 4.68877e-08 -0.1527 0.987125 -0.0476029 -0.152651 0.986308 -0.062407 -0.152668 0.986311 0.0623208 -0.152715 0.987128 0.0475085 -0.1131 0.993391 0.0195722 -0.0337876 0.999411 0.00592711 -0.0337826 0.999411 -0.00608271 -0.113073 0.993391 -0.0197457 0.0210904 0.999502 0.0234823 0.0380665 0.998965 0.0249045 0.193705 0.97284 0.126728 0.170603 0.984269 -0.0459354 0.00296046 0.99996 0.00845408 0.00506239 0.999917 0.0118257 0.155406 0.986654 -0.0485999 0.155233 0.987378 -0.0314325 -0.00340179 0.999929 -0.0113718 -0.00147886 0.999987 -0.00494368 -0.000775369 0.999986 -0.00529743 -0.00172696 0.999929 -0.0117988 0.966887 0.255204 4.67809e-05 0.966887 0.255204 4.64679e-05 0.966887 0.255204 -6.765e-05 0.966887 0.255204 -6.69863e-05 0.155893 0.986696 0.0461412 0.15594 0.987401 0.0268642 0.0336814 0.99939 -0.0092142 0.112115 0.993358 -0.0259061 -0.0117466 0.999923 -0.00407835 -0.00865079 0.99995 -0.00501076 -0.0556212 0.997932 -0.0322174 -0.0817151 0.996252 -0.0283713 0.170677 0.984263 0.0457681 0.985431 0.170078 -4.45072e-05 0.985431 0.170078 0.000142921 0.985431 0.170078 0.000143383 0.985431 0.170078 -4.35885e-05 0.277547 0.956302 -0.0919488 0.0917026 0.995277 -0.0318406 0.0581602 0.997738 -0.0336906 0.145414 0.985779 -0.0842345 -0.170247 0.984293 -0.0467362 -0.169756 0.984324 0.0478349 -0.98543 0.170083 0.000103484 -0.98543 0.170083 0.000185547 -0.98543 0.170083 0.00018575 -0.98543 0.170083 0.000103887 0.270297 0.958604 -0.0895453 0.0992041 0.994471 -0.0344447 0.0744913 0.996288 -0.0431505 0.155906 0.983635 -0.0903113 -0.169588 0.984335 -0.0482156 -0.169694 0.984328 0.047978 -0.985431 0.170078 1.9765e-08 -0.985431 0.170078 1.96497e-08 -0.985431 0.170078 1.96494e-08 -0.985431 0.170078 1.97644e-08 -0.0206489 0.999761 -0.00716948 -0.0146911 0.999856 -0.00851039 -0.0590981 0.997665 -0.0342342 -0.0860284 0.995845 -0.0298693 0.1681 0.984421 0.0515527 0.98543 0.170083 4.61385e-05 0.98543 0.170083 -0.000135064 0.98543 0.170083 -0.000135511 0.98543 0.170083 4.52503e-05 2.79078e-05 1 4.37114e-08 1.56155e-05 1 4.37114e-08 0.000188289 1 4.37114e-08 0.000170279 1 4.37114e-08 -4.91395e-05 1 4.37114e-08 6.82229e-06 1 4.37114e-08 -2.88999e-05 1 4.37114e-08 4.94208e-05 1 4.37114e-08 -0.000582505 1 4.37114e-08 0.000567216 1 4.37114e-08 -0.000165213 1 4.37114e-08 0.000149375 1 4.37114e-08 2.67926e-05 1 4.37114e-08 2.62376e-05 1 4.37114e-08 4.86368e-05 1 4.37114e-08 -5.29803e-05 1 4.37114e-08 8.16278e-05 1 4.37114e-08 0.000113333 1 4.37114e-08 7.38991e-05 1 4.37114e-08 9.47646e-06 1 4.37114e-08 0.000111336 1 4.37114e-08 0.00014528 1 4.37114e-08 0.000795233 1 4.37114e-08 0.00146875 0.999999 4.37113e-08 0.00142438 0.999999 4.37113e-08 -0.000237796 1 4.37114e-08 -0.000158366 1 4.37114e-08 -0.000107723 1 4.37114e-08 -8.27233e-05 1 4.37114e-08 -0.000372824 1 4.37114e-08 -0.00144463 0.999999 4.37113e-08 -0.00145974 0.999999 4.37113e-08 -0.000894463 1 4.37114e-08 -4.47351e-05 1 4.37114e-08 -7.28303e-05 1 4.37114e-08 -0.000244643 1 4.37114e-08 -0.000177392 1 4.37114e-08 -0.000138565 1 4.37114e-08 0.197201 0.898718 -0.391685 0.0786895 0.984571 -0.156295 0.0798683 0.984101 -0.158636 0.082826 0.982892 -0.164511 -0.00328149 0.696667 0.717387 -0.00380532 0.696666 0.717385 -0.00380933 0.696666 0.717385 -0.00328405 0.696667 0.717387 0.00258196 0.999984 0.00512811 0.00234524 0.999986 0.00465799 0.0511768 0.993503 0.101648 0.0507897 0.993601 0.100879 -0.00185866 0.69667 -0.717389 -0.00143856 0.696671 -0.71739 -0.00143535 0.696671 -0.71739 -0.00185661 0.69667 -0.717389 0.26395 0.924558 -0.274814 0.130534 0.982085 -0.135907 0.132736 0.981469 -0.138199 0.137492 0.980104 -0.143151 -0.0225548 0.696494 0.717208 -0.0223388 0.696497 0.717212 -0.0223372 0.696497 0.717212 -0.0225541 0.696494 0.717208 0.00386894 0.999984 0.00402833 0.00348671 0.999987 0.00363036 0.0743277 0.994227 0.077387 0.073661 0.99433 0.0766928 -0.0221323 0.6965 -0.717215 -0.0237174 0.696475 -0.717189 -0.0237294 0.696475 -0.717189 -0.0221377 0.6965 -0.717215 0.00748761 0.999861 0.0148721 0.00722352 0.999871 0.0143476 0.0607972 0.990819 0.120757 0.0603922 0.990941 0.119953 -1.70653e-06 0.696671 -0.71739 -5.43105e-08 0.696671 -0.71739 -4.16674e-08 0.696671 -0.71739 -1.69845e-06 0.696671 -0.71739 0.190339 0.906005 -0.378055 0.0832799 0.982702 -0.165412 0.0849183 0.982008 -0.168666 0.0883399 0.980515 -0.175462 -0 0.696671 0.717391 8.52842e-08 0.696671 0.717391 8.59368e-08 0.696671 0.717391 4.1667e-10 0.696671 0.717391 -0.018053 0.970621 -0.239937 0.0409327 0.960611 -0.274867 0.0168422 0.993441 -0.113097 -0.00759574 0.996176 -0.0870341 0.106393 0.991738 0.0716694 -0.0411419 0.998769 -0.0277144 -0.0553093 0.997774 -0.037258 0.0758688 0.995807 0.0511076 -0.00112775 0.999999 -0.000965578 -0.00140597 0.999998 -0.0012038 0.0470675 0.998078 0.040301 0.0469254 0.99809 0.0401793 -0.00620826 0.416904 0.908929 -0.00899559 0.416895 0.90891 -0.00900473 0.416895 0.90891 -0.00621597 0.416904 0.908929 -0.00157773 0.890019 -0.455921 -0.00131968 0.890019 -0.455922 -0.00131699 0.890019 -0.455922 -0.00157178 0.890019 -0.455921 -0.000955856 0.828178 -0.560464 -0.0011377 0.828178 -0.560464 -0.00114066 0.828178 -0.560464 -0.000957221 0.828178 -0.560464 -0.0021859 0.99989 -0.0146798 0.000749772 0.999963 -0.00858943 -0.00465224 0.998568 0.0533038 0.010612 0.997401 0.0712638 -0.0234185 0.999601 0.0157756 0.00133445 0.999999 -0.000898817 0.000759032 1 -0.000511171 -0.0251008 0.999542 0.0169089 0.0765852 0.994904 -0.0655749 0.082807 0.99404 -0.0709023 0.117053 0.988055 -0.100225 0.110974 0.98927 -0.0950197 -0.00912839 0.416895 -0.908909 -0.00519235 0.416907 -0.908934 -0.00517948 0.416907 -0.908935 -0.00911754 0.416895 -0.908909 -0.000924599 0.890019 0.455922 -0.000727012 0.890019 0.455922 -0.000724958 0.890019 0.455922 -0.00092004 0.890019 0.455922 -0.000450853 0.828178 0.560465 -0.000474281 0.828178 0.560465 -0.000474662 0.828178 0.560465 -0.000451029 0.828178 0.560465 0.112994 0.961579 -0.250196 0.0407659 0.995083 -0.0902652 0.0411945 0.994979 -0.0912148 0.0417895 0.994832 -0.0925328 0.0789305 0.996051 0.0406547 -0.0688994 0.996992 -0.035488 -0.0870474 0.995195 -0.0448355 0.0434007 0.998808 0.0223544 -0.0050902 0.999981 -0.00346131 -0.00537444 0.999979 -0.00365459 0.0473393 0.99836 0.0321903 0.0470836 0.998378 0.0320164 -0.0479375 0.416437 0.9079 -0.0492755 0.41641 0.90784 -0.0492797 0.41641 0.90784 -0.0479401 0.416437 0.9079 -0.00788134 0.889992 -0.455907 -0.00783517 0.889993 -0.455907 -0.00783485 0.889993 -0.455907 -0.00788047 0.889992 -0.455907 -0.00648631 0.828161 -0.560452 -0.00649448 0.828161 -0.560452 -0.00649458 0.828161 -0.560452 -0.00648635 0.828161 -0.560452 0.00084118 0.999998 0.00186284 0.000856023 0.999998 0.00189569 0.036827 0.995989 0.0815444 0.0366834 0.99602 0.0812264 -0.0286839 0.999479 0.0147742 -0.00512874 0.999983 0.00264168 -0.00597279 0.999977 0.00307641 -0.0305024 0.999411 0.0157108 0.103459 0.992143 -0.0703513 0.109372 0.991215 -0.0743717 0.134912 0.986602 -0.0917389 0.127841 0.987978 -0.0869307 -0.045713 0.416481 -0.907994 -0.0609553 0.416142 -0.907255 -0.0610034 0.41614 -0.907252 -0.045742 0.41648 -0.907993 -0.00818437 0.88999 0.455906 -0.00816809 0.88999 0.455906 -0.00816798 0.88999 0.455906 -0.00818406 0.88999 0.455906 -0.00744716 0.828156 0.560449 -0.00746807 0.828155 0.560449 -0.00746835 0.828155 0.560449 -0.00744727 0.828156 0.560449 0.00289022 0.999808 0.0194082 -0.001045 0.999928 0.0119739 -0.00704106 0.996715 0.0806785 0.0174002 0.992998 0.116844 -0.026991 0.99947 0.018182 -0.00260472 0.999995 0.00175466 -0.00310385 0.999993 0.00209089 -0.0287194 0.9994 0.0193464 0.0738977 0.995257 -0.0632739 0.0797149 0.994478 -0.0682548 0.111624 0.989144 -0.0955764 0.106231 0.990172 -0.0909593 -0 0.416912 -0.908947 -6.96896e-06 0.416912 -0.908947 -6.99183e-06 0.416912 -0.908947 -1.9254e-08 0.416912 -0.908947 0 0.89002 0.455922 -6.77467e-07 0.89002 0.455922 -6.84511e-07 0.89002 0.455922 -1.5631e-08 0.89002 0.455922 0 0.828178 0.560465 -6.16134e-07 0.828178 0.560465 -6.26167e-07 0.828178 0.560465 -4.6248e-09 0.828178 0.560465 -0.0194366 0.965868 -0.258302 0.0171244 0.993218 -0.114999 0.0172718 0.993101 -0.115986 -0.00819602 0.995547 -0.0939064 0.0964159 0.99322 0.0649493 -0.058214 0.997534 -0.039215 -0.0748286 0.995922 -0.0504072 0.0638151 0.997035 0.0429882 0.00569235 0.999972 0.00487412 0.00531327 0.999976 0.00454954 0.0466591 0.998112 0.0399513 0.0466135 0.998115 0.0399123 -1.28797e-05 0.416912 0.908947 -4.19989e-08 0.416912 0.908947 0 0.416912 0.908947 -1.28444e-05 0.416912 0.908947 0 0.89002 -0.455922 0 0.89002 -0.455922 0 0.89002 -0.455922 0 0.89002 -0.455922 0 0.828178 -0.560465 6.58259e-08 0.828178 -0.560465 6.68978e-08 0.828178 -0.560465 4.94099e-10 0.828178 -0.560465 -0.0144094 0.998962 -0.0432013 -0.0527062 0.986028 -0.158021 0.0019365 0.999941 0.0106496 0.0023464 0.999914 0.0129038 0.0190805 0.994296 0.104931 0.0187401 0.994499 0.103059 -0.00293614 0.245638 -0.969357 -0.00293689 0.245638 -0.969357 -0.00302754 0.245638 -0.969357 -0.00302642 0.245638 -0.969357 -0.00394711 0.0329382 -0.99945 -0.00394251 0.0329382 -0.99945 -0.00345404 0.0329383 -0.999451 -0.00345769 0.0329383 -0.999451 0.000289558 1 -0.000867793 -0.00971814 0.999528 0.0291361 0.0462719 0.965975 -0.254464 0.045351 0.967338 -0.2494 0.0335104 0.982301 -0.184286 0.0343389 0.981407 -0.188842 -0.00171544 0.245639 0.96936 -0.00172056 0.245639 0.96936 -0.00233877 0.245639 0.969359 -0.00233112 0.245639 0.969359 -0.0017932 0.0329383 0.999456 -0.00179122 0.0329383 0.999456 -0.00158162 0.0329383 0.999456 -0.00158319 0.0329383 0.999456 -0.0381396 0.986493 -0.159302 -0.0156867 0.997728 -0.0655206 -0.0146139 0.998028 -0.0610396 -0.0360286 0.987956 -0.150485 9.91699e-05 0.999999 0.00147743 0.000264066 0.999992 0.00393545 0.00717019 0.994246 0.106882 0.00708564 0.994381 0.105622 -0.0161171 0.231022 -0.972815 -0.0161173 0.231022 -0.972815 -0.0161536 0.231022 -0.972815 -0.0161533 0.231022 -0.972814 -0.0237192 0.0637682 -0.997683 -0.023715 0.0637682 -0.997683 -0.0229264 0.0637694 -0.997701 -0.0229303 0.0637694 -0.997701 -0.00106682 0.99999 0.00445576 -0.001298 0.999984 0.00542134 -0.00816971 0.999384 0.0341229 -0.00838469 0.999351 0.0350208 0.0135843 0.979189 -0.202495 0.0135988 0.979144 -0.202711 0.0135498 0.979296 -0.201981 0.0136615 0.978949 -0.203645 -0.0169436 0.231018 0.972802 -0.0169406 0.231019 0.972802 -0.0163883 0.231021 0.972811 -0.0163923 0.231021 0.972811 -0.0282769 0.0637607 0.997564 -0.0282822 0.0637607 0.997564 -0.029263 0.0637589 0.997536 -0.0292581 0.0637589 0.997536 -0.00156236 0.999988 0.00468422 -0.0120452 0.999275 0.0361131 0.0456736 0.966863 -0.251178 0.0447161 0.96826 -0.245912 0.032439 0.983424 -0.178395 0.0332902 0.982535 -0.183076 0 0.245639 0.969361 -2.19605e-08 0.245639 0.969361 -2.67744e-06 0.245639 0.969361 -2.64456e-06 0.245639 0.969361 -1.96712e-09 0.0329384 0.999457 -2.174e-08 0.0329384 0.999457 -2.11966e-06 0.0329384 0.999457 -2.10395e-06 0.0329384 0.999457 -0.0139606 0.98254 -0.185529 -0.0186612 0.998259 -0.0559473 -0.0533186 0.9857 -0.159853 0.00193575 0.999941 0.0106459 0.00236068 0.999913 0.0129828 0.0190641 0.994306 0.10484 0.0187295 0.994505 0.103 0 0.24564 -0.969361 0 0.24564 -0.969361 0 0.24564 -0.969361 0 0.24564 -0.969361 -1.19378e-07 0.0329385 -0.999457 -1.17154e-07 0.0329385 -0.999457 1.18815e-07 0.0329385 -0.999457 1.17048e-07 0.0329385 -0.999457 -9.87824e-07 1 4.37114e-08 -0 1 4.37114e-08 -0 1 4.37114e-08 0 0.999999 0.00108851 0 0.999997 0.00248428 -0 1 4.37114e-08 -0 1 4.37114e-08 -2.81454e-06 1 4.37114e-08 -0 1 4.37114e-08 -0 1 4.37114e-08 -0 0.999998 0.00179524 -0 0.999997 0.00260952 0 0.999983 -0.00592055 0 0.999986 -0.00533054 0 0.999991 -0.00429814 0 0.99999 -0.0045186 -0 1 4.37114e-08 -0 1 4.37114e-08 -0 1 4.37114e-08 -0 1 4.37114e-08 -0.0011414 0.999999 4.37114e-08 -0.00108278 1 4.37114e-08 -0.00109309 0.999999 4.37114e-08 -0.00110058 0.999999 4.37114e-08 -0 1 0.000536091 -0 1 0.000536031 0 0.999997 -0.00236193 -0 1 0.000499146 -0 1 0.000497873 -5.53433e-08 1 0.000645218 -1.10687e-07 1 0.000610494 0 1 -3.39424e-05 0 1 -7.77544e-05 0 1 -9.00613e-05 0 1 -5.89258e-05 0 1 -4.49615e-06 0 1 -6.56533e-06 0 1 -6.44605e-06 0 1 -6.103e-06 -0.00629519 0.99998 4.37105e-08 -0.00637429 0.99998 4.37105e-08 -0.00641601 0.999979 4.37105e-08 -0.0064029 0.99998 4.37105e-08 0 0.999695 0.024715 -0.00342836 0.99972 0.0234233 -0.000545744 0.999993 -0.00372855 -0.000547358 0.999993 -0.00373958 -0.000686587 0.999989 -0.00469081 -0.000619838 0.999991 -0.00423478 0.000289942 0.999998 -0.00198088 0.109055 0.993911 -0.0157406 0.0266558 0.999637 -0.00384735 -0.11379 0.993369 -0.0164239 -0.351241 0.934911 -0.0506968 -0.113928 0.993353 -0.0164431 -0.362398 0.930555 -0.0523043 0.105873 0.994262 -0.0152781 0.018955 0.999817 -0.00273539 0.0301225 0.999352 -0.0197078 0.0170811 0.999673 -0.0190183 0.00352306 0.999986 -0.00392259 0.00338116 0.999992 -0.0022121 0.00415018 0.999944 -0.0096946 0.00224751 0.999977 -0.0064181 0.00133098 0.999992 -0.00380078 0.00199656 0.999987 -0.00466385 -0.00142306 0.999952 0.00972266 -0.00383113 0.999911 0.0128072 -0.186644 0.97481 -0.122105 -0.0157061 0.999724 -0.017487 -0.0320253 0.999268 -0.0209514 -0.00712121 0.999768 -0.0203357 -0.00589275 0.999888 -0.0137653 0.000688558 0.999989 0.00470436 0.00167592 0.999933 0.0114501 0.00327948 0.999934 0.010963 0.00129109 0.99999 0.00431601 -0.187879 0.974471 -0.122915 -0.0171869 0.999669 -0.0191358 -0.0323717 0.999251 -0.0211784 -0.00517492 0.999878 -0.0147777 -0.00549825 0.999902 -0.0128437 0.000758685 0.999986 0.00518351 0.00181576 0.999921 0.0124056 0.00349997 0.999925 0.0117001 0.0014403 0.999987 0.00481483 0.0302145 0.999348 -0.0197667 0.0167787 0.999685 -0.0186812 0.00358958 0.999986 -0.00399667 0.00423974 0.999987 -0.0027738 0.00398559 0.999949 -0.00931027 0.0021462 0.999979 -0.00612883 0.00103728 0.999995 -0.00296212 0.00165681 0.999991 -0.00387026 -0.00317348 0.99976 0.0216817 -0.008318 0.999579 0.0278061 -0.0578611 0.997762 0.033515 -0.145417 0.985779 0.0842298 0.0556166 0.997932 0.0322172 0.00865448 0.99995 0.00501335 0.0566217 0.997857 0.0327994 0.0110172 0.999919 0.00638203 -0.0692811 0.996789 0.040134 -0.154018 0.984031 0.0892206 -0 0.999999 0.00111927 -0 1 0.000509917 -0 0.999999 0.00122953 -0 0.999999 0.00130835 -0 1 4.37114e-08 -0 1 4.37114e-08 -0 1 4.37114e-08 -0 1 4.37114e-08 -2.28055e-06 1 4.37114e-08 -1.65032e-07 1 4.37114e-08 8.5341e-09 1 4.37114e-08 -1.05776e-06 1 4.37114e-08 0 1 0.000546152 0 1 0.000542709 -0 0.999999 0.00149218 0 1 0.000504501 0 1 0.000501095 5.53433e-08 1 0.000623627 1.10687e-07 1 0.000607045 -0 1 3.76001e-05 -0 1 7.82401e-05 -0 1 8.95854e-05 -0 1 6.07646e-05 0 1 -4.48569e-05 0 1 -7.96576e-05 0 1 -9.84536e-05 0 1 -8.62167e-05 -0 1 4.37114e-08 -0 1 4.37114e-08 4.96436e-09 1 5.75472e-08 0 1 5.75472e-08 -0 0.999732 0.0231478 0.00313157 0.999766 0.0213956 -0.000296132 0.999998 0.00202326 -0.000275082 0.999998 0.00187944 -0.000257556 0.999998 0.00175972 -0.000206194 0.999999 0.0014088 0.000224708 0.999999 0.00153528 -0.104215 0.994441 -0.015042 -0.0149837 0.999885 -0.00216264 0.373619 0.926014 -0.0539266 0.116327 0.993069 -0.0167901 0.351024 0.934995 -0.0506628 0.113479 0.993405 -0.0163783 -0.109331 0.99388 -0.0157772 -0.0262884 0.999647 -0.00379364 -0.0169915 0.999677 -0.0189185 -0.0296182 0.999374 -0.0193778 -0.00492083 0.999983 -0.00321943 -0.00365668 0.999985 -0.00407137 -0.000800532 0.999997 -0.00228601 -0.00199693 0.999982 -0.00570252 -0.00368124 0.999956 -0.00859918 -0.00134877 0.999994 -0.00315063 0.00596895 0.99915 0.0407812 0.0114601 0.9992 0.0383101 0.0211851 0.999497 -0.0235874 0.193633 0.972861 -0.126677 0.0381069 0.998963 -0.0249301 0.00295276 0.99996 -0.008432 0.00510383 0.999916 -0.0119224 -0.00346398 0.999927 0.0115797 -0.00178023 0.999924 0.0121628 -0.000759967 0.999986 0.00519224 -0.00145084 0.999987 0.00485003 0.0156036 0.999727 -0.0173729 0.186995 0.974714 -0.122337 0.0317357 0.999281 -0.0207623 0.00713594 0.999767 -0.0203777 0.00591449 0.999887 -0.013816 -0.00326082 0.999935 0.0109006 -0.00165152 0.999935 0.0112835 -0.000670809 0.999989 0.00458312 -0.00125871 0.99999 0.00420777 -0.0172614 0.999666 -0.0192187 -0.0291009 0.999395 -0.0190381 -0.00319643 0.999993 -0.00209125 -0.00360023 0.999985 -0.00400853 -0.00130751 0.999992 -0.00373381 -0.00229822 0.999976 -0.00656296 -0.00401976 0.999948 -0.00939009 -0.00202601 0.999987 -0.00473272 0.00190609 0.999913 0.0130227 0.00375663 0.999914 0.012558 0.156031 0.983609 0.0903782 0.0740513 0.996332 0.0428928 -0.0581578 0.997739 0.0336893 -0.0142332 0.999865 0.00824494 -0.0547269 0.997998 0.0317018 -0.0081148 0.999956 0.00470074 0.145429 0.985775 0.0842453 0.0580774 0.997745 0.0336438 -7.55934e-05 1 4.37114e-08 -0.000190122 1 4.37114e-08 -2.42874e-05 1 4.37114e-08 0.000199959 1 4.37114e-08 0.000160109 1 4.37114e-08 0.000230785 1 4.37114e-08 4.80162e-05 1 4.37114e-08 -2.76892e-05 1 4.37114e-08 6.31749e-05 1 4.37114e-08 -3.71326e-05 1 4.37114e-08 -2.69802e-05 1 4.37114e-08 -0.00013856 1 4.37114e-08 -0.0629607 0.99015 0.125054 -0.0627812 0.990207 0.124698 -0.0128234 0.999593 0.0254701 -0.0135835 0.999544 0.02698 -0.0864442 0.98135 -0.171697 -0.19116 0.90515 -0.379685 -0.19116 0.90515 -0.379685 -0.19116 0.90515 -0.379685 -0.0697752 0.994914 0.0726471 -0.0693799 0.994972 0.0722355 -0.000679825 1 0.000707944 -0.00218807 0.999995 0.00227827 -0.122374 0.984272 -0.127411 -0.270515 0.920595 -0.28165 -0.270515 0.920595 -0.28165 -0.270515 0.920595 -0.28165 -0.0849174 0.982009 -0.168665 -0.190336 0.906008 -0.378051 -0.190336 0.906008 -0.378051 -0.190336 0.906008 -0.378051 -0.0606067 0.990876 0.120378 -0.0604152 0.990934 0.119998 -0.00686894 0.999883 0.013643 -0.00772128 0.999852 0.0153359 -0.0231987 0.987519 0.155782 0.0090677 0.994546 0.1039 0.00307911 0.999373 0.0352814 -0.00869332 0.998257 0.0583766 0.0299178 0.999349 0.0201536 0.0316054 0.999274 0.0212904 0.00559324 0.999977 0.00376782 0.00509901 0.999981 0.0034349 -0.0998416 0.991324 -0.085488 -0.0660992 0.996207 -0.0565965 -0.0603343 0.996841 -0.0516604 -0.0971176 0.991793 -0.0831557 -0.0167018 0.99355 -0.112158 -0.0363578 0.969053 -0.244159 0.0189629 0.96754 -0.252007 0.0220306 0.967367 -0.252419 -0.0948666 0.993437 0.0639056 -0.0615788 0.99724 0.0414818 0.079952 0.995343 -0.0538585 0.0627652 0.997132 -0.0422808 -0.0506551 0.997774 0.0433729 -0.0497502 0.997853 0.0425981 -0.00580186 0.999971 0.00496789 -0.00728815 0.999954 0.00624051 -0.0371035 0.995928 0.0821565 -0.036998 0.995952 0.0819228 -0.00828284 0.999798 0.0183405 -0.00857164 0.999783 0.01898 0.0205441 0.999733 0.0105816 0.0222792 0.999686 0.0114753 -0.00918752 0.999947 -0.0047322 -0.00978404 0.999939 -0.00503945 -0.141931 0.98516 -0.0965119 -0.121171 0.989206 -0.0823954 -0.115848 0.990138 -0.0787754 -0.133178 0.986946 -0.0905598 -0.0385665 0.9956 -0.0853958 -0.113703 0.961085 -0.251767 -0.113703 0.961085 -0.251767 -0.113702 0.961085 -0.251767 -0.0854778 0.995367 0.044027 -0.0508283 0.998364 0.0261801 0.0766994 0.996271 -0.0395055 0.0595468 0.997754 -0.0306708 -0.0569596 0.997625 0.038732 -0.0559089 0.997712 0.0380175 -0.00983026 0.999929 0.00668447 -0.011635 0.999901 0.00791168 -0.0172721 0.993101 -0.115984 -0.0373411 0.967332 -0.250749 0.0194713 0.965738 -0.258787 0.0226219 0.965556 -0.259208 -0.0964161 0.99322 0.064949 -0.0638152 0.997036 0.042988 0.0748289 0.995922 -0.050407 0.0582144 0.997534 -0.039215 -0.0468271 0.998098 0.0400951 -0.0459506 0.998169 0.0393446 -0.00475337 0.99998 0.00407005 -0.0059709 0.999969 0.00511255 -0.0173992 0.992998 0.116842 0.00703833 0.996718 0.0806424 0.00104621 0.999928 0.0119881 -0.00292247 0.999803 0.019625 0.0269868 0.99947 0.0181793 0.0287157 0.9994 0.019344 0.00309828 0.999993 0.00208726 0.00259911 0.999995 0.00175097 -0.111624 0.989144 -0.0955761 -0.0797154 0.994478 -0.0682551 -0.0738983 0.995256 -0.0632743 -0.106231 0.990172 -0.090959 0.0138546 0.999041 0.041538 0.00346797 0.99994 0.0103975 -0.0307851 0.985084 -0.169299 -0.0434889 0.970005 -0.239163 -0.044515 0.96855 -0.244806 -0.030939 0.984933 -0.170146 0.0140703 0.982262 -0.186986 0.0538398 0.985417 -0.161416 0.0198364 0.998033 -0.0594707 0.00818173 0.995563 -0.0937427 -0.0178233 0.995025 0.0980167 -0.0174846 0.995213 0.096154 -0.00129116 0.999974 0.0071011 -0.00172205 0.999954 0.00947069 0.00696093 0.999553 0.0290741 0.00661062 0.999597 0.0276109 -0.000817073 0.999994 -0.0034128 -0.000896297 0.999993 -0.00374371 -0.0147477 0.975425 -0.219838 -0.0134015 0.979751 -0.19977 -0.0132854 0.980104 -0.198039 -0.0145433 0.97611 -0.216791 0.0375526 0.986908 -0.15685 0.0353251 0.988424 -0.147546 0.0127495 0.9985 -0.0532527 0.0138774 0.998222 -0.0579636 -0.00769717 0.993366 0.114737 -0.00761377 0.993509 0.113494 -0.000684029 0.999948 0.0101956 -0.000848083 0.99992 0.0126411 0.0139593 0.98254 -0.185529 0.0533176 0.9857 -0.159854 0.0186608 0.998259 -0.0559477 0.00819542 0.995547 -0.0939053 -0.019048 0.994316 0.104753 -0.0187153 0.994513 0.102923 -0.00194242 0.999941 0.0106822 -0.00236742 0.999913 0.0130194 0.0119756 0.999283 0.035904 0.00145685 0.999989 0.00436808 -0.0326951 0.983159 -0.179802 -0.0447159 0.968261 -0.245907 -0.0456735 0.966864 -0.251173 -0.0327923 0.983058 -0.180337 0.00976485 0.998935 -0.0450839 0.00515496 0.999987 0.000467554 0.000570822 1 0.000104554 0.011382 0.995876 -0.0900129 -0.00438202 0.999991 -0.000361217 -0.0113513 0.998634 0.051007 -0.0129762 0.995869 0.0898676 0.0109774 0.998635 0.0510558 0.0129762 0.995869 0.0898676 0.00637387 0.99998 -0.000525482 -0.00153954 0.999999 0.000139711 -0.00655281 0.999978 0.00119843 -0.00842306 0.998945 -0.0451454 -0.0242282 0.995752 -0.088827 -0.0901375 0.991842 -0.0901375 -0.0514829 0.997346 -0.0514829 -0.0276161 0.999237 -0.0276161 -0.0630096 0.996022 -0.0630095 0.0622003 0.996124 0.0622004 0.0783155 0.993848 0.0783156 -0 0.707107 0.707107 -0 0.707107 0.707107 -0 0.707107 0.707107 -0 0.707107 0.707107 -0.0658929 0.995649 0.065893 0.0251689 0.999366 -0.0251689 0.0664232 0.995578 -0.0664232 -0.058912 0.996523 0.0589121 0.0786444 0.993796 -0.0786444 0.196764 0.960504 -0.196764 0 0.707107 -0.707107 0 0.707107 -0.707107 0 0.707107 -0.707107 0 0.707107 -0.707107 2.30443e-05 1 4.37114e-08 3.31437e-06 1 4.37114e-08 -6.55787e-06 1 4.37114e-08 3.82077e-05 1 4.37114e-08 -2.32949e-05 1 4.37114e-08 -5.3936e-05 1 4.37114e-08 7.41173e-07 1 4.37114e-08 4.94688e-07 1 4.37114e-08 2.40498e-05 1 4.37114e-08 3.87993e-05 1 4.37114e-08 -1.79872e-06 1 4.37114e-08 -0 1 4.37114e-08 -1.98611e-05 1 -1.47732e-06 -3.48619e-05 1 4.37114e-08 -2.98219e-05 1 4.37114e-08 -7.98723e-06 1 4.37114e-08 3.39749e-06 1 4.37114e-08 -4.95227e-05 1 4.37114e-08 2.22929e-05 1 4.37114e-08 4.56206e-05 1 4.37114e-08 -3.45453e-05 1 4.37114e-08 -1.29311e-05 1 1.227e-06 -1.82368e-06 1 4.37114e-08 1.25558e-05 1 4.37114e-08 4.61604e-05 1 4.37114e-08 0.000103758 1 4.37114e-08 1.97778e-06 1 4.37114e-08 1.73188e-06 1 4.37114e-08 -0.088402 0.992154 -0.0884019 0.00208249 0.999996 0.00208253 0.0268966 0.999276 0.0268966 -0.0757158 0.994251 -0.0757158 0.0822094 0.993219 0.0822094 0.134129 0.981845 0.134129 -0 0.707107 0.707107 -0 0.707107 0.707107 -0 0.707107 0.707107 -0 0.707107 0.707107 -0.0910537 0.991675 0.0910538 -0.0250974 0.99937 0.0250975 -0.0019259 0.999996 0.00192595 -0.0711192 0.994929 0.0711192 0.0825266 0.993166 -0.0825266 0.112606 0.987238 -0.112606 0 0.707107 -0.707107 0 0.707107 -0.707107 0 0.707107 -0.707107 0 0.707107 -0.707107 -0.0910536 0.991675 0.0910537 -0.0250974 0.99937 0.0250975 -0.0019259 0.999996 0.00192595 -0.0711191 0.994929 0.0711191 0.0825265 0.993166 -0.0825265 0.112606 0.987238 -0.112606 0 0.707107 -0.707107 0 0.707107 -0.707107 0 0.707107 -0.707107 0 0.707107 -0.707107 -0.088402 0.992154 -0.088402 0.00208251 0.999996 0.00208255 0.0268966 0.999276 0.0268966 -0.0757159 0.994251 -0.0757159 0.0822095 0.993219 0.0822095 0.13413 0.981844 0.13413 -0 0.707107 0.707107 -0 0.707107 0.707107 -0 0.707107 0.707107 -0 0.707107 0.707107 -0.00109332 0.999999 4.37114e-08 -0.00119205 0.999999 4.37114e-08 -0.00121464 0.999999 4.37114e-08 -0.00131184 0.999999 4.37114e-08 -1.10687e-07 1 0.000524893 -1.10687e-07 1 0.000579002 -1.10687e-07 1 0.000573454 -1.10687e-07 1 0.00042055 0 0.999995 -0.00322866 0 0.999994 -0.00338842 -1.10687e-07 1 0.000493555 -1.10687e-07 1 0.000400936 0 1 -9.27917e-05 0 1 -9.98619e-05 0 1 -3.71784e-05 0 1 -6.15553e-05 0 0.99982 0.0189791 -0.00301568 0.999783 0.0206038 0.000468484 0.999995 -0.0032007 -0.0493332 0.998757 -0.00712052 -0.0423225 0.998996 -0.014695 0.272218 0.958 0.0901839 0.372462 0.926489 0.0537597 -0.0418927 0.999104 -0.00604629 -0.0361318 0.999268 -0.0125453 0.245624 0.965944 0.0813729 0.404046 0.912878 0.0583178 -0.000151913 0.999999 0.00103795 -0.00053754 0.999998 0.001797 -0.00547442 0.999979 -0.0035814 -0.00671426 0.999949 -0.00747557 0.184349 0.975433 0.120604 -0.00384044 0.999952 -0.00897114 -0.00189295 0.999984 -0.00540557 -0.00662432 0.999969 -0.00433377 -0.00685976 0.999947 -0.00763762 0.185212 0.975199 0.121172 -0.00333819 0.999964 -0.00779785 -0.00144429 0.99999 -0.00412435 -0.000226272 0.999999 0.00154596 -0.000857629 0.999996 0.00286699 -0.0184225 0.999773 0.0106709 -0.0264774 0.999607 0.00919296 0.273847 0.957485 -0.090719 0.149489 0.984965 -0.0865888 -0.0271481 0.999508 0.0157268 -0.0359739 0.999275 0.0124905 0.245635 0.965941 -0.0813722 0.0573057 0.997805 -0.0331956 1.1372e-08 1 4.37114e-08 2.84326e-08 1 4.37114e-08 0 1 4.37114e-08 2.88802e-08 1 4.37114e-08 1.10687e-07 1 0.000590078 1.10687e-07 1 0.00053459 1.10687e-07 1 0.000460111 1.10687e-07 1 0.000602689 -0 0.999999 0.00164542 -0 0.999999 0.00172391 1.10687e-07 1 0.000488338 1.10687e-07 1 0.000333217 -0 1 9.20775e-05 -0 1 9.91215e-05 -0 1 3.72995e-05 -0 1 6.28865e-05 1.15433e-08 1 7.13831e-08 2.1472e-08 1 7.13831e-08 0.00338264 0.999727 0.023111 -0 0.999754 0.0221672 0.000237891 0.999999 0.00162535 0.0265062 0.999606 -0.00920335 0.0327107 0.999454 -0.0047213 -0.370745 0.927192 0.0535119 -0.273932 0.957458 0.0907516 0.0420029 0.999011 -0.0145838 0.0488386 0.998782 -0.00704879 -0.404032 0.912884 0.0583156 -0.321295 0.940978 0.106442 0.00132833 0.999989 0.00444056 0.000405417 0.999996 0.00276993 0.00742579 0.999938 -0.00826779 0.00891525 0.999943 -0.00583244 -0.187256 0.974642 0.122506 0.000866925 0.999997 -0.00247559 0.00273341 0.999976 -0.00638515 0.00675693 0.999949 -0.00752313 0.00514352 0.999981 -0.00336498 -0.186538 0.974838 0.12204 0.00189624 0.999983 -0.00541497 0.00394158 0.99995 -0.00920737 0.000585719 0.999998 0.00195803 0.000176467 0.999999 0.00120569 0.0422209 0.999001 0.0146591 0.0321498 0.99931 0.0186222 -0.145636 0.985735 -0.0843567 -0.272222 0.958 -0.0901805 0.0264445 0.999608 0.00918181 0.0179841 0.999784 0.0104181 -0.207983 0.970684 -0.120479 -0.320422 0.941309 -0.106147 5.04136e-06 1 4.37114e-08 -3.86882e-05 1 4.37114e-08 7.36424e-05 1 4.37114e-08 8.36556e-05 1 4.37114e-08 -2.53992e-05 1 4.37114e-08 -7.81187e-05 1 4.37114e-08 -0.0441028 0.995179 -0.087598 -0.0453015 0.994913 -0.0899789 0.192172 0.90409 0.381695 0.0507923 0.993601 0.100884 -0.0568624 0.996625 -0.0592027 -0.0591173 0.996352 -0.0615503 0.269008 0.921515 0.28008 0.0738375 0.994303 0.0768766 -0.0439157 0.99522 -0.0872264 -0.0451505 0.994947 -0.089679 0.193164 0.903043 0.383668 0.0604309 0.990929 0.120029 -0.0333787 0.999034 -0.02858 -0.0359797 0.998878 -0.0308071 0.0231186 0.999537 0.0197951 0.0240254 0.9995 0.0205715 -0.00767467 0.998642 -0.0515375 0.0038619 0.999013 -0.0442475 -0.0187101 0.968412 0.248653 0.0106356 0.997389 0.0714217 0.0372187 0.998993 -0.0250717 0.0352362 0.999097 -0.0237363 0.10225 0.992371 -0.0688794 0.109274 0.991282 -0.0736111 -0.0369533 0.999001 -0.0251279 -0.040759 0.998785 -0.0277158 0.0328995 0.999208 0.0223713 0.0335241 0.999178 0.0227961 -0.013927 0.999427 -0.0308378 -0.0142547 0.9994 -0.0315635 0.12233 0.954811 0.27087 0.0367889 0.995997 0.08146 0.0335404 0.999288 -0.0172757 0.0310563 0.99939 -0.0159962 0.0850633 0.995412 -0.0438136 0.0922772 0.994598 -0.0475292 -0.00660927 0.998993 -0.0443819 0.00332295 0.999269 -0.0380752 -0.020643 0.961405 0.27436 0.0174362 0.992969 0.117086 0.0305073 0.999323 -0.0205506 0.028542 0.999408 -0.0192267 0.0997773 0.992737 -0.0672131 0.106867 0.991664 -0.0719891 -0.0267052 0.999382 -0.0228659 -0.0297046 0.999235 -0.0254341 0.0239071 0.999505 0.0204703 0.0247728 0.999468 0.0212115 -0.0118316 0.997811 -0.0650666 -0.0112172 0.998033 -0.0616876 0.0385797 0.976472 0.212165 0.0382091 0.976927 0.210127 0.0102043 0.99948 -0.0305931 -0.0498658 0.987503 0.149502 -0.0124426 0.986155 0.165359 -0.00649345 0.995283 -0.096795 -0.00625057 0.99563 -0.0931745 0.0104989 0.987622 0.156503 0.0104416 0.987757 0.155648 0.00706578 0.999539 -0.0295123 0.00677843 0.999576 -0.0283121 -0.0356083 0.988237 0.148728 -0.0362543 0.987804 0.151426 0.00858898 0.999631 -0.0257509 -0.05186 0.986476 0.155483 -0.0129261 0.985048 0.171796 -0.0126617 0.997492 -0.0696312 -0.0120146 0.997742 -0.0660724 0.0380019 0.97718 0.208986 0.0376419 0.977615 0.207007 0 0.999988 -0.00498417 0 0.999995 -0.00318619 0 0.999994 -0.00337997 -0 1 4.37114e-08 -0 1 4.37114e-08 -0 1 4.37114e-08 -0 1 4.37114e-08 -0 1 4.37114e-08 -0 1 4.37114e-08 -1.10687e-07 1 0.000678023 -1.10687e-07 1 0.000597844 0 1 1.61636e-07 0 1 -5.2143e-06 0 1 -6.26004e-06 0 1 -6.75443e-06 -0.00624431 0.999981 4.37105e-08 -0.0063179 0.99998 4.37105e-08 -0.00637479 0.99998 4.37105e-08 -0.00642297 0.999979 4.37105e-08 -0.000465172 0.999995 -0.00317807 -0.000447975 0.999995 -0.00306058 0.370504 0.92729 -0.053477 -0.0325492 0.999459 0.00469807 0.404054 0.912875 -0.0583074 -0.0421828 0.999091 0.00608728 0.187259 0.97464 -0.122515 -0.00740878 0.999939 0.00824909 -0.00903766 0.999942 0.00591298 -0.000894175 0.999996 0.00255351 -0.00271271 0.999976 0.00633683 -0.00132717 0.999989 -0.00443653 -0.00040436 0.999996 -0.00276259 -0.000808967 0.999996 -0.00270424 -0.000200601 0.999999 -0.00137048 0.187537 0.974565 -0.122687 -0.00685247 0.999947 0.00762955 -0.00660316 0.999969 0.00431989 -0.00146451 0.99999 0.00418217 -0.00334714 0.999964 0.00781891 0.145625 0.985737 0.0843567 -0.0316786 0.99933 -0.0183505 0.0573111 0.997804 0.0331988 -0.027044 0.999511 -0.0156657 -0 0.999999 0.00122311 -0 0.999999 0.00103942 -0 0.999999 0.00111042 -0 1 4.37114e-08 -0 1 4.37114e-08 -0 1 4.37114e-08 -0 1 4.37114e-08 -0 1 4.37114e-08 -0 1 4.37114e-08 -0 1 4.37114e-08 -0 1 4.37114e-08 1.10687e-07 1 0.000644986 1.10687e-07 1 0.000602793 -0 1 2.01509e-07 0 1 -5.16976e-05 0 1 -9.35515e-05 0 1 -9.96169e-05 -0.000243815 0.999999 0.00166582 -0.000155629 0.999999 0.00106335 -0.372457 0.926491 -0.053759 0.0485868 0.998794 0.00701287 -0.404083 0.912862 -0.0583116 0.032349 0.999466 0.00466821 -0.184547 0.975379 -0.12074 0.00547207 0.999979 0.00358017 0.00667853 0.99995 0.00743602 0.0038353 0.999952 0.00895914 0.00192218 0.999983 0.00548915 0.000164713 0.999999 -0.0011253 0.000560736 0.999998 -0.00187443 0.000400516 0.999996 -0.00273632 0.00131656 0.999989 -0.00440106 -0.1843 0.975447 -0.12057 0.00911772 0.999941 0.00596499 0.0073519 0.999939 0.00818562 0.00268992 0.999977 0.00628365 0.00094614 0.999996 0.00270189 -0.149399 0.984982 0.0865428 0.0183312 0.999775 -0.0106187 -0.207254 0.970893 0.120057 0.032223 0.999306 -0.0186658 3.12481e-05 1 4.37114e-08 4.38982e-05 1 4.37114e-08 -9.45957e-05 1 4.37114e-08 -9.04412e-05 1 4.37114e-08 -0.197236 0.898681 0.391754 -0.197236 0.89868 0.391754 -0.197236 0.898681 0.391754 0.0321082 0.997448 -0.063774 0.0308305 0.997647 -0.0612363 -0.265713 0.923505 0.276649 -0.265713 0.923505 0.276649 -0.265713 0.923505 0.276649 0.0644218 0.995666 -0.0670732 0.06205 0.99598 -0.0646039 -0.193187 0.90302 0.38371 -0.193187 0.90302 0.38371 -0.193186 0.90302 0.38371 0.0451168 0.994954 -0.0896121 0.0438815 0.995227 -0.0871585 -0.0435256 0.955342 0.292279 0.0226828 0.953206 0.30147 0.0263513 0.952962 0.301941 -0.00171764 0.999805 -0.0196812 0.00229966 0.999878 -0.0154424 -0.102941 0.992267 -0.069344 -0.0959031 0.993292 -0.0646033 -0.0265527 0.999487 -0.0178867 -0.0280083 0.99943 -0.0188672 -0.0232868 0.99953 0.0199392 -0.0222187 0.999572 0.0190246 0.0395791 0.998642 -0.033889 0.0365171 0.998844 -0.0312672 -0.11249 0.961927 0.249081 -0.11249 0.961927 0.249081 -0.11249 0.961927 0.249081 0.0133391 0.999475 -0.029536 0.0129304 0.999506 -0.0286311 -0.100617 0.993575 -0.051825 -0.0933922 0.994467 -0.0481035 -0.0429333 0.998833 -0.0221137 -0.0452065 0.998706 -0.0232845 -0.0386442 0.998908 0.0262777 -0.0378328 0.998953 0.0257259 0.0375046 0.998971 -0.0255028 0.0335074 0.999179 -0.0227847 -0.0247431 0.999469 0.021186 -0.0238754 0.999506 0.020443 0.029708 0.999235 -0.0254371 0.0267085 0.999382 -0.0228687 -0.0395601 0.963254 0.265662 0.0206266 0.961474 0.274122 0.0239634 0.961271 0.274562 -0.00332363 0.999269 -0.0380801 0.00661112 0.998992 -0.0443955 -0.106891 0.99166 -0.0720054 -0.0997999 0.992734 -0.0672287 -0.0285432 0.999408 -0.0192276 -0.0305087 0.999323 -0.0205516 0.0134841 0.983718 0.179213 0.054139 0.985252 0.162316 -0.00645985 0.999792 -0.0193675 -0.0378522 0.977362 0.208163 -0.0374876 0.9778 0.206158 0.0138819 0.996985 -0.0763413 0.0132204 0.997266 -0.0727034 0.0337724 0.989425 0.14106 0.0331486 0.989814 0.138454 -0.00850222 0.999333 -0.035512 -0.00878545 0.999288 -0.0366949 -0.0109234 0.986594 0.16283 -0.0108723 0.98672 0.162068 0.00585866 0.996162 -0.0873324 0.00562127 0.996467 -0.0837937 -0.0378727 0.977336 0.208277 -0.03753 0.977749 0.206392 0.0126437 0.9975 -0.0695328 0.01199 0.997752 -0.0659378 0.0129321 0.985036 0.171864 0.0518819 0.986465 0.155547 -0.0085878 0.999632 -0.0257467 -1.54504e-05 1 4.37114e-08 -5.64659e-06 1 4.37114e-08 -8.7363e-06 1 4.37114e-08 -2.66564e-05 1 4.37114e-08 -0 1 4.37114e-08 -0 1 4.37114e-08 5.49158e-06 1 4.37114e-08 9.99434e-06 1 4.37114e-08 1.53545e-05 1 4.37114e-08 2.80224e-05 1 4.37114e-08 -0 1 4.37114e-08 -0 1 4.37114e-08 -4.94807e-05 1 4.37114e-08 5.79283e-06 1 4.37114e-08 1.65935e-05 1 4.37114e-08 -8.44393e-05 1 4.37114e-08 -6.60124e-06 1 4.37114e-08 -9.39872e-06 1 4.37114e-08 4.87109e-05 1 4.37114e-08 9.17047e-05 1 4.37114e-08 -0 1 4.37114e-08 2.43596e-06 1 4.37114e-08 -5.49447e-05 1 4.37114e-08 -2.77655e-05 1 4.37114e-08 -4.96738e-05 1 4.37114e-08 -0.000100111 1 4.37114e-08 9.69062e-05 1 4.37114e-08 4.98925e-05 1 4.37114e-08 -0 1 4.37114e-08 -2.74985e-06 1 4.37114e-08 5.48892e-05 1 4.37114e-08 2.77378e-05 1 4.37114e-08 -0.0854796 0.992666 -0.0854795 0.0817137 0.9933 0.0817137 0.100758 0.989796 0.100758 -0.0771584 0.994029 -0.0771583 -0 0.707107 0.707107 -0 0.707107 0.707107 -0 0.707107 0.707107 -0 0.707107 0.707107 -0.0854978 0.992663 0.0854978 0.081695 0.993303 -0.0816949 0.100739 0.989799 -0.100739 -0.0771766 0.994026 0.0771767 0 0.707107 -0.707107 0 0.707107 -0.707107 0 0.707107 -0.707107 0 0.707107 -0.707107 -0.0854793 0.992666 -0.0854793 0.0817137 0.9933 0.0817136 0.100758 0.989796 0.100758 -0.077158 0.994029 -0.0771581 -0 0.707107 0.707107 -0 0.707107 0.707107 -0 0.707107 0.707107 -0 0.707107 0.707107 -0.0854979 0.992663 0.085498 0.0816948 0.993303 -0.0816947 0.100739 0.989799 -0.100739 -0.0771768 0.994026 0.0771769 0 0.707107 -0.707107 0 0.707107 -0.707107 0 0.707107 -0.707107 0 0.707107 -0.707107 2.18557e-08 1 2.18557e-08 0.000432536 1 -0.000432493 -0.0970716 0.990532 0.0970717 -0.0785312 0.993814 0.0785312 0 0.707107 -0.707107 0 0.707107 -0.707107 0 0.707107 -0.707107 0 0.707107 -0.707107 4.51537e-08 1 -4.51536e-08 -0.000432462 1 -0.000432552 -0.104464 0.989027 -0.104464 -0.0845317 0.992829 -0.0845317 -0 0.707107 0.707107 -0 0.707107 0.707107 -0 0.707107 0.707107 -0 0.707107 0.707107 -0.000320447 1 4.37114e-08 0.0223 0.999751 4.37005e-08 0.0226428 0.999744 4.37002e-08 -0.000388492 1 4.37114e-08 0.00597706 0.999982 4.37106e-08 0.0103684 0.999946 4.3709e-08 0.000117412 1 4.37114e-08 8.0983e-05 1 4.37114e-08 -0.000469404 1 4.37114e-08 -0.000628852 1 4.37114e-08 0.0222927 0.999751 4.37005e-08 0.0226495 0.999743 4.37002e-08 0.00611538 0.999981 4.37106e-08 0.0106025 0.999944 4.37089e-08 -0.0934707 0.991225 0.0934706 -0.00275522 0.999992 0.0027552 0.00278744 0.999992 -0.00278746 -0.0895445 0.991949 0.0895444 0.0916512 0.991565 -0.0916511 0.100738 0.9898 -0.100738 0 0.707107 -0.707107 0 0.707107 -0.707107 0 0.707107 -0.707107 0 0.707107 -0.707107 -0.0934948 0.99122 -0.0934948 -0.00275595 0.999992 -0.0027559 0.00278672 0.999992 0.00278676 -0.0895676 0.991945 -0.0895675 0.0916269 0.991569 0.091627 0.100711 0.989805 0.100711 -0 0.707107 0.707107 -0 0.707107 0.707107 -0 0.707107 0.707107 -0 0.707107 0.707107 -0.0899218 0.979803 -0.178604 -0.127039 0.983039 -0.132268 -0.0883387 0.980515 -0.175461 -0.0391437 0.995467 -0.0866743 -0 1 4.37114e-08 -0 1 4.37114e-08 -0 1 4.37114e-08 -0 1 4.37114e-08 -0 1 4.37114e-08 -0 1 4.37114e-08 0.0845317 0.992829 -0.0845316 0.104464 0.989027 -0.104464 0.0785315 0.993814 0.0785313 0.097072 0.990532 0.0970717 0.000612789 1 4.37114e-08 9.17683e-06 1 4.37114e-08 -0.000140728 1 4.37114e-08 0.000941688 1 4.37114e-08 1.18845e-05 1 4.37114e-08 1.43408e-05 1 4.37114e-08 2.57377e-05 1 4.37114e-08 7.89566e-05 1 4.37114e-08 0.000579628 1 4.37114e-08 0.00105397 0.999999 4.37114e-08 6.10078e-05 1 4.37114e-08 -2.89952e-05 1 4.37114e-08 -7.37764e-05 1 4.37114e-08 9.1023e-05 1 4.37114e-08 3.27166e-05 1 4.37114e-08 5.77253e-05 1 4.37114e-08 5.1731e-05 1 4.37114e-08 8.43859e-05 1 4.37114e-08 -0.0680892 0.995353 0.0680889 0.0592522 0.996483 -0.0592525 0.103133 0.989306 -0.103133 -0.0489131 0.997605 0.0489128 0 0.707107 -0.707107 0 0.707107 -0.707107 0 0.707107 -0.707107 0 0.707107 -0.707107 -0.0681062 0.995351 -0.0681061 0.0592344 0.996485 0.0592345 0.103115 0.98931 0.103115 -0.0489301 0.997603 -0.0489301 -0 0.707107 0.707107 -0 0.707107 0.707107 -0 0.707107 0.707107 -0 0.707107 0.707107 -0.068089 0.995353 0.068089 0.0592528 0.996483 -0.0592527 0.103133 0.989306 -0.103133 -0.0489128 0.997605 0.0489128 0 0.707107 -0.707107 0 0.707107 -0.707107 0 0.707107 -0.707107 0 0.707107 -0.707107 -0.0681066 0.995351 -0.0681065 0.0592343 0.996485 0.0592344 0.103115 0.98931 0.103115 -0.0489305 0.997603 -0.0489305 -0 0.707107 0.707107 -0 0.707107 0.707107 -0 0.707107 0.707107 -0 0.707107 0.707107 -0.010026 -0.00788985 -0.999919 -0.0118602 -0.00992284 -0.99988 -0.119488 -0.132187 -0.983997 -0.113494 -0.125209 -0.985617 -0.00321765 0.732938 -0.680288 -0.00325122 0.733132 -0.680078 -0.010414 0.75785 -0.652346 -0.0103921 0.75785 -0.652346 0.0128627 -0.7578 -0.652361 0.0128404 -0.7578 -0.652361 0.00288442 -0.733128 -0.680085 0.00287414 -0.732933 -0.680294 -0.00333367 -0.733125 -0.680086 -0.00329953 -0.732931 -0.680295 0.00872215 0.00997193 -0.999912 0.00844705 0.00940609 -0.99992 0.000146961 -0.000164945 -1 0.000310604 -2.58951e-05 -1 0.11466 0.143657 -0.982963 0.114335 0.143248 -0.98306 0.00279571 0.732941 -0.680286 0.00280535 0.733135 -0.680077 0.115217 -0.127216 -0.98516 0.112257 -0.12377 -0.985941 0.0102918 -0.00819095 -0.999914 0.0121134 -0.0101951 -0.999875 0.0126564 0.757811 -0.652351 0.0126342 0.757812 -0.652351 -0.0105927 -0.757839 -0.652356 -0.0105705 -0.757839 -0.652356 7.637e-05 -0.000447724 -1 -8.21536e-05 -0.000234724 -1 -0.00857852 0.00956001 -0.999918 -0.00810386 0.00922954 -0.999925 -0.115036 0.14413 -0.982849 -0.114386 0.143313 -0.983045 0.652209 -0.758036 0.00245394 0.652209 -0.758035 0.00248235 0.67129 -0.741193 0.00156138 0.671241 -0.741237 0.00155291 0.0112981 -0.758025 -0.652128 0.0112974 -0.758025 -0.652128 0.00579169 -0.733164 -0.680028 0.00574965 -0.732969 -0.680238 0.00586892 -0.732962 0.680244 0.00591171 -0.733157 0.680034 0.0110696 -0.758017 0.652141 0.011071 -0.758017 0.652141 0.676007 -0.736895 -0.000187209 0.680526 -0.732724 -0.00016946 0.649493 -0.760367 -0.000290807 0.639971 -0.768399 -0.000303555 0.622423 -0.782681 -0.000321117 0.622423 -0.782681 -0.000321113 -0.00575134 -0.732962 0.680245 -0.00579339 -0.733157 0.680035 -0.671241 -0.741238 0.00115851 -0.67129 -0.741194 0.00117107 -0.65221 -0.758029 0.00367794 -0.65221 -0.75803 0.00360834 -0.00587017 -0.732969 -0.680237 -0.00591297 -0.733164 -0.680026 -0.0110741 -0.758025 -0.652132 -0.0110755 -0.758025 -0.652132 -0.0113006 -0.758017 0.652137 -0.0112999 -0.758017 0.652137 -0.639971 -0.768399 -0.000262187 -0.649493 -0.760367 -0.000236144 -0.680526 -0.732724 -0.000140001 -0.676007 -0.736895 -0.00016713 -0.622423 -0.782681 -0.000316571 -0.622423 -0.782681 -0.000316579 -0.937772 0.0643782 0.341233 -0.932557 0.0797516 0.352103 -0.848142 0.505995 0.156921 -0.867568 0.495077 0.0471706 0.786112 -0.507836 -0.352321 0.770068 -0.365423 -0.522935 0.482107 -0.643026 -0.595055 0.567817 -0.600498 -0.563016 0.669681 0.701056 -0.245046 0.623885 0.686059 -0.374287 0.916041 0.122177 -0.382023 0.876917 0.223155 -0.425698 -0.499916 0.864553 -0.0513061 -0.490174 0.860283 -0.140151 0.188245 0.971646 -0.143064 0.097244 0.964855 -0.244127 0.0502789 -0.802046 -0.595143 0.374658 -0.736671 -0.562981 -0.0423991 -0.9027 -0.428177 -0.0377217 -0.923829 -0.380942 -0.976902 0.213681 0.00127916 -0.971824 -0.230503 -0.0492674 -0.95999 1.22407e-08 -0.280034 -0.986293 -7.2126e-09 0.165005 0.934965 -0.07258 -0.347236 0.83366 0.345095 -0.431186 0.816069 2.52632e-08 -0.577954 0.893942 1.95907e-08 -0.448184 0.153487 0.975455 -0.157891 -0.30659 0.908328 -0.284505 -0.0163917 0.986066 -0.165547 -0.0272564 0.960979 -0.275274 -0.941287 -0.0967744 0.32344 -0.878076 0.455077 0.147941 0.647702 -0.52643 -0.550776 0.286704 -0.681086 -0.673738 0.72582 0.578679 -0.371907 0.923132 -0.0422086 -0.382159 -0.461598 0.872822 -0.158459 0.265217 0.956326 -0.122881 0.849912 0.503756 0.154532 0.943764 0.0456863 0.327448 0.948016 0.0229472 0.317393 0.885091 0.464905 0.0218462 -0.502817 -0.61793 -0.604432 -0.766402 -0.385678 -0.513693 -0.81209 -0.430432 -0.394004 -0.584813 -0.579622 -0.567479 -0.911501 0.132696 -0.389305 -0.633961 0.680811 -0.366866 -0.644769 0.717444 -0.263718 -0.83748 0.294908 -0.460062 -0.181503 0.972074 -0.148757 0.490763 0.859847 -0.140769 0.518554 0.852386 -0.0673773 -0.0516237 0.960725 -0.272659 -0.058317 -0.790501 -0.609678 0.0388909 -0.918823 -0.392749 0.0425134 -0.902146 -0.429332 -0.373741 -0.740758 -0.558206 0.971244 1.04071e-08 -0.238086 0.969527 -0.236097 -0.06539 0.976704 0.214558 0.00371188 0.967911 -1.09845e-08 0.251295 -0.812125 2.55049e-08 -0.583484 -0.838073 0.34333 -0.423978 -0.931825 -0.0684328 -0.356397 -0.883971 2.04369e-08 -0.467542 0.0206273 0.977842 -0.208324 0.30433 0.911485 -0.276726 -0.15337 0.975426 -0.158184 0.0297392 0.953366 -0.300349 0.891497 0.437018 0.119369 0.946068 -0.115414 0.302713 -0.316515 -0.646459 -0.694197 -0.645447 -0.537272 -0.542897 -0.913322 -0.0184585 -0.40682 -0.727439 0.577817 -0.370082 -0.24525 0.958049 -0.148303 0.475333 0.860997 -0.180951 -0.583534 -3.54975e-08 0.812088 -0.0871138 -4.35452e-08 0.996198 0.0729672 -4.35949e-08 0.997334 0.51175 -3.7554e-08 0.859134 -0.0643979 -0.997904 -0.00637687 0.0791711 -0.99683 -0.00783974 0.055335 -0.998453 -0.00547944 -0.0452376 -0.998966 -0.00447957 0.307073 4.15995e-08 -0.951686 -0.33418 4.11984e-08 -0.942509 -0.0332812 4.36872e-08 -0.999446 0.0178906 4.37044e-08 -0.99984 -0.0908898 0.99582 -0.00900006 0.123305 0.992294 -0.0122099 0.0162785 0.999866 -0.00161189 0.0269994 0.999632 0.00267358 -0.999491 1.39491e-09 -0.0319118 -0.890752 -1.98664e-08 0.454489 -0.0802637 -0.91242 -0.401307 -0.061335 -0.949839 -0.306667 0.706185 3.09489e-08 -0.708028 0.658854 3.28828e-08 -0.752271 -0.0178892 0.995831 -0.0894495 -0.0611003 0.950225 -0.305514 0.0715437 -0.931089 -0.357709 0.0859925 -0.898748 -0.429951 0.899183 -1.91269e-08 0.437572 0.999451 1.44889e-09 -0.0331467 -0.630362 3.39332e-08 -0.776302 -0.679602 3.20658e-08 -0.733581 0.0473467 0.970418 -0.236743 0.0102076 0.998644 -0.0510401 -0.592983 -3.51971e-08 0.805215 -0.788736 -2.68708e-08 0.614733 -0.231572 -0.944854 -0.231572 -0.216127 -0.952144 -0.216127 -0.142604 -0.979453 -0.142604 -0.158513 -0.97455 -0.158513 -0.139417 -0.989841 -0.0278842 -0.10211 -0.994563 -0.0204227 0.566922 3.60082e-08 -0.823771 0.229304 4.25467e-08 -0.973355 -0.144693 0.978841 -0.144689 -0.132359 0.982325 -0.132356 -0.074306 0.994463 -0.0743043 -0.0868016 0.992437 -0.0867996 -0.240859 0.969364 -0.048173 -0.011432 0.999932 -0.00228642 0.160624 -0.973858 -0.160624 0.174577 -0.969044 -0.174577 0.238673 -0.941313 -0.238673 0.225106 -0.947974 -0.225106 0.0923706 -0.995553 -0.0184747 0.138842 -0.989925 -0.0277691 0.816452 -2.52396e-08 0.577414 0.649961 -3.32193e-08 0.759968 -0.21772 4.26628e-08 -0.976011 -0.554308 3.63815e-08 -0.832312 0.0857104 0.992627 -0.0857084 0.0971996 0.990507 -0.0971973 0.150417 0.977113 -0.150413 0.139076 0.980468 -0.139072 -0.0263006 0.99964 0.0052603 0.18283 0.982464 -0.036567 0.61555 -0.555058 -0.559472 0.530555 -0.566742 -0.630329 0.187315 0.893737 -0.407611 -0.961981 -0.218457 -0.163917 -0.64022 0.753062 -0.151712 -0.640071 0.752895 -0.153162 -0.648768 0.758556 -0.0607707 -0.647613 0.761935 -0.00720087 -0.537323 -0.623322 -0.568114 -0.540039 -0.626549 -0.561956 -0.632198 -0.714925 -0.298677 -0.649021 -0.729842 -0.214715 0.618943 -0.726065 -0.299567 0.61805 -0.725057 -0.303819 0.516051 -0.686759 -0.511912 0.554085 -0.691143 -0.464016 0.635789 0.745834 -0.198755 0.63528 0.745214 -0.20267 0.522253 0.691039 -0.499717 0.566961 0.701571 -0.431687 0.238751 -0.555236 -0.796687 0.587843 0.497805 0.637676 0.621468 0.531069 0.575972 0.631476 0.541077 0.555405 -0.209287 -0.385363 -0.898718 -0.51431 -0.577387 -0.634122 -0.615013 -0.55552 -0.559604 0.345333 -0.73108 -0.588444 -0.263563 0.702901 -0.660655 -0.305318 0.749325 -0.587617 -0.354475 0.798483 -0.486592 0.742069 0.140997 -0.655327 0.794366 0.184805 -0.578644 0.861853 0.252291 -0.439954 0.644241 -0.715614 -0.269907 0.623421 -0.700259 -0.347827 0.515728 -0.597691 -0.613832 0.519665 -0.60236 -0.605896 0.640481 0.764946 0.0681305 0.648728 0.759415 -0.049405 0.640988 0.75392 -0.144011 0.640745 0.753649 -0.146492 -0.534077 -0.67203 -0.512969 -0.499874 -0.672931 -0.545243 -0.619572 -0.726774 -0.29653 -0.618218 -0.725246 -0.303025 -0.555496 0.69059 -0.463152 -0.555587 0.718101 -0.41911 -0.637046 0.747369 -0.18871 -0.636314 0.746476 -0.194624 -0.196759 -0.571336 -0.796782 0.320646 -0.395297 -0.860771 -0.360885 0.750731 0.553323 -0.20151 0.787695 0.582178 0.188821 0.789299 0.584255 0.224547 0.775343 0.590272 -0.145686 -0.7822 0.605755 -0.0751729 -0.797704 0.598346 0.0821785 -0.797491 0.597708 0.152517 -0.78181 0.604575 -0.00238407 -0.797426 -0.603413 -0.00611981 -0.781211 -0.624236 0.0110442 -0.780874 -0.624591 0.00700996 -0.797257 -0.603599 0.0944977 0.79702 -0.596514 0.109233 0.783642 -0.611533 -0.180168 0.779838 -0.599493 -0.112435 0.796115 -0.594609 -0.490953 -0.7084 0.507084 -0.441121 -0.717344 0.539286 0.0961132 -0.710733 -0.696865 0.125262 -0.697329 -0.705721 -0.647537 0.666303 0.369778 -0.627743 0.668329 0.399094 0.434118 0.718324 -0.543648 0.382191 0.718503 -0.581106 0.690493 -0.704432 0.164304 0.70338 -0.70717 0.0718777 -0.361563 -0.651186 -0.667254 -0.324255 -0.647877 -0.689286 0.704337 0.69818 0.128272 0.685355 0.716484 0.130152 -0.334728 0.637592 -0.693854 -0.37625 0.66932 -0.640661 -0.700295 -0.709068 0.0825232 -0.689546 -0.704803 0.166669 0.350183 -0.658923 -0.665727 0.382314 -0.66116 -0.645526 -0.597789 0.727155 0.337482 -0.644242 0.716467 0.267634 0.441193 0.691807 -0.571622 0.450546 0.690323 -0.566093 0.428234 -0.719107 0.547266 0.474789 -0.710759 0.519035 -0.107514 -0.693841 -0.712058 -0.0815187 -0.708258 -0.701231 0.792632 0.569641 0.217357 0.716658 0.633007 0.292751 -0.30263 0.71816 -0.626626 -0.302192 0.727428 -0.616059 -0.937745 0.0644753 0.341288 -0.932546 0.0797822 0.352125 -0.848147 0.505989 0.156915 -0.867565 0.495081 0.0471737 0.786138 -0.50777 -0.352359 0.770076 -0.365372 -0.522958 0.482084 -0.643053 -0.595044 0.567731 -0.6006 -0.562993 0.66968 0.701056 -0.245047 0.623899 0.686052 -0.374276 0.916017 0.122233 -0.382062 0.876875 0.223239 -0.42574 -0.499996 0.864503 -0.051374 -0.4902 0.860264 -0.140178 0.188239 0.971647 -0.143068 0.0971993 0.964853 -0.244155 0.0502848 -0.802037 -0.595154 0.374659 -0.736668 -0.562985 -0.0423995 -0.902697 -0.428182 -0.03772 -0.923836 -0.380925 -0.976901 0.213687 0.00129519 -0.971827 -0.230493 -0.0492387 -0.959993 1.22402e-08 -0.280024 -0.986306 -7.20908e-09 0.164925 0.934963 -0.0725773 -0.347243 0.833658 0.345095 -0.431189 0.815961 2.52699e-08 -0.578108 0.893926 1.9592e-08 -0.448214 0.153487 0.975455 -0.157892 -0.306584 0.908336 -0.284485 -0.0163952 0.98606 -0.165582 -0.0272594 0.960971 -0.275304 -0.941298 -0.0968129 0.323397 -0.878079 0.455075 0.147937 0.6477 -0.526438 -0.55077 0.286725 -0.681062 -0.673753 0.725825 0.578677 -0.371902 0.923133 -0.042212 -0.382156 -0.461593 0.872826 -0.158451 0.26522 0.956326 -0.122877 0.84989 0.503783 0.154561 0.943761 0.0456961 0.327455 0.948011 0.0229727 0.317408 0.885062 0.464958 0.0218906 -0.502869 -0.617865 -0.604455 -0.76639 -0.38574 -0.513664 -0.812064 -0.430523 -0.393957 -0.584766 -0.579681 -0.567467 -0.91152 0.132653 -0.389275 -0.634006 0.680787 -0.366832 -0.644818 0.717413 -0.263683 -0.837484 0.294901 -0.460058 -0.181529 0.972072 -0.148735 0.490748 0.859858 -0.140753 0.51851 0.852416 -0.067339 -0.0515607 0.960717 -0.272697 -0.0583145 -0.790504 -0.609674 0.0388906 -0.918824 -0.392747 0.0425168 -0.902129 -0.429366 -0.373734 -0.740792 -0.558167 0.971243 1.04073e-08 -0.238091 0.969528 -0.236094 -0.0653831 0.976703 0.214562 0.00372238 0.967884 -1.09889e-08 0.251398 -0.812062 2.55087e-08 -0.58357 -0.838067 0.343333 -0.423988 -0.931832 -0.0684414 -0.356378 -0.883979 2.04363e-08 -0.467527 0.020623 0.977852 -0.208281 0.30433 0.911485 -0.276726 -0.153366 0.975425 -0.158193 0.0297355 0.953377 -0.300312 0.891497 0.437017 0.119367 0.946071 -0.115428 0.302697 -0.316584 -0.646375 -0.694243 -0.645455 -0.537233 -0.542925 -0.913308 -0.0184267 -0.406853 -0.727409 0.577833 -0.370116 -0.245254 0.958049 -0.148298 0.47535 0.860982 -0.180978 -0.58351 -3.54983e-08 0.812106 -0.0871232 -4.35452e-08 0.996197 0.0729982 -4.35948e-08 0.997332 0.511663 -3.75562e-08 0.859186 -0.0643979 -0.997904 -0.00637687 0.0792127 -0.996827 -0.00784386 0.0553877 -0.99845 -0.00548466 -0.0452378 -0.998966 -0.00447959 0.307073 4.15995e-08 -0.951686 -0.33418 4.11984e-08 -0.942509 -0.0333054 4.36871e-08 -0.999445 0.0178906 4.37044e-08 -0.99984 -0.0908894 0.99582 -0.00900003 0.123333 0.99229 -0.0122127 0.0163408 0.999865 -0.00161806 0.0270659 0.99963 0.00268017 -0.999492 1.39368e-09 -0.0318836 -0.890781 -1.98639e-08 0.454432 -0.0802614 -0.912425 -0.401296 -0.0613239 -0.949857 -0.306611 0.706183 3.09489e-08 -0.708029 0.658842 3.28833e-08 -0.752281 -0.0179048 0.995823 -0.0895275 -0.0611134 0.950203 -0.30558 0.0715439 -0.931088 -0.35771 0.0860072 -0.898711 -0.430024 0.899209 -1.91246e-08 0.437519 0.999451 1.44865e-09 -0.0331412 -0.630337 3.39341e-08 -0.776321 -0.679592 3.20662e-08 -0.73359 0.0473313 0.970437 -0.236666 0.0101896 0.998649 -0.0509499 -0.592993 -3.51967e-08 0.805207 -0.788744 -2.68704e-08 0.614722 -0.231505 -0.944887 -0.231505 -0.216067 -0.952171 -0.216067 -0.142581 -0.97946 -0.142581 -0.158482 -0.97456 -0.158482 -0.139417 -0.989841 -0.0278842 -0.10211 -0.994563 -0.0204227 0.56699 3.60061e-08 -0.823725 0.229344 4.25463e-08 -0.973345 -0.144589 0.978872 -0.144585 -0.132286 0.982345 -0.132283 -0.0743828 0.994452 -0.074381 -0.0868462 0.992429 -0.0868441 -0.240892 0.969355 -0.0481797 -0.0113358 0.999933 -0.00226718 0.160596 -0.973867 -0.160596 0.174529 -0.969061 -0.174529 0.238538 -0.941381 -0.238538 0.224989 -0.94803 -0.224989 0.0924833 -0.995542 -0.0184972 0.138932 -0.989912 -0.0277872 0.816463 -2.52388e-08 0.577397 0.649968 -3.3219e-08 0.759961 -0.217738 4.26626e-08 -0.976007 -0.554368 3.63797e-08 -0.832271 0.0857867 0.992614 -0.0857847 0.097267 0.990494 -0.0972647 0.150443 0.977105 -0.15044 0.139111 0.980458 -0.139107 -0.0261552 0.999644 0.00523123 0.182907 0.982449 -0.0365823 0.615342 -0.555237 -0.559523 0.53045 -0.566812 -0.630355 0.187501 0.893655 -0.407706 -0.961981 -0.218457 -0.163916 -0.640219 0.753061 -0.151717 -0.64007 0.752894 -0.153168 -0.648768 0.758552 -0.0608268 -0.647618 0.761931 -0.00727099 -0.537319 -0.623316 -0.568124 -0.540035 -0.626544 -0.561966 -0.632202 -0.714931 -0.298654 -0.649024 -0.729855 -0.214661 0.618943 -0.726065 -0.299567 0.61805 -0.725057 -0.303821 0.516015 -0.686729 -0.511988 0.554057 -0.691116 -0.464089 0.635792 0.745838 -0.198734 0.635283 0.745217 -0.20265 0.522192 0.690988 -0.49985 0.566939 0.701551 -0.431748 0.238829 -0.555205 -0.796686 0.587545 0.498283 0.637577 0.621142 0.531524 0.575904 0.631064 0.541445 0.555514 -0.209249 -0.385359 -0.898729 -0.514497 -0.577266 -0.634079 -0.614994 -0.555536 -0.559609 0.345657 -0.730925 -0.588446 -0.263337 0.702986 -0.660655 -0.305097 0.749421 -0.587609 -0.354289 0.798615 -0.486513 0.742116 0.140821 -0.655312 0.794421 0.184631 -0.578625 0.861932 0.252142 -0.439883 0.644245 -0.715624 -0.269873 0.623432 -0.700276 -0.347774 0.515744 -0.597711 -0.613799 0.519681 -0.60238 -0.605863 0.640473 0.764947 0.0681946 0.648727 0.759417 -0.049375 0.640986 0.753918 -0.144026 0.640743 0.753647 -0.146508 -0.534101 -0.672053 -0.512915 -0.499928 -0.672977 -0.545137 -0.61958 -0.726783 -0.296491 -0.618226 -0.725256 -0.302985 -0.555501 0.690595 -0.463138 -0.555623 0.718129 -0.419014 -0.637043 0.747366 -0.188734 -0.636312 0.746472 -0.194645 -0.19694 -0.57127 -0.796785 0.320733 -0.395303 -0.860736 -0.360886 0.75073 0.553322 -0.201509 0.787695 0.582178 0.188808 0.7893 0.584257 0.224604 0.775337 0.59026 -0.145684 -0.7822 0.605755 -0.0751758 -0.797704 0.598346 0.0822382 -0.797489 0.597702 0.15265 -0.781802 0.604552 -0.00238465 -0.797426 -0.603413 -0.00612088 -0.781211 -0.624237 0.011047 -0.780874 -0.624591 0.00703439 -0.797256 -0.6036 0.0945202 0.797019 -0.596512 0.109314 0.78364 -0.611521 -0.180113 0.779843 -0.599504 -0.11242 0.796116 -0.59461 -0.490944 -0.708401 0.507091 -0.441106 -0.717346 0.539295 0.0961506 -0.710739 -0.696854 0.125308 -0.697338 -0.705704 -0.647534 0.666305 0.369781 -0.627753 0.668324 0.399084 0.434074 0.71833 -0.543675 0.38213 0.718505 -0.581143 0.69049 -0.704433 0.164312 0.703387 -0.707166 0.0718524 -0.361479 -0.651145 -0.66734 -0.324144 -0.647828 -0.689383 0.704347 0.698175 0.128244 0.685371 0.716477 0.130105 -0.334473 0.63746 -0.694098 -0.376048 0.669242 -0.640861 -0.700287 -0.709072 0.082548 -0.689542 -0.704805 0.16668 0.350189 -0.658926 -0.665721 0.382304 -0.661155 -0.645536 -0.597797 0.727155 0.337466 -0.644233 0.716468 0.267652 0.441132 0.691789 -0.571691 0.450494 0.690304 -0.566159 0.428223 -0.719109 0.547273 0.474725 -0.710768 0.519081 -0.107673 -0.693873 -0.712002 -0.0817292 -0.708295 -0.70117 0.792506 0.56975 0.217531 0.71656 0.633063 0.29287 -0.302562 0.718158 -0.626663 -0.302173 0.727428 -0.616068 -0.937733 0.0645188 0.341311 -0.932549 0.0797772 0.35212 -0.848157 0.505976 0.156901 -0.86757 0.495074 0.0471688 0.786122 -0.50781 -0.352336 0.770074 -0.365389 -0.52295 0.482146 -0.64298 -0.595073 0.56786 -0.600446 -0.563027 0.669657 0.701073 -0.245065 0.6239 0.686051 -0.374276 0.91603 0.122204 -0.382041 0.876906 0.223176 -0.425709 -0.499919 0.864551 -0.0513073 -0.490172 0.860285 -0.140148 0.188245 0.971646 -0.143064 0.0972063 0.964853 -0.244151 0.0503001 -0.802016 -0.59518 0.37466 -0.736656 -0.562999 -0.042403 -0.90268 -0.428217 -0.0377216 -0.92383 -0.380941 -0.976899 0.2137 0.00133019 -0.971826 -0.230497 -0.0492485 -0.959996 1.22398e-08 -0.280014 -0.986292 -7.21273e-09 0.165008 0.934964 -0.072581 -0.347237 0.833645 0.3451 -0.43121 0.81593 2.52718e-08 -0.57815 0.893925 1.95922e-08 -0.448217 0.15349 0.975456 -0.157881 -0.306582 0.908338 -0.284482 -0.0163942 0.986061 -0.165572 -0.0272582 0.960974 -0.275292 -0.941312 -0.0968653 0.32334 -0.878087 0.455064 0.14792 0.647702 -0.526429 -0.550776 0.286691 -0.681101 -0.673729 0.725826 0.578677 -0.3719 0.923131 -0.0422055 -0.382163 -0.461592 0.872827 -0.158448 0.26523 0.956325 -0.122865 0.849904 0.503766 0.154544 0.943781 0.0456325 0.327407 0.948039 0.0228449 0.317332 0.885113 0.464865 0.0218137 -0.502802 -0.617948 -0.604425 -0.766406 -0.385657 -0.513702 -0.812083 -0.430457 -0.393991 -0.584819 -0.579615 -0.56748 -0.911494 0.132711 -0.389314 -0.633964 0.680809 -0.366863 -0.644755 0.717452 -0.263729 -0.837499 0.294877 -0.460047 -0.181508 0.972074 -0.148753 0.490748 0.859858 -0.140752 0.518559 0.852383 -0.0673804 -0.0515641 0.960718 -0.272695 -0.0582927 -0.790537 -0.609634 0.0388909 -0.918823 -0.39275 0.042515 -0.902138 -0.429348 -0.373736 -0.740778 -0.558185 0.971246 1.04066e-08 -0.238076 0.969517 -0.236119 -0.065455 0.976704 0.214561 0.00371765 0.96786 -1.0993e-08 0.25149 -0.812117 2.55054e-08 -0.583495 -0.838067 0.343333 -0.423989 -0.931838 -0.0684508 -0.35636 -0.883964 2.04374e-08 -0.467554 0.0206276 0.977842 -0.208327 0.304341 0.91147 -0.276767 -0.153363 0.975425 -0.158197 0.0297348 0.95338 -0.300305 0.891476 0.437048 0.119414 0.946071 -0.115428 0.302698 -0.31649 -0.646488 -0.694181 -0.645454 -0.537241 -0.542919 -0.913311 -0.0184347 -0.406845 -0.727438 0.577817 -0.370082 -0.245274 0.958048 -0.148274 0.475319 0.86101 -0.180926 -0.583623 -3.54947e-08 0.812024 -0.0871336 -4.35451e-08 0.996197 0.072996 -4.35948e-08 0.997332 0.511654 -3.75565e-08 0.859191 -0.0643994 -0.997904 -0.00637701 0.0792108 -0.996827 -0.00784367 0.055386 -0.99845 -0.00548448 -0.0452511 -0.998966 -0.00448091 0.307091 4.15993e-08 -0.95168 -0.33429 4.11967e-08 -0.94247 -0.0333111 4.36871e-08 -0.999445 0.0178779 4.37044e-08 -0.99984 -0.0908681 0.995822 -0.00899792 0.123333 0.99229 -0.0122126 0.0163289 0.999865 -0.00161688 0.0270259 0.999631 0.00267621 -0.999492 1.39277e-09 -0.0318628 -0.890802 -1.98621e-08 0.454392 -0.080274 -0.912396 -0.401359 -0.0613288 -0.949849 -0.306635 0.706198 3.09483e-08 -0.708014 0.658848 3.2883e-08 -0.752276 -0.017899 0.995826 -0.0894984 -0.061107 0.950214 -0.305548 0.0715428 -0.93109 -0.357704 0.0859979 -0.898734 -0.429978 0.899198 -1.91255e-08 0.437541 0.999451 1.44794e-09 -0.033125 -0.6303 3.39354e-08 -0.776352 -0.679546 3.20681e-08 -0.733633 0.0473338 0.970434 -0.236679 0.0102134 0.998643 -0.0510692 -0.59301 -3.51962e-08 0.805195 -0.788846 -2.68646e-08 0.614591 -0.231483 -0.944897 -0.231483 -0.216033 -0.952187 -0.216033 -0.142487 -0.979487 -0.142487 -0.158401 -0.974586 -0.158401 -0.139413 -0.989842 -0.0278833 -0.102129 -0.994561 -0.0204264 0.567032 3.60049e-08 -0.823696 0.229321 4.25465e-08 -0.973351 -0.144634 0.978858 -0.144631 -0.13231 0.982338 -0.132307 -0.0743027 0.994464 -0.074301 -0.0867885 0.992439 -0.0867865 -0.240822 0.969373 -0.0481657 -0.0113844 0.999933 -0.00227691 0.160604 -0.973865 -0.160604 0.174557 -0.969051 -0.174557 0.238656 -0.941321 -0.238656 0.225088 -0.947982 -0.225088 0.0924821 -0.995542 -0.018497 0.138931 -0.989912 -0.0277869 0.816469 -2.52385e-08 0.577389 0.649965 -3.32191e-08 0.759964 -0.217724 4.26628e-08 -0.97601 -0.554297 3.63818e-08 -0.832319 0.0858112 0.992609 -0.0858092 0.0972832 0.990491 -0.0972809 0.150421 0.977112 -0.150417 0.139096 0.980462 -0.139093 -0.0261846 0.999643 0.0052371 0.1829 0.982451 -0.036581 0.615589 -0.555025 -0.559462 0.530643 -0.566684 -0.630307 0.187436 0.893684 -0.407673 -0.961999 -0.218297 -0.164027 -0.640211 0.753067 -0.151722 -0.640062 0.7529 -0.153173 -0.648761 0.75856 -0.0607985 -0.64761 0.761937 -0.00726725 -0.537299 -0.623305 -0.568155 -0.540017 -0.626534 -0.561994 -0.632202 -0.714949 -0.29861 -0.649021 -0.729873 -0.214609 0.618928 -0.726061 -0.299606 0.618035 -0.725054 -0.303856 0.516015 -0.686739 -0.511974 0.554061 -0.691132 -0.46406 0.63578 0.745839 -0.198766 0.635272 0.745218 -0.202681 0.522166 0.690976 -0.499895 0.566921 0.701545 -0.431781 0.238733 -0.555243 -0.796688 0.588483 0.496777 0.637888 0.622168 0.530091 0.576117 0.632361 0.540285 0.555168 -0.209233 -0.385355 -0.898734 -0.514221 -0.577444 -0.634141 -0.614995 -0.555536 -0.559608 0.34538 -0.731058 -0.588444 -0.263386 0.702968 -0.660654 -0.305145 0.7494 -0.587611 -0.354329 0.798586 -0.48653 0.742097 0.140893 -0.655318 0.794399 0.184702 -0.578633 0.8619 0.252203 -0.439912 0.644246 -0.71565 -0.2698 0.623438 -0.700303 -0.347706 0.515775 -0.597759 -0.613727 0.519711 -0.602427 -0.60579 0.640465 0.764953 0.0681984 0.64872 0.759427 -0.0493196 0.640979 0.753923 -0.144035 0.640735 0.753652 -0.146515 -0.534099 -0.672062 -0.512904 -0.499895 -0.672959 -0.545189 -0.61956 -0.726774 -0.296555 -0.618206 -0.725247 -0.303047 -0.55552 0.690625 -0.463071 -0.555629 0.718144 -0.41898 -0.637035 0.747371 -0.18874 -0.636304 0.746477 -0.194651 -0.196648 -0.571376 -0.79678 0.320799 -0.395305 -0.86071 -0.360888 0.750735 0.553314 -0.201515 0.787699 0.58217 0.188804 0.789306 0.58425 0.224598 0.775343 0.590253 -0.145713 -0.782204 0.605743 -0.0751904 -0.797709 0.598337 0.08221 -0.797496 0.597697 0.152578 -0.781813 0.604557 -0.00239141 -0.797431 -0.603406 -0.00613821 -0.781216 -0.62423 0.0110491 -0.78088 -0.624584 0.00703632 -0.797262 -0.603593 0.0945209 0.797025 -0.596504 0.109267 0.783647 -0.611521 -0.180153 0.779845 -0.599488 -0.112446 0.79612 -0.5946 -0.490941 -0.708408 0.507085 -0.441092 -0.717355 0.539296 0.0961598 -0.710748 -0.696844 0.125312 -0.697346 -0.705695 -0.64764 0.666267 0.369663 -0.627846 0.668292 0.398993 0.434184 0.718321 -0.543599 0.382207 0.718509 -0.581088 0.690471 -0.704445 0.164341 0.703358 -0.707187 0.0719303 -0.361582 -0.651205 -0.667226 -0.324238 -0.647878 -0.689293 0.704375 0.698165 0.128151 0.6854 0.716469 0.129997 -0.334637 0.637554 -0.693933 -0.376158 0.669293 -0.640743 -0.700277 -0.709081 0.0825585 -0.689545 -0.704808 0.166654 0.350193 -0.658936 -0.665709 0.382306 -0.661164 -0.645526 -0.597743 0.727158 0.337555 -0.644243 0.716472 0.267616 0.441134 0.691798 -0.571678 0.450483 0.690308 -0.566163 0.428254 -0.719111 0.547246 0.474791 -0.710765 0.519025 -0.107627 -0.693871 -0.712011 -0.081647 -0.708287 -0.701187 0.792481 0.569774 0.217557 0.716518 0.633091 0.292912 -0.302482 0.718161 -0.626697 -0.302079 0.727436 -0.616105 -0.937756 0.0644356 0.341265 -0.932557 0.0797529 0.352103 -0.848149 0.505985 0.156912 -0.867582 0.495054 0.0471507 0.78612 -0.507816 -0.352332 0.770075 -0.36538 -0.522954 0.482078 -0.64306 -0.595042 0.567754 -0.600573 -0.562999 0.66966 0.701071 -0.245063 0.623904 0.686049 -0.374273 0.916028 0.122209 -0.382044 0.876907 0.223174 -0.425708 -0.499996 0.864503 -0.051374 -0.490198 0.860265 -0.140176 0.188254 0.971646 -0.143056 0.0972159 0.964854 -0.244145 0.0502714 -0.802057 -0.595128 0.374654 -0.736685 -0.562966 -0.0424004 -0.902693 -0.428191 -0.0377199 -0.923837 -0.380924 -0.976905 0.213671 0.00124842 -0.971828 -0.230492 -0.0492349 -0.959994 1.22401e-08 -0.28002 -0.986295 -7.21191e-09 0.164989 0.934968 -0.0725866 -0.347225 0.833661 0.345094 -0.431184 0.816006 2.52671e-08 -0.578044 0.893935 1.95913e-08 -0.448196 0.153491 0.975456 -0.157878 -0.306586 0.908332 -0.284497 -0.0163916 0.986066 -0.165546 -0.0272527 0.96099 -0.275237 -0.941305 -0.0968388 0.323369 -0.878075 0.455079 0.147943 0.647703 -0.526423 -0.55078 0.286662 -0.681133 -0.673708 0.72585 0.578664 -0.371873 0.923129 -0.0422017 -0.382167 -0.461585 0.872833 -0.158436 0.265231 0.956325 -0.122863 0.849927 0.503736 0.154511 0.94376 0.0456999 0.327457 0.948013 0.0229622 0.317402 0.885062 0.464959 0.021891 -0.50284 -0.617901 -0.604442 -0.766409 -0.385645 -0.513707 -0.812096 -0.430408 -0.394015 -0.584713 -0.579748 -0.567453 -0.911492 0.132716 -0.389318 -0.634005 0.680787 -0.366833 -0.644809 0.717418 -0.263689 -0.83749 0.294891 -0.460054 -0.181544 0.972072 -0.148722 0.490784 0.859831 -0.140791 0.518549 0.852389 -0.0673727 -0.0515898 0.960721 -0.27268 -0.0583087 -0.790514 -0.609662 0.0388888 -0.918832 -0.392728 0.0425121 -0.902152 -0.429319 -0.373743 -0.740747 -0.55822 0.971243 1.04072e-08 -0.23809 0.969525 -0.236102 -0.0654049 0.976702 0.214565 0.00373007 0.967901 -1.09861e-08 0.251333 -0.812083 2.55074e-08 -0.583541 -0.838072 0.34333 -0.42398 -0.931819 -0.0684267 -0.356414 -0.883975 2.04366e-08 -0.467535 0.0206242 0.977849 -0.208293 0.304327 0.911489 -0.276719 -0.153368 0.975426 -0.158185 0.0297412 0.953359 -0.300369 0.891511 0.436997 0.119335 0.946064 -0.1154 0.30273 -0.316501 -0.646476 -0.694187 -0.645451 -0.537256 -0.542909 -0.913315 -0.0184444 -0.406835 -0.727417 0.577828 -0.370106 -0.245257 0.958049 -0.148294 0.47534 0.860991 -0.180961 -0.583516 -3.54981e-08 0.812101 -0.0870881 -4.35453e-08 0.996201 0.0729728 -4.35949e-08 0.997334 0.511657 -3.75564e-08 0.85919 -0.0644067 -0.997903 -0.00637774 0.0791872 -0.996829 -0.00784134 0.0554043 -0.998449 -0.0054863 -0.0452922 -0.998964 -0.00448497 0.30715 4.15984e-08 -0.951661 -0.334207 4.1198e-08 -0.9425 -0.0333058 4.36871e-08 -0.999445 0.0178764 4.37044e-08 -0.99984 -0.0908624 0.995823 -0.00899735 0.123258 0.992299 -0.0122052 0.016279 0.999866 -0.00161194 0.0270802 0.99963 0.00268159 -0.99949 1.39636e-09 -0.0319451 -0.890777 -1.98642e-08 0.45444 -0.0802646 -0.912418 -0.401312 -0.0613233 -0.949858 -0.306608 0.706198 3.09483e-08 -0.708014 0.658891 3.28814e-08 -0.752239 -0.0178852 0.995832 -0.0894297 -0.0610823 0.950255 -0.305424 0.0715381 -0.9311 -0.357681 0.0859902 -0.898754 -0.429939 0.899214 -1.91241e-08 0.437509 0.99945 1.4499e-09 -0.0331697 -0.630356 3.39334e-08 -0.776307 -0.679597 3.20661e-08 -0.733586 0.0473498 0.970414 -0.236759 0.0101899 0.998649 -0.0509515 -0.592971 -3.51975e-08 0.805224 -0.788752 -2.68699e-08 0.614712 -0.231544 -0.944867 -0.231544 -0.216099 -0.952157 -0.216099 -0.142577 -0.979461 -0.142577 -0.158486 -0.974559 -0.158486 -0.139413 -0.989842 -0.0278833 -0.102195 -0.994554 -0.0204396 0.567015 3.60054e-08 -0.823707 0.229329 4.25464e-08 -0.973349 -0.144686 0.978842 -0.144683 -0.13238 0.98232 -0.132377 -0.0744566 0.994441 -0.0744548 -0.0869243 0.992416 -0.0869222 -0.240836 0.96937 -0.0481684 -0.0113029 0.999934 -0.00226059 0.160596 -0.973867 -0.160596 0.174539 -0.969057 -0.174539 0.238592 -0.941354 -0.238592 0.225033 -0.948008 -0.225033 0.0925353 -0.995537 -0.0185076 0.138902 -0.989916 -0.0277812 0.816459 -2.52391e-08 0.577403 0.649967 -3.3219e-08 0.759963 -0.217757 4.26625e-08 -0.976003 -0.55436 3.638e-08 -0.832277 0.0857382 0.992622 -0.0857362 0.0972393 0.990499 -0.097237 0.150511 0.977084 -0.150507 0.139158 0.980444 -0.139155 -0.0262714 0.999641 0.00525448 0.182765 0.982477 -0.036554 0.615383 -0.555202 -0.559513 0.530413 -0.566837 -0.630363 0.187352 0.893721 -0.40763 -0.961999 -0.218296 -0.164027 -0.640213 0.753069 -0.151704 -0.640064 0.752902 -0.153154 -0.648761 0.758561 -0.060787 -0.647607 0.76194 -0.00721787 -0.537294 -0.623299 -0.568166 -0.540011 -0.626528 -0.562006 -0.632194 -0.714935 -0.29866 -0.649017 -0.729859 -0.214667 0.618934 -0.726068 -0.299577 0.618042 -0.725061 -0.303828 0.516043 -0.686763 -0.511914 0.554079 -0.691149 -0.464015 0.635784 0.745843 -0.198739 0.635275 0.745223 -0.202655 0.52221 0.691014 -0.499796 0.566938 0.701562 -0.431731 0.238627 -0.555286 -0.79669 0.587705 0.498027 0.63763 0.621317 0.53128 0.57594 0.631285 0.541247 0.555456 -0.209314 -0.385364 -0.898711 -0.51442 -0.577316 -0.634097 -0.614925 -0.555596 -0.559626 0.345657 -0.730925 -0.588446 -0.263504 0.702924 -0.660654 -0.30526 0.74935 -0.587615 -0.354426 0.798517 -0.486572 0.742046 0.141081 -0.655334 0.79434 0.184888 -0.578654 0.861814 0.252362 -0.439988 0.644232 -0.715615 -0.269927 0.62341 -0.700258 -0.347849 0.515721 -0.597695 -0.613835 0.519658 -0.602364 -0.605899 0.640469 0.764953 0.0681656 0.64872 0.759422 -0.049398 0.640981 0.753926 -0.14401 0.640738 0.753655 -0.146492 -0.534094 -0.672058 -0.512915 -0.499908 -0.67297 -0.545163 -0.619557 -0.726772 -0.296566 -0.618204 -0.725244 -0.303059 -0.555487 0.690594 -0.463156 -0.555574 0.718101 -0.419129 -0.637038 0.747374 -0.188716 -0.636307 0.746481 -0.194629 -0.196659 -0.571373 -0.79678 0.32065 -0.395295 -0.86077 -0.360883 0.750736 0.553316 -0.20151 0.7877 0.582171 0.18877 0.789311 0.584256 0.224476 0.775358 0.590281 -0.145754 -0.782202 0.605736 -0.0752141 -0.797708 0.598335 0.0822335 -0.797495 0.597695 0.152618 -0.78181 0.60455 -0.00239665 -0.797431 -0.603406 -0.00615055 -0.781215 -0.624231 0.0110306 -0.780881 -0.624583 0.00702048 -0.797262 -0.603592 0.0945459 0.797024 -0.596502 0.109325 0.783646 -0.611512 -0.180148 0.779846 -0.599489 -0.112429 0.796121 -0.594602 -0.490969 -0.708403 0.507064 -0.441153 -0.717346 0.539258 0.0961199 -0.710741 -0.696856 0.125275 -0.697339 -0.705709 -0.64758 0.666291 0.369725 -0.627782 0.668318 0.39905 0.43412 0.718329 -0.543638 0.382105 0.718512 -0.581151 0.690474 -0.704443 0.164334 0.703377 -0.707175 0.0718642 -0.361565 -0.651196 -0.667244 -0.324232 -0.647875 -0.689298 0.704338 0.698183 0.128249 0.685348 0.71649 0.130151 -0.334673 0.637573 -0.693899 -0.376192 0.669306 -0.64071 -0.700279 -0.70908 0.0825545 -0.689529 -0.704814 0.166694 0.35019 -0.658934 -0.665712 0.382313 -0.661168 -0.645518 -0.59779 0.727162 0.337465 -0.644254 0.716471 0.267593 0.44113 0.691796 -0.571683 0.450513 0.690319 -0.566124 0.428249 -0.719111 0.547249 0.474731 -0.710773 0.519069 -0.10764 -0.693873 -0.712007 -0.0816705 -0.708291 -0.70118 0.792568 0.569699 0.217437 0.716641 0.633021 0.292763 -0.302639 0.718167 -0.626614 -0.302217 0.727435 -0.616039 -0.937772 0.0643782 0.341233 -0.932565 0.0797314 0.352088 -0.848147 0.505989 0.156914 -0.867573 0.495069 0.0471635 0.78613 -0.507791 -0.352347 0.770081 -0.365347 -0.52297 0.482081 -0.643057 -0.595043 0.567714 -0.600621 -0.562988 0.669719 0.70103 -0.245017 0.62394 0.686031 -0.374247 0.916018 0.122231 -0.38206 0.876908 0.223172 -0.425707 -0.500012 0.864493 -0.0513876 -0.490199 0.860265 -0.140177 0.188256 0.971646 -0.143053 0.0972001 0.964853 -0.244155 0.0502719 -0.802055 -0.59513 0.374655 -0.736684 -0.562966 -0.0424016 -0.902687 -0.428203 -0.0377202 -0.923835 -0.380927 -0.976902 0.213681 0.00127906 -0.97183 -0.230486 -0.0492195 -0.959993 1.22402e-08 -0.280022 -0.986308 -7.20872e-09 0.164916 0.934969 -0.0725862 -0.347223 0.833648 0.345099 -0.431205 0.816016 2.52664e-08 -0.578029 0.893929 1.95918e-08 -0.448208 0.153486 0.975455 -0.157893 -0.306585 0.908334 -0.28449 -0.016386 0.986075 -0.165489 -0.0272505 0.960996 -0.275215 -0.941294 -0.0967989 0.323413 -0.878086 0.455065 0.147921 0.647702 -0.52643 -0.550775 0.28669 -0.681102 -0.673728 0.725839 0.57867 -0.371886 0.923128 -0.0421986 -0.38217 -0.46159 0.872829 -0.158445 0.265225 0.956326 -0.12287 0.84992 0.503745 0.15452 0.943766 0.045679 0.327442 0.948016 0.0229472 0.317393 0.885077 0.46493 0.0218673 -0.502838 -0.617903 -0.604441 -0.766402 -0.385677 -0.513693 -0.81209 -0.43043 -0.394005 -0.584753 -0.579697 -0.567464 -0.911503 0.13269 -0.3893 -0.63399 0.680795 -0.366844 -0.644779 0.717437 -0.263711 -0.83746 0.294941 -0.460077 -0.18152 0.972073 -0.148742 0.490778 0.859835 -0.140785 0.518554 0.852386 -0.0673774 -0.0515483 0.960716 -0.272705 -0.0583133 -0.790506 -0.609672 0.038887 -0.91884 -0.39271 0.0425148 -0.902138 -0.429347 -0.373742 -0.740756 -0.558209 0.971244 1.04071e-08 -0.238086 0.969529 -0.236092 -0.0653773 0.976703 0.214563 0.00372376 0.967911 -1.09845e-08 0.251295 -0.812096 2.55066e-08 -0.583524 -0.838073 0.34333 -0.423978 -0.931815 -0.0684193 -0.356426 -0.883973 2.04368e-08 -0.467539 0.0206277 0.977841 -0.208328 0.304325 0.911492 -0.276709 -0.153362 0.975424 -0.158204 0.0297413 0.953359 -0.30037 0.891506 0.437005 0.119348 0.946069 -0.11542 0.302706 -0.31653 -0.64644 -0.694207 -0.645457 -0.537225 -0.542931 -0.913311 -0.0184341 -0.406845 -0.727434 0.577819 -0.370087 -0.245254 0.958049 -0.148298 0.475346 0.860985 -0.180973 -0.58351 -3.54983e-08 0.812106 -0.0871109 -4.35452e-08 0.996199 0.0729667 -4.35949e-08 0.997334 0.511661 -3.75563e-08 0.859187 -0.0644034 -0.997903 -0.00637741 0.0791745 -0.99683 -0.00784008 0.0554014 -0.998449 -0.00548601 -0.0452777 -0.998964 -0.00448354 0.307103 4.15991e-08 -0.951676 -0.334102 4.11996e-08 -0.942537 -0.0332969 4.36872e-08 -0.999445 0.0178551 4.37044e-08 -0.999841 -0.0908862 0.995821 -0.00899971 0.123285 0.992296 -0.0122079 0.0163091 0.999866 -0.00161492 0.0270272 0.999631 0.00267633 -0.999491 1.39474e-09 -0.0319079 -0.890785 -1.98636e-08 0.454425 -0.0802678 -0.91241 -0.401328 -0.0613225 -0.94986 -0.306604 0.706212 3.09477e-08 -0.708 0.65887 3.28822e-08 -0.752257 -0.0178667 0.995841 -0.0893373 -0.0610773 0.950264 -0.305399 0.0715344 -0.931107 -0.357662 0.0860044 -0.898718 -0.43001 0.899202 -1.91252e-08 0.437533 0.999451 1.4486e-09 -0.0331401 -0.630363 3.39332e-08 -0.7763 -0.679623 3.2065e-08 -0.733562 0.0473534 0.970409 -0.236777 0.0102076 0.998644 -0.05104 -0.592985 -3.5197e-08 0.805214 -0.788741 -2.68705e-08 0.614726 -0.231499 -0.94489 -0.231499 -0.216062 -0.952174 -0.216062 -0.142577 -0.979461 -0.142577 -0.158478 -0.974561 -0.158478 -0.139413 -0.989842 -0.0278834 -0.102173 -0.994557 -0.0204353 0.567015 3.60054e-08 -0.823707 0.229329 4.25464e-08 -0.973349 -0.144687 0.978842 -0.144683 -0.132385 0.982318 -0.132382 -0.0744827 0.994437 -0.0744809 -0.0869458 0.992412 -0.0869438 -0.240866 0.969362 -0.0481744 -0.0113913 0.999932 -0.00227829 0.160637 -0.973854 -0.160637 0.174562 -0.969049 -0.174562 0.238534 -0.941384 -0.238534 0.224992 -0.948028 -0.224992 0.0925367 -0.995537 -0.0185079 0.138884 -0.989919 -0.0277777 0.816438 -2.52404e-08 0.577433 0.649946 -3.32198e-08 0.75998 -0.217769 4.26623e-08 -0.976 -0.554339 3.63806e-08 -0.832291 0.0857104 0.992627 -0.0857084 0.0971996 0.990507 -0.0971973 0.150417 0.977113 -0.150413 0.139076 0.980468 -0.139072 -0.0262129 0.999643 0.00524277 0.182817 0.982467 -0.0365644 0.615296 -0.555276 -0.559534 0.530429 -0.566826 -0.63036 0.187453 0.893676 -0.407682 -0.961943 -0.218805 -0.163676 -0.64022 0.753062 -0.151708 -0.640071 0.752895 -0.153159 -0.648768 0.758552 -0.060817 -0.64761 0.761938 -0.0071673 -0.537317 -0.623314 -0.568129 -0.540033 -0.626541 -0.561971 -0.632201 -0.71493 -0.298659 -0.649024 -0.729854 -0.214666 0.618942 -0.726064 -0.299571 0.618049 -0.725056 -0.303824 0.516021 -0.686734 -0.511976 0.554065 -0.691124 -0.464069 0.635791 0.745837 -0.198737 0.635282 0.745217 -0.202653 0.52222 0.691011 -0.499789 0.566948 0.701559 -0.431724 0.238724 -0.555247 -0.796688 0.587547 0.49828 0.637578 0.621144 0.531521 0.575904 0.631066 0.541443 0.555514 -0.209302 -0.385365 -0.898714 -0.514429 -0.57731 -0.634095 -0.614983 -0.555545 -0.559611 0.345893 -0.730813 -0.588448 -0.263464 0.702938 -0.660655 -0.305221 0.749367 -0.587614 -0.354393 0.798541 -0.486557 0.742053 0.141056 -0.655333 0.794348 0.184865 -0.578651 0.861824 0.252343 -0.439979 0.644243 -0.715621 -0.269885 0.623425 -0.700265 -0.347809 0.515749 -0.597716 -0.61379 0.519685 -0.602384 -0.605856 0.640481 0.764946 0.0681282 0.648728 0.759415 -0.0494073 0.640988 0.753921 -0.144006 0.640745 0.753649 -0.146488 -0.534102 -0.672054 -0.512911 -0.499926 -0.672975 -0.54514 -0.619568 -0.72677 -0.296547 -0.618215 -0.725243 -0.303039 -0.555486 0.690581 -0.463178 -0.55557 0.718088 -0.419156 -0.637048 0.747372 -0.188691 -0.636317 0.746478 -0.194605 -0.196755 -0.571338 -0.796782 0.320687 -0.3953 -0.860754 -0.360866 0.750735 0.553329 -0.2015 0.787696 0.58218 0.18879 0.789303 0.58426 0.224518 0.775347 0.590279 -0.14574 -0.782197 0.605746 -0.0752049 -0.797703 0.598343 0.0822291 -0.79749 0.597703 0.152613 -0.781805 0.604558 -0.0024086 -0.797425 -0.603414 -0.00618217 -0.781207 -0.624241 0.0110197 -0.780876 -0.624589 0.00701281 -0.797257 -0.603599 0.0945062 0.79702 -0.596513 0.109259 0.783642 -0.611529 -0.180094 0.779844 -0.599507 -0.1124 0.796117 -0.594612 -0.490973 -0.708397 0.507069 -0.441147 -0.71734 0.53927 0.0961524 -0.710739 -0.696853 0.125313 -0.697339 -0.705702 -0.647531 0.666306 0.369785 -0.627734 0.668332 0.399101 0.434063 0.718331 -0.543682 0.38205 0.718507 -0.581193 0.69049 -0.704433 0.16431 0.70339 -0.707164 0.0718419 -0.361494 -0.651152 -0.667325 -0.324185 -0.647846 -0.689347 0.704345 0.698176 0.128251 0.685368 0.716478 0.130113 -0.334714 0.637585 -0.693867 -0.376227 0.669311 -0.640684 -0.700289 -0.709071 0.0825435 -0.689542 -0.704805 0.166678 0.350197 -0.658929 -0.665713 0.382307 -0.661156 -0.645534 -0.59785 0.727159 0.337364 -0.644267 0.716463 0.267584 0.441146 0.691793 -0.571675 0.450535 0.690319 -0.566107 0.428256 -0.719104 0.547253 0.474726 -0.710768 0.519081 -0.107665 -0.693871 -0.712005 -0.0817081 -0.708291 -0.701176 0.792536 0.569723 0.217489 0.716577 0.633053 0.292849 -0.30264 0.718161 -0.626621 -0.3022 0.727428 -0.616055 -0.937721 0.0645614 0.341336 -0.932542 0.0797954 0.352133 -0.848127 0.506013 0.156942 -0.867524 0.495147 0.0472305 0.786128 -0.507795 -0.352345 0.770093 -0.36528 -0.522999 0.482121 -0.643009 -0.595062 0.567734 -0.600596 -0.562994 0.669693 0.701048 -0.245037 0.623945 0.686028 -0.374243 0.916008 0.122257 -0.382077 0.876925 0.223137 -0.42569 -0.500039 0.864475 -0.0514112 -0.490211 0.860256 -0.140189 0.188293 0.971643 -0.143023 0.0972343 0.964855 -0.244133 0.0503068 -0.802007 -0.595192 0.374653 -0.73669 -0.56296 -0.0424011 -0.90269 -0.428198 -0.0377227 -0.923825 -0.380952 -0.976902 0.213683 0.00128264 -0.971842 -0.230455 -0.0491292 -0.95999 1.22406e-08 -0.280033 -0.986294 -7.21224e-09 0.164997 0.93496 -0.0725759 -0.347249 0.833628 0.345106 -0.431237 0.815953 2.52703e-08 -0.578118 0.893944 1.95905e-08 -0.448178 0.153483 0.975454 -0.157899 -0.306571 0.908354 -0.284444 -0.01639 0.986069 -0.165529 -0.0272575 0.960976 -0.275285 -0.941311 -0.096863 0.323343 -0.878088 0.455063 0.147917 0.6477 -0.526438 -0.55077 0.286688 -0.681104 -0.673727 0.725834 0.578673 -0.371892 0.923118 -0.0421742 -0.382196 -0.461588 0.87283 -0.158442 0.265228 0.956325 -0.122867 0.849912 0.503756 0.154532 0.94376 0.045702 0.327458 0.948004 0.0230018 0.317425 0.885026 0.465025 0.0219454 -0.502815 -0.617933 -0.604431 -0.766401 -0.385685 -0.513689 -0.812083 -0.430455 -0.393992 -0.58481 -0.579625 -0.567478 -0.911509 0.132678 -0.389292 -0.633924 0.68083 -0.366893 -0.644707 0.717483 -0.263764 -0.837494 0.294885 -0.460051 -0.181464 0.972076 -0.14879 0.490793 0.859824 -0.1408 0.518598 0.852356 -0.0674152 -0.05158 0.960719 -0.272686 -0.0583204 -0.790497 -0.609683 0.0388947 -0.918806 -0.392787 0.0425146 -0.902139 -0.429345 -0.373739 -0.740763 -0.558202 0.971243 1.04073e-08 -0.238091 0.969529 -0.236093 -0.0653777 0.976704 0.214559 0.00371277 0.967919 -1.09831e-08 0.251264 -0.81207 2.55082e-08 -0.58356 -0.838048 0.34334 -0.424021 -0.931825 -0.0684341 -0.356397 -0.883971 2.04369e-08 -0.467542 0.0206213 0.977855 -0.208264 0.30433 0.911484 -0.276732 -0.153364 0.975425 -0.158196 0.0297395 0.953365 -0.300352 0.89151 0.436998 0.119337 0.946076 -0.11545 0.302673 -0.316517 -0.646457 -0.694198 -0.645451 -0.537254 -0.54291 -0.913317 -0.0184478 -0.406832 -0.727461 0.577805 -0.370057 -0.245268 0.958048 -0.14828 0.475313 0.861015 -0.180917 -0.583443 -3.55004e-08 0.812154 -0.087101 -4.35453e-08 0.996199 0.0729753 -4.35948e-08 0.997334 0.511652 -3.75565e-08 0.859193 -0.0644199 -0.997902 -0.00637904 0.0791455 -0.996832 -0.0078372 0.0553402 -0.998452 -0.00547995 -0.0453055 -0.998963 -0.00448629 0.307102 4.15991e-08 -0.951677 -0.334268 4.1197e-08 -0.942478 -0.0333088 4.36871e-08 -0.999445 0.0178965 4.37044e-08 -0.99984 -0.0908203 0.995827 -0.00899318 0.123342 0.992289 -0.0122136 0.0162968 0.999866 -0.0016137 0.0270921 0.999629 0.00268276 -0.99949 1.39598e-09 -0.0319363 -0.890816 -1.98609e-08 0.454365 -0.0802677 -0.912411 -0.401328 -0.061335 -0.949839 -0.306666 0.706204 3.0948e-08 -0.708008 0.658903 3.28809e-08 -0.752228 -0.0178862 0.995832 -0.0894349 -0.0611081 0.950212 -0.305553 0.0715565 -0.931063 -0.357772 0.0859951 -0.898741 -0.429964 0.899236 -1.91221e-08 0.437463 0.999451 1.44824e-09 -0.0331319 -0.630322 3.39346e-08 -0.776334 -0.679587 3.20665e-08 -0.733595 0.0473422 0.970424 -0.236721 0.0101777 0.998652 -0.0508905 -0.592998 -3.51966e-08 0.805204 -0.788797 -2.68674e-08 0.614654 -0.231529 -0.944875 -0.231529 -0.216067 -0.952171 -0.216067 -0.142462 -0.979494 -0.142462 -0.158389 -0.97459 -0.158389 -0.139438 -0.989838 -0.0278885 -0.102221 -0.994552 -0.0204448 0.567013 3.60055e-08 -0.823709 0.229311 4.25466e-08 -0.973353 -0.144686 0.978842 -0.144683 -0.132389 0.982317 -0.132385 -0.074508 0.994433 -0.0745063 -0.0869666 0.992408 -0.0869645 -0.240734 0.969396 -0.0481481 -0.0112588 0.999934 -0.00225178 0.16056 -0.973879 -0.16056 0.174528 -0.969061 -0.174528 0.238692 -0.941303 -0.238692 0.225111 -0.947972 -0.225111 0.0923975 -0.995551 -0.01848 0.138808 -0.98993 -0.0277625 0.816463 -2.52389e-08 0.577398 0.649936 -3.32202e-08 0.759989 -0.217757 4.26625e-08 -0.976003 -0.554383 3.63793e-08 -0.832262 0.0857876 0.992613 -0.0857856 0.0972679 0.990494 -0.0972657 0.150444 0.977105 -0.150441 0.139112 0.980457 -0.139108 -0.0262722 0.999641 0.00525464 0.182895 0.982452 -0.03658 0.615341 -0.555238 -0.559523 0.530602 -0.566711 -0.630317 0.187458 0.893674 -0.407684 -0.961985 -0.218428 -0.163936 -0.640214 0.75307 -0.151698 -0.640065 0.752902 -0.153149 -0.648761 0.758561 -0.0607846 -0.647606 0.761941 -0.00721248 -0.537177 -0.623161 -0.568429 -0.5399 -0.626395 -0.562261 -0.632199 -0.714943 -0.298631 -0.649023 -0.729878 -0.214587 0.618943 -0.726079 -0.29953 0.618051 -0.725072 -0.303781 0.516077 -0.686792 -0.511842 0.554105 -0.691173 -0.463947 0.635783 0.745841 -0.198749 0.635274 0.745221 -0.202665 0.522174 0.690983 -0.499876 0.566923 0.701547 -0.431775 0.238731 -0.555244 -0.796688 0.586595 0.499805 0.637261 0.620104 0.53297 0.575686 0.62975 0.542616 0.555862 -0.209087 -0.385339 -0.898775 -0.514313 -0.577385 -0.634121 -0.615017 -0.555516 -0.559603 0.346151 -0.730689 -0.588449 -0.263504 0.702924 -0.660654 -0.30526 0.74935 -0.587615 -0.354426 0.798517 -0.486571 0.742041 0.1411 -0.655336 0.794334 0.184908 -0.578656 0.861804 0.25238 -0.439997 0.644231 -0.71561 -0.269943 0.623407 -0.700252 -0.347866 0.515719 -0.597692 -0.613838 0.519657 -0.602362 -0.605902 0.640471 0.764952 0.0681542 0.648721 0.759419 -0.0494391 0.640981 0.753926 -0.144014 0.640737 0.753654 -0.146498 -0.534077 -0.672041 -0.512955 -0.499874 -0.672941 -0.545231 -0.619564 -0.72678 -0.296533 -0.61821 -0.725252 -0.303028 -0.555465 0.690572 -0.463215 -0.555563 0.718093 -0.419156 -0.637036 0.747371 -0.188737 -0.636304 0.746477 -0.194651 -0.196763 -0.571335 -0.796782 0.320627 -0.395294 -0.860779 -0.360754 0.750768 0.553357 -0.201455 0.787707 0.58218 0.188815 0.789305 0.584249 0.224624 0.77534 0.590248 -0.145752 -0.782202 0.605736 -0.075226 -0.797708 0.598334 0.0822223 -0.797495 0.597696 0.152632 -0.781809 0.604548 -0.00237992 -0.797431 -0.603405 -0.00610723 -0.781218 -0.624228 0.0110079 -0.780882 -0.624581 0.00699982 -0.797263 -0.603592 0.0945225 0.797025 -0.596504 0.109339 0.783646 -0.61151 -0.180172 0.779844 -0.599485 -0.11245 0.79612 -0.5946 -0.490942 -0.708408 0.507084 -0.441085 -0.717356 0.539301 0.0961213 -0.710741 -0.696856 0.125274 -0.697338 -0.705709 -0.647535 0.666309 0.369771 -0.627719 0.668343 0.399107 0.433993 0.718346 -0.543717 0.382018 0.718515 -0.581204 0.690439 -0.704457 0.16442 0.703349 -0.707193 0.0719622 -0.361557 -0.651192 -0.667252 -0.324236 -0.647877 -0.689294 0.70432 0.698192 0.128298 0.685349 0.71649 0.130148 -0.334531 0.637498 -0.694035 -0.376069 0.669258 -0.640832 -0.700284 -0.709077 0.0825348 -0.689565 -0.7048 0.166605 0.350224 -0.658949 -0.66568 0.382357 -0.661188 -0.645471 -0.597778 0.727161 0.337487 -0.644254 0.716471 0.267593 0.441099 0.691787 -0.57172 0.450485 0.690308 -0.566161 0.428165 -0.719122 0.5473 0.47472 -0.710775 0.519077 -0.107552 -0.693855 -0.712037 -0.0815703 -0.708274 -0.70121 0.79247 0.569784 0.217572 0.716534 0.633082 0.292893 -0.302606 0.718166 -0.626631 -0.30222 0.727435 -0.616037 -0.937768 0.0643912 0.341239 -0.93256 0.0797443 0.352096 -0.848146 0.505989 0.156916 -0.867571 0.495072 0.0471675 0.786118 -0.507821 -0.352329 0.77007 -0.36541 -0.522941 0.482086 -0.643051 -0.595045 0.567765 -0.60056 -0.563002 0.669718 0.701031 -0.245019 0.62394 0.686031 -0.374247 0.916037 0.122189 -0.38203 0.876914 0.223161 -0.425701 -0.499966 0.864522 -0.051347 -0.490191 0.860271 -0.140168 0.188255 0.971646 -0.143055 0.0972071 0.964853 -0.244151 0.0502908 -0.802029 -0.595164 0.374652 -0.736692 -0.562957 -0.0424026 -0.902682 -0.428213 -0.0377178 -0.923845 -0.380903 -0.976903 0.213678 0.00126973 -0.97183 -0.230487 -0.0492207 -0.959994 1.22401e-08 -0.280022 -0.986306 -7.20912e-09 0.164925 0.934969 -0.0725876 -0.347223 0.833647 0.345099 -0.431206 0.816016 2.52664e-08 -0.578029 0.893929 1.95918e-08 -0.448208 0.153485 0.975455 -0.157893 -0.306585 0.908334 -0.284492 -0.0163915 0.986066 -0.165545 -0.0272516 0.960993 -0.275226 -0.941292 -0.0967937 0.323419 -0.878083 0.455069 0.147927 0.647702 -0.526428 -0.550777 0.286723 -0.681065 -0.673751 0.725838 0.578671 -0.371887 0.923133 -0.0422123 -0.382156 -0.461593 0.872826 -0.158452 0.265224 0.956326 -0.122872 0.84992 0.503745 0.154521 0.943766 0.0456818 0.327443 0.948018 0.0229426 0.317389 0.885077 0.46493 0.0218681 -0.502845 -0.617895 -0.604444 -0.766406 -0.385664 -0.513698 -0.812091 -0.430429 -0.394004 -0.584754 -0.579696 -0.567464 -0.911498 0.132703 -0.389309 -0.633979 0.680801 -0.366852 -0.644765 0.717446 -0.263722 -0.837478 0.294912 -0.460063 -0.181517 0.972073 -0.148746 0.490779 0.859835 -0.140785 0.518555 0.852386 -0.0673766 -0.0515495 0.960716 -0.272705 -0.0583034 -0.790521 -0.609654 0.038885 -0.918848 -0.39269 0.0425119 -0.902153 -0.429317 -0.373739 -0.740765 -0.558199 0.971245 1.04069e-08 -0.238083 0.969529 -0.236093 -0.0653782 0.976703 0.214563 0.00372472 0.967912 -1.09843e-08 0.251291 -0.812124 2.5505e-08 -0.583485 -0.838071 0.343331 -0.423982 -0.931826 -0.0684357 -0.356394 -0.883974 2.04367e-08 -0.467537 0.0206242 0.977849 -0.208293 0.304325 0.911492 -0.27671 -0.15337 0.975426 -0.158182 0.0297412 0.953359 -0.300369 0.891505 0.437006 0.11935 0.946067 -0.11541 0.302718 -0.316492 -0.646486 -0.694182 -0.645453 -0.537243 -0.542919 -0.913312 -0.0184378 -0.406842 -0.727439 0.577816 -0.370081 -0.245269 0.958048 -0.148278 0.475345 0.860986 -0.18097 -0.583454 -3.55e-08 0.812146 -0.0871077 -4.35452e-08 0.996199 0.0729749 -4.35948e-08 0.997334 0.511669 -3.75561e-08 0.859183 -0.0644034 -0.997903 -0.00637741 0.0791743 -0.99683 -0.00784005 0.0553796 -0.99845 -0.00548385 -0.0452777 -0.998964 -0.00448354 0.307103 2.75582e-07 -0.951676 -0.334102 2.73915e-07 -0.942537 -0.0332969 2.98767e-07 -0.999445 0.0178551 2.98681e-07 -0.999841 -0.0908805 0.995821 -0.00899914 0.123284 0.992296 -0.0122078 0.0163091 0.999866 -0.00161492 0.0270271 0.999631 0.00267632 -0.999491 1.3951e-09 -0.0319162 -0.890804 -1.98619e-08 0.454388 -0.0802663 -0.912414 -0.401321 -0.0613072 -0.949885 -0.306528 0.706212 8.91951e-08 -0.708 0.65887 8.63606e-08 -0.752257 -0.0178842 0.995833 -0.0894247 -0.0610772 0.950264 -0.305399 0.0715242 -0.931128 -0.357611 0.0859903 -0.898753 -0.42994 0.899202 -1.91252e-08 0.437533 0.999451 1.44823e-09 -0.0331317 -0.630369 9.51913e-08 -0.776295 -0.679642 1.01748e-07 -0.733544 0.0473497 0.970414 -0.236758 0.0101899 0.998649 -0.0509513 -0.592995 -3.51967e-08 0.805206 -0.788755 -2.68697e-08 0.614708 -0.231498 -0.94489 -0.231498 -0.216061 -0.952174 -0.216061 -0.142577 -0.979461 -0.142577 -0.158478 -0.974561 -0.158478 -0.139413 -0.989842 -0.0278834 -0.102173 -0.994557 -0.0204353 0.567015 2.2989e-07 -0.823707 0.229329 3.20114e-07 -0.973349 -0.144686 0.978842 -0.144683 -0.132384 0.982319 -0.132381 -0.0744824 0.994437 -0.0744807 -0.0869456 0.992412 -0.0869435 -0.240852 0.969366 -0.0481716 -0.0113883 0.999933 -0.00227769 0.160689 -0.973837 -0.160689 0.17462 -0.969028 -0.17462 0.238618 -0.941341 -0.238618 0.225071 -0.94799 -0.225071 0.092483 -0.995542 -0.0184972 0.138873 -0.989921 -0.0277753 0.81644 -2.52403e-08 0.577431 0.649957 -3.32194e-08 0.759971 -0.217769 3.22167e-07 -0.976 -0.554339 2.3529e-07 -0.832291 0.0857128 0.992626 -0.0857108 0.0972142 0.990505 -0.0972119 0.150487 0.977092 -0.150484 0.139134 0.980451 -0.139131 -0.0262129 0.999643 0.00524277 0.182816 0.982467 -0.0365643 0.615425 -0.555166 -0.559502 0.530448 -0.566814 -0.630355 0.187407 0.893697 -0.407658 -0.961943 -0.218804 -0.163676 -0.640215 0.753067 -0.151705 -0.640066 0.7529 -0.153156 -0.648762 0.758557 -0.0608103 -0.647609 0.761939 -0.0072177 -0.537248 -0.62324 -0.568276 -0.539968 -0.626471 -0.562111 -0.632206 -0.714951 -0.298598 -0.649024 -0.729873 -0.214601 0.618935 -0.726068 -0.299576 0.618042 -0.72506 -0.303829 0.516013 -0.686736 -0.511981 0.554056 -0.691126 -0.464075 0.635785 0.745842 -0.19874 0.635276 0.745222 -0.202656 0.522212 0.691014 -0.499794 0.56694 0.701562 -0.43173 0.238826 -0.555206 -0.796686 0.587856 0.497784 0.63768 0.621482 0.531049 0.575974 0.631494 0.541061 0.555399 -0.209151 -0.385346 -0.898757 -0.514412 -0.577321 -0.634098 -0.614985 -0.555544 -0.55961 0.345895 -0.730812 -0.588447 -0.263566 0.702901 -0.660654 -0.30532 0.749324 -0.587617 -0.354477 0.798482 -0.486593 0.742034 0.141127 -0.655338 0.794326 0.184935 -0.578658 0.861792 0.252404 -0.440008 0.644246 -0.715642 -0.269821 0.623432 -0.700287 -0.347751 0.515739 -0.597712 -0.613803 0.519676 -0.602381 -0.605866 0.640473 0.764951 0.0681522 0.648722 0.75942 -0.0494082 0.640983 0.753925 -0.144007 0.64074 0.753654 -0.14649 -0.534104 -0.672066 -0.512894 -0.499918 -0.672977 -0.545146 -0.619561 -0.726774 -0.296552 -0.618208 -0.725247 -0.303044 -0.555464 0.690569 -0.463221 -0.555547 0.718079 -0.419202 -0.637039 0.747374 -0.188714 -0.636307 0.74648 -0.19463 -0.196612 -0.571389 -0.796779 0.320682 -0.395297 -0.860757 -0.360813 0.750752 0.55334 -0.201477 0.787703 0.582178 0.188793 0.789306 0.584254 0.224516 0.775351 0.590274 -0.145729 -0.782202 0.605742 -0.0752055 -0.797707 0.598337 0.0822021 -0.797495 0.5977 0.152555 -0.781812 0.604563 -0.00240991 -0.79743 -0.603407 -0.00618458 -0.781212 -0.624235 0.0110222 -0.780881 -0.624583 0.00701421 -0.797262 -0.603593 0.0945075 0.797024 -0.596507 0.109259 0.783646 -0.611524 -0.180094 0.779849 -0.599502 -0.112402 0.796121 -0.594607 -0.490983 -0.7084 0.507056 -0.441137 -0.717346 0.53927 0.0961466 -0.710745 -0.696849 0.125306 -0.697344 -0.705698 -0.647507 0.666319 0.369802 -0.627707 0.668347 0.39912 0.434063 0.718336 -0.543676 0.382047 0.718513 -0.581188 0.690501 -0.704431 0.164271 0.703386 -0.707168 0.07184 -0.361582 -0.651203 -0.667227 -0.324262 -0.647887 -0.689272 0.704315 0.698194 0.128316 0.685329 0.716497 0.130214 -0.334737 0.637604 -0.693838 -0.376233 0.66932 -0.640671 -0.700286 -0.709075 0.0825373 -0.689557 -0.704802 0.166629 0.350189 -0.658933 -0.665715 0.382298 -0.66116 -0.645536 -0.597841 0.727164 0.33737 -0.644265 0.716468 0.267575 0.441138 0.691798 -0.571676 0.450527 0.690323 -0.566108 0.428275 -0.719107 0.547235 0.474771 -0.710766 0.519041 -0.10763 -0.69387 -0.712011 -0.0816501 -0.708287 -0.701187 0.792557 0.569707 0.217453 0.716634 0.633024 0.292774 -0.302636 0.718166 -0.626617 -0.302198 0.727433 -0.616049 -0.937752 0.0644501 0.341274 -0.932548 0.079777 0.352121 -0.848121 0.506021 0.156949 -0.867529 0.49514 0.0472239 0.786124 -0.507805 -0.352339 0.770073 -0.365393 -0.522949 0.482092 -0.643043 -0.595048 0.567857 -0.600449 -0.563027 0.669741 0.701015 -0.245 0.623955 0.686023 -0.374236 0.916025 0.122216 -0.38205 0.876897 0.223194 -0.425718 -0.4999 0.864563 -0.0512918 -0.490149 0.860302 -0.140124 0.188296 0.971643 -0.14302 0.0972354 0.964855 -0.244132 0.0502912 -0.802028 -0.595165 0.374658 -0.736673 -0.562978 -0.0424031 -0.90268 -0.428219 -0.0377217 -0.923829 -0.380942 -0.976899 0.213698 0.00132573 -0.971829 -0.230489 -0.0492292 -0.959992 1.22404e-08 -0.280029 -0.986304 -7.20957e-09 0.164936 0.93496 -0.0725735 -0.347251 0.833654 0.345097 -0.431195 0.815938 2.52712e-08 -0.578139 0.89391 1.95935e-08 -0.448246 0.153473 0.975451 -0.157926 -0.306583 0.908338 -0.284481 -0.0163874 0.986073 -0.165504 -0.0272575 0.960976 -0.275285 -0.941291 -0.0967881 0.323425 -0.878085 0.455066 0.147923 0.647708 -0.526401 -0.550797 0.286711 -0.681078 -0.673743 0.725824 0.578678 -0.371903 0.923123 -0.0421846 -0.382184 -0.461594 0.872825 -0.158452 0.265257 0.956322 -0.12283 0.849892 0.503781 0.154559 0.943762 0.0456946 0.327454 0.948008 0.0229841 0.317415 0.885102 0.464885 0.02183 -0.502841 -0.617899 -0.604443 -0.766388 -0.385751 -0.513658 -0.812069 -0.430504 -0.393967 -0.584676 -0.579794 -0.567444 -0.911521 0.13265 -0.389273 -0.634009 0.680785 -0.36683 -0.644772 0.717442 -0.263716 -0.837436 0.294981 -0.460095 -0.181531 0.972072 -0.148733 0.490728 0.859872 -0.140732 0.518505 0.85242 -0.067334 -0.0514572 0.960705 -0.272761 -0.0582907 -0.790539 -0.609631 0.0388899 -0.918827 -0.39274 0.0425111 -0.902157 -0.429309 -0.373735 -0.740787 -0.558172 0.971244 1.04071e-08 -0.238087 0.96953 -0.236089 -0.0653678 0.976704 0.21456 0.00371753 0.96791 -1.09845e-08 0.251297 -0.812057 2.5509e-08 -0.583579 -0.838066 0.343334 -0.423991 -0.931833 -0.0684432 -0.356374 -0.883964 2.04375e-08 -0.467555 0.0206276 0.977842 -0.208327 0.30434 0.911473 -0.276758 -0.15335 0.975421 -0.158234 0.0297349 0.953379 -0.300306 0.891482 0.437039 0.119402 0.946074 -0.115438 0.302686 -0.316497 -0.64648 -0.694185 -0.645455 -0.537235 -0.542924 -0.913319 -0.0184516 -0.406827 -0.727428 0.577822 -0.370094 -0.245273 0.958048 -0.148273 0.475349 0.860982 -0.180978 -0.583461 -3.54998e-08 0.812141 -0.0871208 -4.35452e-08 0.996198 0.0729989 -4.35948e-08 0.997332 0.511675 -3.75559e-08 0.859179 -0.0643307 -0.997908 -0.00637021 0.0792109 -0.996827 -0.00784368 0.0553752 -0.99845 -0.00548342 -0.0452512 -0.998965 -0.00448092 0.307109 4.1599e-08 -0.951674 -0.334213 4.11979e-08 -0.942498 -0.0333053 4.36871e-08 -0.999445 0.0178694 4.37044e-08 -0.99984 -0.0909079 0.995819 -0.00900185 0.123333 0.99229 -0.0122127 0.0163289 0.999865 -0.00161688 0.0271062 0.999629 0.00268416 -0.999492 1.39377e-09 -0.0318858 -0.890787 -1.98634e-08 0.454421 -0.0802744 -0.912395 -0.401361 -0.0613291 -0.949848 -0.306637 0.70618 3.09491e-08 -0.708033 0.658809 3.28845e-08 -0.752311 -0.017878 0.995836 -0.0893937 -0.06111 0.950209 -0.305563 0.071536 -0.931104 -0.35767 0.0859799 -0.898779 -0.429888 0.899239 -1.91219e-08 0.437457 0.999451 1.44865e-09 -0.0331412 -0.630291 3.39357e-08 -0.776359 -0.679576 3.20669e-08 -0.733605 0.0473338 0.970434 -0.236679 0.0102135 0.998643 -0.0510693 -0.592996 -3.51967e-08 0.805206 -0.788742 -2.68705e-08 0.614725 -0.23161 -0.944835 -0.23161 -0.216138 -0.952139 -0.216138 -0.142479 -0.979489 -0.142479 -0.158418 -0.974581 -0.158418 -0.139244 -0.989866 -0.0278495 -0.102094 -0.994565 -0.0204193 0.567032 3.60049e-08 -0.823696 0.229351 4.25462e-08 -0.973344 -0.144618 0.978863 -0.144614 -0.132324 0.982335 -0.132321 -0.0744613 0.99444 -0.0744596 -0.0869159 0.992417 -0.0869139 -0.240957 0.969338 -0.0481927 -0.0112867 0.999934 -0.00225735 0.160624 -0.973858 -0.160624 0.174567 -0.969047 -0.174567 0.238619 -0.941341 -0.238619 0.225061 -0.947995 -0.225061 0.0924556 -0.995545 -0.0184917 0.138925 -0.989913 -0.0277859 0.816481 -2.52377e-08 0.577372 0.649979 -3.32186e-08 0.759952 -0.217736 4.26627e-08 -0.976008 -0.554362 3.63799e-08 -0.832276 0.0858115 0.992609 -0.0858095 0.0972835 0.990491 -0.0972812 0.150421 0.977112 -0.150418 0.139097 0.980462 -0.139094 -0.0261846 0.999643 0.00523711 0.182901 0.982451 -0.0365811 0.615588 -0.555026 -0.559463 0.530424 -0.566829 -0.630361 0.187437 0.893683 -0.407673 -0.961957 -0.218677 -0.163765 -0.640219 0.753061 -0.15172 -0.64007 0.752894 -0.153171 -0.648768 0.758553 -0.0608121 -0.647611 0.761937 -0.0071795 -0.537296 -0.62329 -0.568175 -0.540013 -0.626517 -0.562017 -0.632195 -0.71492 -0.298695 -0.649024 -0.729854 -0.214666 0.618941 -0.726063 -0.299573 0.618049 -0.725056 -0.303825 0.516014 -0.686728 -0.511991 0.554064 -0.691123 -0.464071 0.635792 0.745838 -0.198734 0.635283 0.745217 -0.20265 0.522176 0.690974 -0.499887 0.566932 0.701544 -0.43177 0.238815 -0.555211 -0.796686 0.587679 0.498068 0.637622 0.621289 0.531319 0.575934 0.631249 0.541279 0.555465 -0.209195 -0.385353 -0.898744 -0.514414 -0.577319 -0.634098 -0.61486 -0.555652 -0.559642 0.345369 -0.731063 -0.588445 -0.263422 0.702954 -0.660655 -0.305179 0.749385 -0.587612 -0.354358 0.798565 -0.486542 0.742074 0.140978 -0.655326 0.794372 0.184788 -0.578642 0.86186 0.252278 -0.439948 0.644239 -0.715608 -0.26993 0.623416 -0.70025 -0.347854 0.515784 -0.597757 -0.613721 0.519718 -0.602423 -0.605789 0.640482 0.764946 0.0681225 0.648728 0.759416 -0.0494016 0.640986 0.753918 -0.144028 0.640743 0.753647 -0.146509 -0.534037 -0.671991 -0.513061 -0.499818 -0.672882 -0.545355 -0.619576 -0.726779 -0.296509 -0.618221 -0.72525 -0.30301 -0.555509 0.690603 -0.463118 -0.555634 0.718138 -0.418985 -0.637047 0.74737 -0.188706 -0.636315 0.746477 -0.194617 -0.196631 -0.571383 -0.79678 0.320806 -0.395308 -0.860706 -0.360852 0.750739 0.553333 -0.20149 0.787697 0.582181 0.188802 0.789301 0.584258 0.224591 0.775338 0.590262 -0.145706 -0.782199 0.605751 -0.0751883 -0.797703 0.598344 0.0822054 -0.79749 0.597705 0.152578 -0.781807 0.604564 -0.00238276 -0.797426 -0.603413 -0.00614571 -0.78121 -0.624238 0.0110468 -0.780874 -0.624591 0.00703543 -0.797256 -0.6036 0.0945423 0.797018 -0.596509 0.10936 0.783639 -0.611515 -0.18013 0.779842 -0.5995 -0.112432 0.796115 -0.594609 -0.49092 -0.708405 0.507109 -0.441081 -0.71735 0.539311 0.0961935 -0.710746 -0.69684 0.125335 -0.697343 -0.705694 -0.647488 0.666323 0.369828 -0.627707 0.668343 0.399126 0.434071 0.71833 -0.543677 0.382089 0.718506 -0.581169 0.690481 -0.704436 0.164333 0.703386 -0.707167 0.071858 -0.361616 -0.651212 -0.6672 -0.324225 -0.647864 -0.689312 0.704378 0.69816 0.128161 0.685409 0.716462 0.12999 -0.334461 0.637453 -0.69411 -0.376034 0.669237 -0.640875 -0.700284 -0.709074 0.0825578 -0.689539 -0.704806 0.166687 0.350153 -0.658911 -0.665755 0.382263 -0.661136 -0.645581 -0.597809 0.727156 0.337444 -0.644218 0.71647 0.267681 0.441101 0.691779 -0.571726 0.450478 0.690297 -0.56618 0.428208 -0.719111 0.547282 0.4747 -0.710771 0.519099 -0.107648 -0.693868 -0.712011 -0.0816793 -0.708286 -0.701184 0.792483 0.56977 0.217563 0.71652 0.633086 0.292919 -0.302552 0.718157 -0.626668 -0.302171 0.727428 -0.616068 0.0353878 0.998821 0.0332326 0.0927501 0.991718 0.0888354 0.0809999 0.994171 0.0711563 0.0348804 0.98223 -0.184412 0.0326099 0.979817 -0.197221 0.0036235 0.922589 -0.385768 0.0963573 0.992861 -0.0703071 0.0840782 0.994176 -0.0674187 0.0424671 0.998937 -0.0179393 -0.0256053 0.935884 0.351377 -0.0127042 0.981788 0.189554 -0.0626449 0.986945 0.148377 -0.0993981 0.953677 0.283937 -0.0349094 0.99882 0.0337621 -0.0796168 0.994161 0.0728311 -0.0928671 0.991718 0.0887183 -0.0329037 0.982706 -0.182226 -0.0043031 0.922344 -0.386346 -0.0295845 0.980572 -0.193918 -0.0951686 0.992882 -0.07161 -0.0417237 0.998954 -0.0187196 -0.0830463 0.994196 -0.0683928 0.0245231 0.935552 0.352337 0.0970613 0.953261 0.286132 0.0623316 0.986092 0.154067 0.0145469 0.980203 0.19746 0.0829469 0.994412 -0.0653084 0.0972865 0.99168 -0.0842929 0.0389682 0.998856 -0.0277034 -0.0390152 0.998856 -0.0276539 -0.098044 0.99167 -0.0835336 -0.0832042 0.994409 -0.0650234 0.0148655 0.999794 0.0138121 0.0154634 0.999755 0.0158107 0.0182206 0.99973 0.0144419 0.0155666 0.999845 0.00821662 -0.00722679 0.999973 0.000934909 -0.0066341 0.999964 0.0052583 -0.0090267 0.999896 0.0112295 -0.00806734 0.999928 0.008836 -0.00161785 0.999997 -0.00158332 0.00299304 0.999986 0.00445054 -0.00104275 1 0.000185878 -0.00403428 0.999988 -0.00282391 -0.00326225 0.999992 0.00234134 -0.00686776 0.999966 0.00452532 0.00715778 0.99995 -0.0070052 0.000589483 0.999999 -0.000860897 -0.00235418 0.999995 0.00214082 -0.00212253 0.999995 0.00229306 0.00373093 0.999987 -0.00352177 -0.00173622 0.999998 0.000750966 0.00820651 0.999913 0.0103586 0.00749816 0.999932 0.00895979 0.0173036 0.999729 0.0155412 0.012711 0.999805 0.0151298 -0.0006352 -1 0.000646936 -0.000619345 -1 0.000630799 -0.000412961 -1 0.000420735 -0.000428816 -1 0.000436872 0.0264669 0.999287 -0.0269335 0.0313328 0.999 -0.0318851 0.142987 0.97897 -0.145507 0.138216 0.980364 -0.140652 0.000158518 -1 0.0001613 0.000158518 -1 0.0001613 0.000158518 -1 0.0001613 0.000158518 -1 0.0001613 0.00897325 0.999921 -0.00875728 0.00944537 0.999912 -0.00936451 0.000818697 0.999999 -0.000818645 0.000857051 0.999999 -0.000856999 -0.00249248 0.999988 -0.00410468 -0.0026265 0.999991 -0.00325809 0.00221605 0.999995 0.00221609 0.00263707 0.999993 0.00263712 1 3.64036e-11 -0.000832818 0.999999 4.35403e-11 -0.000996086 0.0123203 4.37081e-08 -0.999924 0.0122985 4.37081e-08 -0.999924 0.143568 0.979171 0.143568 0.138732 0.980565 0.138732 0.0244071 0.999404 0.0244071 0.0293395 0.999139 0.0293395 -0.650971 0.657825 0.378818 -0.591774 0.667113 0.452509 -0.426836 0.664555 0.613334 -0.498015 0.66993 0.550613 -0.523824 0.757716 -0.389197 -0.468311 0.760937 -0.449065 -0.321705 0.747722 -0.580876 -0.384082 0.756771 -0.528942 0.839861 0.513883 -0.174809 0.601414 0.776919 -0.186271 0.779882 0.324836 -0.535038 0.937488 0.300498 -0.175545 0.573917 0.761488 -0.301255 0.553722 0.765976 -0.326608 0.51326 0.772295 -0.374332 0.534575 0.769387 -0.349675 0.820747 0.531727 0.208904 0.613402 0.719493 0.32568 0.828428 0.332265 0.450896 0.942916 0.301695 0.141034 0.601519 0.753613 0.265033 0.579952 0.759832 0.293788 0.537793 0.768706 0.346222 0.560733 0.764383 0.318273 -0.155786 0.984146 -0.0847787 -0.0870136 0.996092 -0.0151406 0.0217747 0.995371 0.0936016 -0.0480595 0.998556 0.0239934 -0.0343385 0.995062 0.0931241 0.0272355 0.999132 0.0315259 0.12639 0.989605 -0.0686157 0.0652978 0.997843 -0.00677566 0.00126876 -0.999998 0.00129179 0.00128459 -0.999998 0.00130791 0.00149071 -0.999998 0.0015177 0.00147488 -0.999998 0.00150159 -0.14123 0.979489 -0.143719 -0.136533 0.980844 -0.138939 -0.0265824 0.99928 -0.027051 -0.0313696 0.998998 -0.0319226 0.000158319 -1 -0.000161186 0.000158319 -1 -0.000161186 0.000158319 -1 -0.000161186 0.000158319 -1 -0.000161186 0.00195454 0.999998 -4.75984e-05 0.00219889 0.999997 0.000232313 -9.65692e-05 1 -9.65245e-05 -0.000105522 1 -0.000105477 -0.000230269 1 -0.000230223 -0.000188158 1 -0.000188112 -0.999999 4.67097e-11 -0.00106859 -1 3.75474e-11 -0.000858985 -0.0122722 4.37081e-08 -0.999925 -0.012338 4.37081e-08 -0.999924 -0.0241862 0.999415 0.0241863 -0.029199 0.999147 0.0291991 -0.145285 0.978665 0.145285 -0.140372 0.980098 0.140372 0.409079 0.662359 0.627643 0.477105 0.668951 0.569978 0.632312 0.661507 0.403224 0.575022 0.668579 0.471543 0.342601 0.751272 -0.564106 0.40916 0.75904 -0.506405 0.536717 0.756178 -0.374338 0.477172 0.760769 -0.439928 -0.512596 0.826736 -0.231846 -0.821172 0.534041 -0.201187 -0.953355 0.273682 -0.127323 -0.809577 0.310967 -0.49788 -0.510814 0.772572 -0.377097 -0.537041 0.768991 -0.346755 -0.583573 0.758996 -0.288735 -0.559002 0.764894 -0.320084 -0.681555 0.684253 0.259386 -0.838136 0.513692 0.183436 -0.927659 0.325249 0.183473 -0.802575 0.347287 0.485041 -0.541755 0.768041 0.341489 -0.559878 0.764565 0.319338 -0.593374 0.756107 0.276059 -0.57615 0.760803 0.298714 -0.03432 0.99377 0.106032 0.0317965 0.998683 0.0402664 0.135476 0.988703 -0.0641385 0.0700383 0.997542 0.00194025 -0.111554 0.992314 -0.0535564 -0.0492807 0.998741 0.00936307 0.0478279 0.993155 0.106559 -0.0148197 0.998922 0.0439826 -0.00254048 0.999993 0.00254053 -0.00298119 0.999991 0.00298123 0.000481713 1 -0.000481664 0.000514593 1 -0.000514544 -0.000149138 0.999997 -0.00236333 -0.00045071 0.999998 -0.0020175 0.00150843 0.999999 -0.000445638 0.00148046 0.999999 -0.000366261 -0.0107838 0.999847 0.0137791 -0.0117075 0.999851 0.0127211 0.003282 0.999985 -0.00429445 0.00345445 0.999985 -0.00424829 0.00118181 0.999993 -0.00357038 0.00131604 0.999993 -0.00352935 -0.000145835 1 -0.000734606 -9.29283e-05 1 -0.00089779 -0.0065276 0.999961 -0.00595686 -0.00592302 0.999968 -0.00543057 0.172791 -0.47587 -0.862375 0.174046 -0.475099 -0.862548 0.174795 -0.474638 -0.86265 0.173539 -0.475411 -0.862478 -0.173689 0.478786 -0.860579 -0.172321 0.479626 -0.860386 -0.171508 0.480124 -0.860271 -0.172877 0.479285 -0.860465 -0.169195 -0.478073 -0.86187 -0.174404 -0.474879 -0.862597 -0.177487 -0.472978 -0.863012 -0.172313 -0.476163 -0.862309 0.173084 0.479158 -0.860494 0.172757 0.479358 -0.860448 0.172564 0.479477 -0.86042 0.172891 0.479277 -0.860467 0.799991 -0.598426 0.0436058 0.799978 -0.598441 0.0436404 0.79997 -0.59845 0.0436608 0.799983 -0.598435 0.0436265 0.0907303 -0.613746 -0.784273 0.0907321 -0.613747 -0.784272 0.0907333 -0.613747 -0.784272 0.0907314 -0.613746 -0.784272 -0.00685121 -0.573479 0.819192 -0.00665851 -0.573388 0.819257 -0.00654377 -0.573333 0.819296 -0.00673628 -0.573425 0.819231 -0.792223 -0.60717 -0.061062 -0.792223 -0.607169 -0.0610621 -0.792223 -0.60717 -0.061062 -0.792222 -0.607169 -0.0610621 0.903352 -0.167252 -0.394946 0.992605 0.120089 0.0176931 0.163822 0.724594 0.669422 0.965285 0.0749234 -0.250221 -0.191548 0.824185 0.532943 -0.281432 0.854594 0.436424 -0.276199 0.853215 0.442424 0.192091 0.823808 0.53333 0.256405 0.847005 0.46566 0.260496 0.848239 0.46112 -0.404841 0.617232 0.674633 -0.866136 -0.176033 -0.467784 -0.866136 -0.176033 -0.467784 -0.915397 -0.171739 -0.364079 0.0135325 0.999823 0.0130524 0.00830614 0.999884 0.0127925 -9.83665e-05 1 -9.83241e-05 0.0131071 0.999889 0.00713364 0.00730889 0.999854 -0.0154395 0.0113402 0.999871 -0.0113403 0.0101025 0.999871 -0.0124824 0.00850018 0.999863 -0.0141799 0.0160583 0.99971 -0.0179669 0.00704541 0.999937 -0.00870537 -0.0260038 0.999324 0.0260042 0.00828141 0.999939 -0.00733912 0.0130529 0.999825 0.0133972 0.0093441 0.99989 0.0115455 -0.000110258 1 -0.000110216 0.0114808 0.999893 0.00905316 0.0101785 0.999869 0.0125764 0.0113308 0.999872 0.011331 0.0100951 0.999871 0.0124735 0.010041 0.99987 0.0126207 0.0101887 0.999869 -0.012589 0.0113418 0.999871 -0.0113419 0.0101043 0.999871 -0.0124849 0.0100506 0.99987 -0.0126328 0.0986033 0.993824 0.0508963 0.0892093 0.99501 0.0446824 0.0113875 0.999846 -0.0133557 0.0113675 0.999847 -0.0133322 -0.00179829 0.999998 0.000744925 -0.182409 0.96663 -0.179872 0.2653 0.717873 0.643642 0.265247 0.71786 0.643678 0.265122 0.717829 0.643764 0.265176 0.717842 0.643727 -0.30786 0.770642 -0.557973 -0.06123 0.948414 -0.311066 -0.204562 0.203118 -0.957548 -0.167037 0.33371 -0.927759 -0.295977 0.767006 -0.569297 -0.295965 0.767004 -0.569306 -0.266756 0.798432 -0.539766 -0.25409 0.811191 -0.526695 -0.650266 0.759697 0.00379221 -0.650527 0.759471 0.00424609 -0.680262 0.732544 -0.0249667 -0.69136 0.721532 -0.0375841 -0.369443 0.449099 -0.813525 -0.225693 0.708317 -0.668842 -0.00529485 0.999814 -0.018534 -0.00512577 0.999819 -0.0183351 -0.00804569 0.999907 -0.0109747 -0.00526458 0.999899 -0.0131794 0.179011 0.966984 -0.181375 0.143062 0.978966 -0.145458 -0.000740445 0.999998 -0.00178757 -0.00178546 0.999998 -0.000739525 -0.264803 0.71775 0.643984 -0.264843 0.71776 0.643956 -0.264936 0.717783 0.643892 -0.264897 0.717773 0.643919 0.0612438 0.948422 -0.311039 0.307898 0.770667 -0.557917 0.16655 0.333414 -0.927953 0.204531 0.203106 -0.957557 0.248521 0.81002 -0.531135 0.261188 0.797282 -0.544172 0.290353 0.765897 -0.57367 0.290338 0.765894 -0.573681 0.753684 0.650051 0.0969259 0.743311 0.660225 0.107663 0.716625 0.684442 0.13412 0.716766 0.684232 0.134439 0.225906 0.708494 -0.668582 0.369703 0.449236 -0.813331 0.00185897 0.596326 0.80274 0.00185043 0.630912 0.775852 0.00185108 0.630532 0.776161 0.00185955 0.596067 0.802932 -0.011141 0.9999 -0.00867808 -0.0080836 0.999907 -0.0110169 -0.0109294 0.999858 -0.0128323 -0.0109279 0.999858 -0.0128305 0.0048682 0.999907 -0.0127412 0.00662443 0.999906 -0.011961 0.00514188 0.999818 -0.0183541 0.00497434 0.999823 -0.018157 0.0113836 0.999846 -0.0133511 0.0113493 0.999847 -0.0133109 0.00937231 0.999905 -0.0100658 0.010242 0.999902 -0.00950228 0.00854815 0.999908 -0.0105621 0.00932336 0.999906 -0.0100079 0.00838187 0.999909 -0.0105353 0.00847538 0.999909 -0.0104722 -0.00869325 0.999905 -0.0107412 -0.0078688 0.999905 -0.0113353 -0.0088733 0.999898 -0.011153 -0.00896788 0.999898 -0.0110806 -0.00901853 0.999897 -0.0111432 -0.00893408 0.999897 -0.0112294 -0.0894654 0.994993 0.0445507 -0.098656 0.993809 0.0510849 -0.00783935 0.999905 -0.0113005 -0.00735513 0.999904 -0.0117427 0.00845985 0.99991 -0.0104529 0.00836848 0.99991 -0.0105185 0.00652644 0.999908 -0.0118451 0.00847252 0.999909 -0.0104685 </float_array>
          <technique_common>
            <accessor count="4563" offset="0" source="#meshId0-bitangents-array" stride="3">
              <param name="X" type="float" />
              <param name="Y" type="float" />
              <param name="Z" type="float" />
            </accessor>
          </technique_common>
        </source>
        <source id="meshId0-tex0" name="meshId0-tex0">
          <float_array id="meshId0-tex0-array" count="9126"> 0.473956 0.0575814 0.488634 0.057617 0.488643 0.0459185 0.473975 0.0458906 0.439184 0.568637 0.43918 0.588791 0.311161 0.588737 0.311163 0.568629 0.890714 0.0141035 0.890709 0.0258235 0.764058 0.0257948 0.76406 0.0140993 0.027773 0.296526 0.0277676 0.287288 0.149907 0.287315 0.149908 0.297486 0.0286968 0.297449 0.0138636 0.51104 0.0231622 0.511019 0.0231842 0.524353 0.0138892 0.524369 0.432367 0.796092 0.311155 0.796092 0.311155 0.774807 0.432367 0.774805 0.170002 0.730735 0.282996 0.730735 0.282996 0.737811 0.170002 0.737811 0.0138955 0.545773 0.0231966 0.545764 0.0232017 0.55468 0.0138991 0.554688 0.834662 0.46518 0.955768 0.46518 0.955767 0.474037 0.834662 0.474037 0.466786 0.0134723 0.59342 0.0134681 0.593423 0.0251617 0.466791 0.0251904 0.149901 0.304566 0.0237123 0.302454 0.321124 0.297504 0.321131 0.304583 0.149939 0.0204872 0.028731 0.0204758 0.0237445 0.0154712 0.149933 0.0134089 0.0277834 0.145213 0.0277791 0.162551 0.0228955 0.160266 0.0228878 0.142593 0.593376 0.0330965 0.472174 0.0310693 0.467239 0.025965 0.593427 0.0260213 0.479394 0.0633161 0.488634 0.0633148 0.488633 0.0584909 0.474392 0.0583304 0.885326 0.0317034 0.764105 0.0337309 0.764053 0.0266547 0.890261 0.0265981 0.377079 0.923434 0.270188 0.923297 0.270449 0.874701 0.377166 0.874844 0.00764985 0.315038 0.0224422 0.314943 0.0224752 0.335176 0.00775738 0.335202 0.83026 0.237596 0.963791 0.237596 0.963791 0.257702 0.83026 0.257702 0.611673 0.0848337 0.611689 0.10479 0.594351 0.104814 0.594314 0.0848337 0.611877 0.225423 0.594535 0.225433 0.594535 0.172401 0.611877 0.172392 0.633497 0.057601 0.633495 0.0459056 0.615814 0.0459094 0.615815 0.0576049 0.149922 0.145231 0.14992 0.162571 0.165855 0.457501 0.148414 0.45757 0.148172 0.404236 0.165612 0.404165 0.166089 0.524192 0.166069 0.54561 0.148636 0.545617 0.148629 0.524218 0.0227987 0.301517 0.0229436 0.287299 0.630602 0.0633138 0.633208 0.0584205 0.615553 0.0584346 0.613272 0.0633137 0.165332 0.314917 0.165332 0.335153 0.1479 0.335161 0.147894 0.314922 0.0228221 0.0164094 0.0278076 0.021399 0.731096 0.0848337 0.731096 0.104781 0.465207 0.105138 0.465207 0.0848337 0.736606 0.225364 0.736606 0.172339 0.470729 0.291792 0.470729 0.278537 0.594535 0.278463 0.594535 0.291718 0.759754 0.0575605 0.759751 0.045865 0.630612 0.924172 0.524872 0.924182 0.524872 0.876624 0.630612 0.876617 0.399986 0.983653 0.399986 0.971854 0.505769 0.971854 0.505769 0.983652 0.290618 0.524505 0.290577 0.545918 0.148638 0.554531 0.754318 0.0633138 0.759319 0.0583133 0.295324 0.315063 0.295271 0.335223 0.611806 0.115119 0.612077 0.112874 0.735006 0.112866 0.73429 0.11519 0.595065 0.11288 0.594554 0.115132 0.469691 0.115222 0.470959 0.112992 0.837656 0.265823 0.958576 0.265815 0.959725 0.268118 0.836095 0.267995 0.164658 0.344596 0.289569 0.344735 0.290609 0.347358 0.16509 0.346978 0.147528 0.344601 0.147782 0.347004 0.0244373 0.344613 0.0231188 0.347045 0.0122223 0.347281 0.012508 0.344734 0.309547 0.596756 0.431785 0.596615 0.43333 0.598562 0.310534 0.598359 0.611693 0.106501 0.731836 0.106496 0.612077 0.112874 0.611866 0.109052 0.732087 0.109045 0.735006 0.112866 0.735578 0.117363 0.736606 0.119317 0.611877 0.119359 0.611704 0.117389 0.594352 0.106525 0.594666 0.109049 0.595065 0.11288 0.594535 0.119367 0.594361 0.117397 0.465963 0.106851 0.470959 0.112992 0.467518 0.10893 0.470729 0.119451 0.469701 0.117491 0.963425 0.259564 0.831326 0.259594 0.832972 0.26151 0.962103 0.261793 0.958576 0.265815 0.837656 0.265823 0.95721 0.271737 0.837048 0.271719 0.835974 0.269851 0.958255 0.269851 0.165332 0.335153 0.295271 0.335223 0.294491 0.337133 0.165352 0.337149 0.165241 0.33938 0.293296 0.339312 0.289569 0.344735 0.164658 0.344596 0.289964 0.351139 0.165377 0.35083 0.165345 0.348841 0.290635 0.349112 0.1479 0.335161 0.147903 0.337161 0.147832 0.339385 0.147528 0.344601 0.147937 0.350898 0.147929 0.348889 0.0224752 0.335176 0.0224548 0.33716 0.0227885 0.339384 0.0244373 0.344613 0.0224974 0.350986 0.0225202 0.348961 0.00853293 0.337123 0.00775738 0.335202 0.012508 0.344734 0.00962456 0.339313 0.0131464 0.351033 0.0124487 0.349022 0.311161 0.588737 0.43918 0.588791 0.438112 0.590775 0.311163 0.590748 0.310785 0.593015 0.436459 0.592768 0.431785 0.596615 0.309547 0.596756 0.432374 0.602419 0.311161 0.602464 0.311163 0.600439 0.433444 0.600472 0.139945 0.602464 0.139946 0.600439 0.73429 0.11519 0.611806 0.115119 0.594554 0.115132 0.469691 0.115222 0.959725 0.268118 0.836095 0.267995 0.290609 0.347358 0.290635 0.349112 0.165345 0.348841 0.16509 0.346978 0.147929 0.348889 0.147782 0.347004 0.0225202 0.348961 0.0231188 0.347045 0.0124487 0.349022 0.0122223 0.347281 0.764577 0.0251614 0.764579 0.0134678 0.978043 0.862148 0.806879 0.861873 0.806907 0.844535 0.978071 0.84481 0.624678 0.604766 0.465916 0.604766 0.466281 0.602887 0.624313 0.602887 0.592874 0.0140992 0.592876 0.0257947 0.321161 0.0134274 0.321152 0.0205057 0.811562 0.205145 0.968734 0.206136 0.968615 0.21805 0.811561 0.217061 0.630883 0.61632 0.459719 0.61632 0.46075 0.614442 0.629849 0.614442 0.140332 0.593015 0.139954 0.590748 0.221847 0.975142 0.0631263 0.975142 0.0631232 0.961466 0.22185 0.961466 0.139957 0.588737 0.139955 0.568629 0.321141 0.162589 0.321128 0.287333 0.141567 0.596756 0.292008 0.457666 0.287819 0.45679 0.287095 0.406363 0.291285 0.404822 0.171187 0.519551 0.286462 0.519824 0.290818 0.52388 0.166052 0.510851 0.171137 0.506916 0.165377 0.35083 0.289964 0.351139 0.290109 0.351818 0.28576 0.355861 0.170489 0.355456 0.0282497 0.507087 0.028275 0.51971 0.0224974 0.350986 0.147937 0.350898 0.142854 0.355547 0.0276056 0.35561 0.143313 0.45652 0.143084 0.406037 0.143526 0.519596 0.633803 0.986666 0.633627 0.986679 0.633627 0.974386 0.633803 0.974282 0.521941 0.986689 0.633627 0.986679 0.633803 0.986666 0.521673 0.986664 0.521941 0.924893 0.521673 0.924845 0.521673 0.875402 0.521941 0.875375 0.633627 0.825924 0.521941 0.825929 0.521673 0.825945 0.633803 0.825941 0.39698 0.925035 0.396815 0.924985 0.396815 0.87553 0.39698 0.875504 0.508707 0.826054 0.39698 0.826054 0.396815 0.826054 0.508913 0.826054 0.508913 0.986833 0.508707 0.986852 0.508707 0.97456 0.508913 0.974455 0.39698 0.986852 0.508707 0.986852 0.508913 0.986833 0.396815 0.986833 0.630612 0.983483 0.630612 0.971686 0.63113 0.97185 0.63113 0.983809 0.631648 0.984357 0.631648 0.972365 0.633627 0.974386 0.633627 0.986679 0.636316 0.925399 0.634399 0.924839 0.634399 0.875308 0.636316 0.87433 0.524872 0.983487 0.630612 0.983483 0.63113 0.983809 0.524567 0.983806 0.524134 0.984347 0.521941 0.986689 0.636316 0.989392 0.51925 0.989392 0.521242 0.986884 0.634399 0.986878 0.524872 0.924182 0.524313 0.924214 0.524339 0.876538 0.524872 0.876624 0.524134 0.876301 0.524134 0.924349 0.521941 0.924893 0.521941 0.875375 0.51925 0.976626 0.521242 0.974443 0.630612 0.829116 0.524872 0.82912 0.524409 0.828799 0.63113 0.828794 0.631648 0.828249 0.524134 0.828255 0.521941 0.825929 0.633627 0.825924 0.51925 0.823259 0.636316 0.823259 0.634399 0.825728 0.521242 0.825735 0.399986 0.924325 0.399466 0.924358 0.399466 0.876669 0.399986 0.876755 0.398945 0.876432 0.398945 0.924493 0.39698 0.925035 0.39698 0.875504 0.396309 0.987053 0.394298 0.989657 0.394298 0.976752 0.396309 0.974592 0.505769 0.8293 0.399986 0.8293 0.399466 0.828978 0.506293 0.828978 0.506777 0.828433 0.398945 0.828433 0.39698 0.826054 0.508707 0.826054 0.394298 0.82344 0.511328 0.82344 0.509406 0.825913 0.396309 0.825913 0.505769 0.983652 0.505769 0.971854 0.506293 0.972012 0.506293 0.983973 0.506777 0.984518 0.506777 0.972525 0.508707 0.97456 0.508707 0.986852 0.511328 0.92556 0.509406 0.924999 0.509406 0.875449 0.511328 0.874471 0.399986 0.983653 0.505769 0.983652 0.506293 0.983973 0.399466 0.983973 0.398945 0.984519 0.39698 0.986852 0.511328 0.989657 0.509406 0.987053 0.634399 0.924839 0.633803 0.924827 0.633803 0.87539 0.634399 0.875308 0.524567 0.983806 0.633803 0.986666 0.634399 0.986878 0.521242 0.986884 0.521673 0.986664 0.521673 0.986664 0.521242 0.986884 0.521242 0.974443 0.521673 0.974303 0.63113 0.828794 0.524409 0.828799 0.521673 0.825945 0.521242 0.825735 0.634399 0.825728 0.633803 0.825941 0.396815 0.986833 0.396309 0.987053 0.396309 0.974592 0.396815 0.974455 0.506293 0.828978 0.399466 0.828978 0.396815 0.826054 0.396309 0.825913 0.509406 0.825913 0.508913 0.826054 0.509406 0.924999 0.508913 0.924985 0.508913 0.87553 0.509406 0.875449 0.399466 0.983973 0.508913 0.986833 0.509406 0.987053 0.396309 0.987053 0.396815 0.986833 0.488604 0.0458927 0.488594 0.0576028 0.473902 0.0575666 0.473921 0.0458642 0.0119385 0.588791 0.0119339 0.568637 0.466225 0.0258233 0.466219 0.0141033 0.442336 0.297493 0.443268 0.287333 0.44326 0.296571 0.607407 0.525286 0.607405 0.511986 0.616683 0.511979 0.616684 0.525286 0.139941 0.774806 0.139941 0.796091 0.0187288 0.796091 0.0187293 0.774803 0.170002 0.737811 0.170002 0.730735 0.282996 0.730735 0.282996 0.737811 0.607399 0.555539 0.607401 0.546644 0.616682 0.546647 0.61668 0.555542 0.660978 0.546057 0.660978 0.537195 0.782153 0.537195 0.782153 0.546057 0.891213 0.0134719 0.891208 0.0251899 0.447319 0.3025 0.447348 0.0155171 0.44236 0.0205203 0.44328 0.145258 0.448176 0.142639 0.448164 0.160312 0.443281 0.162596 0.764624 0.033096 0.764572 0.0260211 0.89076 0.0259644 0.885826 0.0310686 0.479345 0.0633074 0.474338 0.0583167 0.488593 0.0584775 0.488593 0.0633065 0.471607 0.0317028 0.466672 0.0265977 0.592881 0.0266545 0.592829 0.0337306 0.765842 0.923526 0.659081 0.923526 0.659079 0.874934 0.765843 0.874934 0.607056 0.336517 0.607087 0.316328 0.621848 0.31642 0.621743 0.33654 0.655332 0.32957 0.655332 0.309452 0.788939 0.309452 0.788939 0.32957 0.594597 0.104807 0.611935 0.104784 0.611919 0.0848337 0.59456 0.0848337 0.594535 0.225426 0.611877 0.225416 0.611877 0.172385 0.594535 0.172394 0.321142 0.145249 0.615899 0.0458849 0.633597 0.0458813 0.633599 0.0575882 0.615899 0.0575917 0.482112 0.458608 0.464709 0.45864 0.464598 0.405421 0.482001 0.405387 0.482236 0.546505 0.46484 0.546522 0.46481 0.525162 0.482232 0.525141 0.448093 0.287345 0.448233 0.301564 0.615637 0.0584221 0.63331 0.0584085 0.630701 0.0633065 0.613354 0.0633059 0.481904 0.336508 0.464511 0.336503 0.464509 0.31631 0.481909 0.316313 0.443283 0.0214438 0.44827 0.0164554 0.731096 0.104774 0.731096 0.0848337 0.465208 0.0848337 0.465209 0.105131 0.736606 0.225356 0.736606 0.172331 0.594535 0.278457 0.470729 0.278531 0.470729 0.291786 0.594535 0.291711 0.807107 0.719833 0.978272 0.720109 0.759976 0.0458413 0.759979 0.0575482 0.630612 0.924172 0.524872 0.924182 0.524872 0.876624 0.630612 0.876616 0.399986 0.971998 0.505769 0.972006 0.505769 0.983804 0.399986 0.9838 0.340603 0.546846 0.340553 0.525479 0.482239 0.555401 0.759544 0.0583014 0.754537 0.0633066 0.334854 0.336577 0.3348 0.316461 0.62838 0.612376 0.462218 0.612376 0.461065 0.610222 0.62953 0.610222 0.612052 0.115112 0.734536 0.115183 0.735252 0.112859 0.612323 0.112867 0.595311 0.112873 0.5948 0.115125 0.469937 0.115216 0.471205 0.112986 0.659396 0.339993 0.660547 0.337689 0.781536 0.337697 0.783097 0.33987 0.339512 0.348693 0.340545 0.346072 0.465184 0.345935 0.464757 0.348326 0.482278 0.345921 0.482027 0.348307 0.6051 0.345938 0.606419 0.348372 0.617293 0.348578 0.617002 0.346044 0.0177823 0.598562 0.0193291 0.596615 0.141567 0.596756 0.140579 0.598359 0.611939 0.106494 0.732082 0.106489 0.612323 0.112867 0.735252 0.112859 0.732333 0.109038 0.612112 0.109045 0.735824 0.117356 0.61195 0.117382 0.611877 0.119352 0.736606 0.11931 0.594598 0.106518 0.594912 0.109043 0.595311 0.112873 0.594607 0.117391 0.594535 0.119361 0.466209 0.106844 0.471205 0.112986 0.467764 0.108923 0.469947 0.117485 0.470729 0.119445 0.655697 0.331433 0.787872 0.331464 0.660547 0.337689 0.657019 0.333663 0.786224 0.33338 0.781536 0.337697 0.783216 0.341727 0.78215 0.343606 0.661898 0.343606 0.660866 0.341727 0.335634 0.338482 0.334854 0.336577 0.464511 0.336503 0.464491 0.338495 0.340545 0.346072 0.336827 0.340658 0.464602 0.340723 0.465184 0.345935 0.464507 0.3502 0.46448 0.352199 0.340165 0.35247 0.33949 0.350446 0.481904 0.336508 0.481902 0.338504 0.481973 0.340722 0.482278 0.345921 0.481885 0.350175 0.481884 0.352167 0.607056 0.336517 0.607077 0.338497 0.606745 0.340717 0.6051 0.345938 0.607021 0.350291 0.607051 0.35232 0.62097 0.338458 0.621743 0.33654 0.617002 0.346044 0.619881 0.340642 0.617072 0.350308 0.616383 0.352307 0.0130053 0.590775 0.0119385 0.588791 0.139957 0.588737 0.0193291 0.596615 0.0146571 0.592768 0.0187324 0.602418 0.0176653 0.600472 0.734536 0.115183 0.612052 0.115112 0.5948 0.115125 0.469937 0.115216 0.659396 0.339993 0.783097 0.33987 0.339512 0.348693 0.464757 0.348326 0.464507 0.3502 0.33949 0.350446 0.482027 0.348307 0.481885 0.350175 0.606419 0.348372 0.607021 0.350291 0.617293 0.348578 0.617072 0.350308 0.626001 0.606955 0.62953 0.610222 0.461065 0.610222 0.464594 0.606955 0.626001 0.606955 0.464594 0.606955 0.977844 0.985927 0.80668 0.985652 0.62838 0.612376 0.462218 0.612376 0.311155 0.804956 0.139941 0.804956 0.630884 0.722358 0.459721 0.722358 0.45972 0.669339 0.630884 0.669339 0.624312 0.58277 0.466281 0.58277 0.343354 0.407558 0.343232 0.45788 0.33906 0.458793 0.339159 0.406056 0.340352 0.524853 0.344703 0.520812 0.459717 0.520547 0.459711 0.507955 0.464801 0.51186 0.34437 0.357174 0.340019 0.353153 0.340165 0.35247 0.46448 0.352199 0.459392 0.356835 0.602321 0.520662 0.602319 0.508077 0.607051 0.35232 0.60197 0.356954 0.486971 0.356787 0.481884 0.352167 0.48709 0.407156 0.487195 0.457531 0.487317 0.520512 0.521673 0.986663 0.521673 0.974303 0.521941 0.974408 0.521941 0.986688 0.521673 0.986663 0.521941 0.986688 0.633627 0.986679 0.633803 0.986665 0.633803 0.924827 0.633627 0.924879 0.633627 0.875365 0.633803 0.87539 0.633803 0.825941 0.633627 0.825924 0.521941 0.825929 0.521673 0.825945 0.508913 0.925133 0.508707 0.925181 0.508707 0.875639 0.508913 0.875665 0.508913 0.826174 0.508707 0.826174 0.39698 0.826174 0.396815 0.826174 0.396815 0.986984 0.396815 0.974594 0.39698 0.974699 0.39698 0.986998 0.396815 0.986984 0.39698 0.986998 0.508707 0.987007 0.508913 0.986982 0.524134 0.971853 0.524872 0.971694 0.524872 0.983487 0.524134 0.983806 0.521941 0.974408 0.523863 0.972363 0.523863 0.984347 0.521941 0.986688 0.521242 0.875322 0.521242 0.924861 0.51925 0.925423 0.51925 0.874345 0.524134 0.983806 0.524872 0.983487 0.630612 0.983483 0.63113 0.983809 0.631648 0.984356 0.633627 0.986679 0.634399 0.986878 0.636316 0.989392 0.51925 0.989392 0.521242 0.986884 0.63113 0.924205 0.630612 0.924172 0.630612 0.876616 0.63113 0.876531 0.633627 0.924879 0.631648 0.924339 0.631648 0.876293 0.633627 0.875365 0.634399 0.974409 0.636316 0.976537 0.63113 0.828794 0.630612 0.829116 0.524872 0.82912 0.524134 0.828799 0.633627 0.825924 0.631648 0.828249 0.523863 0.828255 0.521941 0.825929 0.521242 0.825735 0.51925 0.823259 0.636316 0.823259 0.634399 0.825727 0.506293 0.924502 0.505769 0.92447 0.505769 0.876889 0.506293 0.876803 0.508707 0.925181 0.506777 0.924636 0.506777 0.876566 0.508707 0.875639 0.509406 0.987203 0.509406 0.974756 0.511328 0.97694 0.511328 0.989657 0.506293 0.828978 0.505769 0.8293 0.399986 0.8293 0.399466 0.828978 0.508707 0.826174 0.506777 0.828433 0.398945 0.828433 0.39698 0.826174 0.396309 0.825913 0.394298 0.82344 0.511328 0.82344 0.509406 0.825913 0.399466 0.972162 0.399986 0.971998 0.399986 0.9838 0.399466 0.984126 0.39698 0.974699 0.398945 0.972677 0.398945 0.984674 0.39698 0.986998 0.396309 0.875571 0.396309 0.925127 0.394298 0.925688 0.394298 0.874593 0.399466 0.984126 0.399986 0.9838 0.505769 0.983804 0.506293 0.984124 0.506777 0.984665 0.508707 0.987007 0.394298 0.989657 0.396309 0.987197 0.521673 0.924845 0.521242 0.924861 0.521242 0.875322 0.521673 0.875402 0.63113 0.983809 0.521673 0.986663 0.633803 0.986665 0.634399 0.986878 0.521242 0.986884 0.633803 0.986665 0.633803 0.974281 0.634399 0.974409 0.634399 0.986878 0.63113 0.828794 0.524134 0.828799 0.633803 0.825941 0.521673 0.825945 0.521242 0.825735 0.634399 0.825727 0.508913 0.986982 0.508913 0.974616 0.509406 0.974756 0.509406 0.987203 0.506293 0.828978 0.399466 0.828978 0.508913 0.826174 0.396815 0.826174 0.396309 0.825913 0.509406 0.825913 0.396815 0.925115 0.396309 0.925127 0.396309 0.875571 0.396815 0.875654 0.506293 0.984124 0.396815 0.986984 0.508913 0.986982 0.509406 0.987203 0.396309 0.987197 0.311158 0.708525 0.305003 0.707104 0.305004 0.657861 0.31116 0.655492 0.146097 0.768652 0.305 0.768652 0.139942 0.761553 0.146097 0.756345 0.139945 0.602464 0.311161 0.602464 0.305005 0.608617 0.146101 0.608617 0.432393 0.708297 0.427137 0.707084 0.427139 0.657833 0.432433 0.655797 0.317311 0.768652 0.427135 0.768649 0.432638 0.774152 0.311156 0.761554 0.317311 0.756346 0.432374 0.602419 0.432644 0.603074 0.427141 0.608591 0.317316 0.608605 0.0185113 0.760947 0.0239618 0.756335 0.0239614 0.768647 0.0184588 0.77415 0.0187324 0.602418 0.133789 0.608604 0.0239644 0.60859 0.018462 0.603073 0.139944 0.708524 0.133788 0.707103 0.133789 0.657858 0.139944 0.655492 0.133786 0.76865 0.379007 0.986031 0.379226 0.986343 0.380027 0.974075 0.380811 0.973626 0.268477 0.986228 0.379226 0.986343 0.379007 0.986031 0.26864 0.985903 0.265673 0.923853 0.264727 0.923683 0.266003 0.873828 0.266676 0.873647 0.379348 0.823743 0.268611 0.82368 0.268818 0.824006 0.379133 0.824056 0.970536 0.220269 0.97087 0.220601 0.972547 0.208489 0.973672 0.208037 0.809321 0.219592 0.97087 0.220601 0.970536 0.220269 0.809675 0.219273 0.806838 0.157263 0.805687 0.157068 0.807193 0.107247 0.808344 0.107058 0.971839 0.0581476 0.810205 0.0571132 0.810634 0.05744 0.971424 0.0584814 0.655027 0.924048 0.654217 0.923869 0.654226 0.874001 0.655036 0.873839 0.767832 0.823879 0.657089 0.823879 0.657303 0.824203 0.767618 0.824203 0.767643 0.986103 0.767803 0.98643 0.769366 0.974233 0.77009 0.973795 0.657117 0.98643 0.767803 0.98643 0.767643 0.986103 0.657278 0.986103 0.376954 0.983716 0.376933 0.983787 0.376813 0.97184 0.376944 0.971719 0.377797 0.984422 0.378299 0.972141 0.380027 0.974075 0.379226 0.986343 0.385375 0.924069 0.383816 0.923724 0.383357 0.873697 0.384847 0.873033 0.270393 0.983668 0.376933 0.983787 0.376954 0.983716 0.270493 0.983578 0.26978 0.984287 0.377797 0.984422 0.379226 0.986343 0.268477 0.986228 0.380506 0.988056 0.267145 0.987958 0.268156 0.986336 0.379466 0.986452 0.270188 0.923297 0.2696 0.923255 0.270094 0.874747 0.270449 0.874701 0.268511 0.874539 0.267784 0.923351 0.265673 0.923853 0.266676 0.873647 0.268156 0.986336 0.267145 0.987958 0.263579 0.975407 0.264832 0.973926 0.377189 0.826303 0.27065 0.826174 0.27072 0.826267 0.377163 0.826369 0.377933 0.825665 0.27 0.825587 0.268611 0.82368 0.379348 0.823743 0.267247 0.822118 0.380698 0.822162 0.37957 0.823687 0.268377 0.823642 0.968503 0.217974 0.968615 0.21805 0.968734 0.206136 0.969071 0.205991 0.969063 0.218572 0.970331 0.206385 0.972547 0.208489 0.97087 0.220601 0.978228 0.158511 0.976399 0.158141 0.976323 0.108108 0.978124 0.107407 0.811561 0.217061 0.968615 0.21805 0.968503 0.217974 0.811687 0.216986 0.811134 0.217579 0.969063 0.218572 0.97087 0.220601 0.809321 0.219592 0.972059 0.222375 0.808135 0.221371 0.80945 0.219618 0.970771 0.220606 0.811745 0.156743 0.811052 0.156686 0.811969 0.1082 0.812293 0.108158 0.810703 0.10801 0.809417 0.156759 0.806838 0.157263 0.808344 0.107058 0.80945 0.219618 0.808135 0.221371 0.804157 0.20892 0.805671 0.207322 0.969654 0.0606166 0.812596 0.0596392 0.81268 0.0597011 0.969482 0.0606942 0.969981 0.0601196 0.812099 0.0591097 0.810205 0.0571132 0.971839 0.0581476 0.809017 0.0555145 0.973063 0.0565763 0.971607 0.0581945 0.810463 0.0571441 0.659081 0.923526 0.658652 0.923469 0.658648 0.87496 0.659079 0.874934 0.656987 0.874739 0.656991 0.923555 0.655027 0.924048 0.655036 0.873839 0.656801 0.986531 0.655787 0.98815 0.652279 0.975578 0.653543 0.974107 0.765728 0.826403 0.659193 0.826403 0.65924 0.826483 0.765682 0.826483 0.766432 0.825792 0.658489 0.825792 0.657089 0.823879 0.767832 0.823879 0.655739 0.822313 0.769182 0.822313 0.768058 0.823839 0.656863 0.823839 0.765689 0.983786 0.765728 0.983873 0.765785 0.971936 0.7661 0.971816 0.76646 0.984492 0.767631 0.97226 0.769366 0.974233 0.767803 0.98643 0.773667 0.924193 0.772146 0.923862 0.772136 0.873828 0.773635 0.873164 0.659193 0.983873 0.765728 0.983873 0.765689 0.983786 0.659232 0.983786 0.658461 0.984492 0.76646 0.984492 0.767803 0.98643 0.657117 0.98643 0.769134 0.98815 0.655787 0.98815 0.656801 0.986531 0.76812 0.986531 0.378299 0.972141 0.377797 0.984422 0.383816 0.923724 0.382296 0.923731 0.381937 0.873871 0.383357 0.873697 0.26978 0.984287 0.270493 0.983578 0.376954 0.983716 0.377797 0.984422 0.379007 0.986031 0.379466 0.986452 0.268156 0.986336 0.26864 0.985903 0.267784 0.923351 0.268511 0.874539 0.26864 0.985903 0.268156 0.986336 0.264832 0.973926 0.26612 0.973605 0.377933 0.825665 0.377163 0.826369 0.27072 0.826267 0.27 0.825587 0.268818 0.824006 0.268377 0.823642 0.37957 0.823687 0.379133 0.824056 0.968503 0.217974 0.969071 0.205991 0.970331 0.206385 0.969063 0.218572 0.976399 0.158141 0.975153 0.158126 0.97509 0.108279 0.976323 0.108108 0.811134 0.217579 0.811687 0.216986 0.968503 0.217974 0.969063 0.218572 0.970536 0.220269 0.970771 0.220606 0.80945 0.219618 0.809675 0.219273 0.811052 0.156686 0.809417 0.156759 0.810703 0.10801 0.811969 0.1082 0.809675 0.219273 0.80945 0.219618 0.805671 0.207322 0.806738 0.206985 0.969981 0.0601196 0.969482 0.0606942 0.81268 0.0597011 0.812099 0.0591097 0.810634 0.05744 0.810463 0.0571441 0.971607 0.0581945 0.971424 0.0584814 0.656991 0.923555 0.656987 0.874739 0.657278 0.986103 0.656801 0.986531 0.653543 0.974107 0.654832 0.973795 0.766432 0.825792 0.765682 0.826483 0.65924 0.826483 0.658489 0.825792 0.657303 0.824203 0.656863 0.823839 0.768058 0.823839 0.767618 0.824203 0.765689 0.983786 0.767631 0.97226 0.76646 0.984492 0.772146 0.923862 0.770707 0.923869 0.770698 0.874001 0.772136 0.873828 0.658461 0.984492 0.659232 0.983786 0.765689 0.983786 0.76646 0.984492 0.767643 0.986103 0.76812 0.986531 0.656801 0.986531 0.657278 0.986103 0.432367 0.804956 0.282996 0.753139 0.170002 0.753139 0.166061 0.554526 0.290562 0.554836 0.221851 0.976177 0.0631223 0.976177 0.0187286 0.804956 0.282996 0.753139 0.170002 0.753139 0.464853 0.555418 0.340622 0.555745 0.0134486 0.404391 0.0227468 0.404336 0.0229964 0.457677 0.0136978 0.457718 0.113983 0.889659 0.225045 0.889659 0.224871 0.936862 0.114156 0.936862 0.376933 0.983787 0.270393 0.983668 0.27028 0.971727 0.376813 0.97184 0.611877 0.291708 0.611877 0.278453 0.14861 0.510895 0.736606 0.291646 0.736606 0.278391 0.470729 0.172478 0.470729 0.225507 0.630612 0.983483 0.524872 0.983487 0.524872 0.971694 0.630612 0.971686 0.399986 0.876755 0.505769 0.876754 0.505769 0.924325 0.399986 0.924325 0.812293 0.108158 0.969545 0.10915 0.969251 0.157752 0.811745 0.156743 0.291023 0.51063 0.286751 0.507172 0.170716 0.405928 0.170946 0.456413 0.0278512 0.406093 0.028088 0.456585 0.143504 0.506987 0.633627 0.875365 0.633627 0.924879 0.521941 0.974409 0.521941 0.986689 0.39698 0.97456 0.39698 0.986852 0.508707 0.875504 0.508707 0.925034 0.630612 0.876617 0.63113 0.876531 0.63113 0.924205 0.630612 0.924172 0.631648 0.876293 0.633627 0.875365 0.633627 0.924879 0.631648 0.924339 0.636316 0.976537 0.634399 0.974409 0.524872 0.983487 0.524296 0.971853 0.524872 0.971694 0.521941 0.974409 0.524134 0.972363 0.51925 0.925423 0.51925 0.874345 0.521242 0.875322 0.521242 0.924861 0.399986 0.983653 0.399466 0.972013 0.399986 0.971854 0.39698 0.97456 0.398945 0.972525 0.394298 0.925561 0.394298 0.874471 0.396309 0.87545 0.396309 0.925 0.505769 0.876754 0.506293 0.876668 0.506293 0.924358 0.505769 0.924325 0.506777 0.876431 0.508707 0.875504 0.508707 0.925034 0.506777 0.924492 0.511328 0.976751 0.509406 0.974591 0.634399 0.974409 0.634399 0.986878 0.521242 0.875322 0.521242 0.924861 0.396309 0.87545 0.396309 0.925 0.509406 0.974591 0.509406 0.987053 0.607215 0.40555 0.616493 0.405546 0.616615 0.45876 0.607336 0.458771 0.170283 0.632741 0.282638 0.632741 0.282638 0.673988 0.170283 0.673988 0.765728 0.983873 0.659193 0.983873 0.659137 0.971936 0.765785 0.971936 0.611877 0.291701 0.611877 0.278446 0.482206 0.511835 0.736606 0.291638 0.736606 0.278383 0.470729 0.172472 0.470729 0.225501 0.630612 0.983483 0.524872 0.983487 0.524872 0.971694 0.630612 0.971686 0.399986 0.876881 0.505769 0.876889 0.505769 0.92447 0.399986 0.92446 0.630885 0.788629 0.459722 0.788629 0.459722 0.775377 0.630885 0.775377 0.340187 0.511631 0.344459 0.508188 0.459518 0.40721 0.459622 0.457583 0.602135 0.407337 0.602249 0.457712 0.487284 0.507914 0.521941 0.875375 0.521941 0.924892 0.633627 0.986679 0.633627 0.974386 0.508707 0.987007 0.508707 0.974722 0.39698 0.875629 0.39698 0.925168 0.524134 0.876538 0.524872 0.876624 0.524872 0.924182 0.524134 0.924214 0.521941 0.924892 0.521941 0.875375 0.523863 0.876301 0.523863 0.924348 0.51925 0.976626 0.521242 0.974443 0.63113 0.97185 0.630612 0.983483 0.630612 0.971686 0.633627 0.974386 0.631648 0.972365 0.634399 0.875308 0.636316 0.87433 0.636316 0.925399 0.634399 0.924838 0.506293 0.972165 0.505769 0.983804 0.505769 0.972006 0.508707 0.974722 0.506777 0.972675 0.509406 0.875586 0.511328 0.874608 0.511328 0.925712 0.509406 0.925149 0.399466 0.876795 0.399986 0.876881 0.399986 0.92446 0.399466 0.924493 0.39698 0.925168 0.39698 0.875629 0.398945 0.876558 0.398945 0.924627 0.394298 0.976851 0.396309 0.974722 0.521242 0.986884 0.521242 0.974443 0.634399 0.875308 0.634399 0.924838 0.509406 0.875586 0.509406 0.925149 0.396309 0.987197 0.396309 0.974722 0.305001 0.756346 0.1461 0.65786 0.146099 0.707103 0.432586 0.76095 0.427135 0.756338 0.317315 0.657859 0.317313 0.707104 0.0187074 0.708294 0.0186703 0.655795 0.0239639 0.657831 0.0239632 0.707081 0.133787 0.756344 0.381143 0.873712 0.381937 0.873871 0.382296 0.923731 0.381407 0.923921 0.266847 0.97404 0.268477 0.986228 0.26864 0.985903 0.26612 0.973605 0.973967 0.108083 0.97509 0.108279 0.975153 0.158126 0.974023 0.158318 0.807774 0.207456 0.809321 0.219592 0.809675 0.219273 0.806738 0.206985 0.655556 0.974233 0.657117 0.98643 0.657278 0.986103 0.654832 0.973795 0.769887 0.873839 0.770698 0.874001 0.770707 0.923869 0.769897 0.924048 0.377166 0.874844 0.377574 0.874851 0.377605 0.923359 0.377079 0.923434 0.379212 0.87462 0.381143 0.873712 0.381407 0.923921 0.379359 0.923434 0.383494 0.975378 0.380506 0.988056 0.379466 0.986452 0.382171 0.973923 0.27028 0.971727 0.270393 0.983668 0.270493 0.983578 0.270017 0.971606 0.26978 0.984287 0.268477 0.986228 0.266847 0.97404 0.268541 0.972056 0.263293 0.872994 0.264711 0.873665 0.263145 0.923681 0.26155 0.92401 0.969545 0.10915 0.970059 0.109191 0.969901 0.157684 0.969251 0.157752 0.971516 0.109012 0.973967 0.108083 0.974023 0.158318 0.971492 0.157771 0.976379 0.210003 0.972059 0.222375 0.970771 0.220606 0.974827 0.208395 0.811562 0.205145 0.811561 0.217061 0.811687 0.216986 0.811228 0.204996 0.811134 0.217579 0.809321 0.219592 0.807774 0.207456 0.809965 0.205378 0.804138 0.106343 0.80594 0.107066 0.804415 0.157072 0.802564 0.157405 0.659137 0.971936 0.659193 0.983873 0.659232 0.983786 0.658822 0.971816 0.658461 0.984492 0.657117 0.98643 0.655556 0.974233 0.657292 0.97226 0.651289 0.873165 0.652789 0.873828 0.652778 0.923862 0.651257 0.924193 0.765843 0.874934 0.766275 0.87496 0.766271 0.923469 0.765842 0.923526 0.767936 0.874739 0.769887 0.873839 0.769897 0.924048 0.767932 0.923555 0.772643 0.975578 0.769134 0.98815 0.76812 0.986531 0.771379 0.974107 0.379212 0.87462 0.379359 0.923434 0.382171 0.973923 0.379466 0.986452 0.379007 0.986031 0.380811 0.973626 0.270493 0.983578 0.26978 0.984287 0.268541 0.972056 0.270017 0.971606 0.264711 0.873665 0.266003 0.873828 0.264727 0.923683 0.263145 0.923681 0.970059 0.109191 0.971516 0.109012 0.971492 0.157771 0.969901 0.157684 0.974827 0.208395 0.970771 0.220606 0.970536 0.220269 0.973672 0.208037 0.811687 0.216986 0.811134 0.217579 0.809965 0.205378 0.811228 0.204996 0.80594 0.107066 0.807193 0.107247 0.805687 0.157068 0.804415 0.157072 0.659232 0.983786 0.658461 0.984492 0.657292 0.97226 0.658822 0.971816 0.652789 0.873828 0.654226 0.874001 0.654217 0.923869 0.652778 0.923862 0.767936 0.874739 0.767932 0.923555 0.771379 0.974107 0.76812 0.986531 0.767643 0.986103 0.77009 0.973795 0.05506 0.984375 0.0549397 0.975226 0.0611699 0.975237 0.061379 0.978095 0.0550485 0.954351 0.055714 0.954064 0.0613333 0.959674 0.229259 0.954064 0.22364 0.959674 0.229925 0.954351 0.230033 0.975226 0.223803 0.975237 0.229913 0.984375 0.223594 0.978095 0.061379 0.978095 0.0611699 0.975237 0.0631263 0.975142 0.0631223 0.976177 0.0613333 0.959674 0.0631232 0.961466 0.0613333 0.959674 0.22364 0.959674 0.22185 0.961466 0.0631232 0.961466 0.22364 0.959674 0.223803 0.975237 0.221847 0.975142 0.22185 0.961466 0.223594 0.978095 0.221851 0.976177 0.223594 0.978095 0.061379 0.978095 0.0631223 0.976177 0.221851 0.976177 0.834392 0.464527 0.834663 0.443913 0.836815 0.443913 0.836815 0.462105 0.834393 0.431322 0.836816 0.433745 0.834664 0.43067 0.954846 0.43067 0.955116 0.431322 0.952693 0.433745 0.954845 0.443913 0.952693 0.443913 0.955768 0.444835 0.952692 0.462105 0.782423 0.503315 0.782153 0.515915 0.779999 0.515915 0.779999 0.50574 0.782423 0.536542 0.779999 0.534118 0.664055 0.534118 0.660978 0.516838 0.661901 0.515915 0.664055 0.515915 0.661631 0.503315 0.664055 0.50574 0.661901 0.502662 0.782153 0.502662 0.166282 0.756968 0.166282 0.73774 0.170002 0.737811 0.170002 0.753139 0.166282 0.72683 0.170002 0.730735 0.166282 0.72683 0.287086 0.72683 0.282996 0.730735 0.170002 0.730735 0.287086 0.72683 0.287086 0.73774 0.282996 0.737811 0.282996 0.730735 0.287086 0.756968 0.282996 0.753139 0.287086 0.756968 0.166282 0.756968 0.170002 0.753139 0.282996 0.753139 0.287086 0.72683 0.287086 0.73774 0.282996 0.737811 0.282996 0.730735 0.287086 0.756968 0.282996 0.753139 0.287086 0.756968 0.166282 0.756968 0.170002 0.753139 0.282996 0.753139 0.166282 0.756968 0.166282 0.73774 0.170002 0.737811 0.170002 0.753139 0.166282 0.72683 0.170002 0.730735 0.166282 0.72683 0.287086 0.72683 0.282996 0.730735 0.170002 0.730735 0.376963 0.947642 0.270185 0.947524 0.27065 0.826174 0.377189 0.826303 0.611877 0.251938 0.594535 0.251948 0.594535 0.119367 0.611877 0.119359 0.165962 0.484175 0.148521 0.484233 0.736606 0.251877 0.736606 0.119317 0.630612 0.947932 0.524872 0.947943 0.524872 0.82912 0.630612 0.829116 0.291762 0.484131 0.287544 0.481962 0.143416 0.481756 0.521941 0.949653 0.521673 0.949576 0.521673 0.825945 0.521941 0.825929 0.39698 0.949802 0.396815 0.949722 0.396815 0.826054 0.39698 0.826054 0.636316 0.950958 0.634399 0.949621 0.524872 0.947943 0.524299 0.948033 0.524872 0.82912 0.524134 0.94836 0.521941 0.949653 0.399986 0.948094 0.399466 0.948184 0.399986 0.8293 0.398945 0.948512 0.39698 0.949802 0.511328 0.951135 0.509406 0.949795 0.634399 0.949621 0.633803 0.949554 0.633803 0.825941 0.634399 0.825728 0.509406 0.949795 0.508913 0.949721 0.508913 0.826054 0.509406 0.825913 0.76584 0.947742 0.659082 0.947742 0.659193 0.826403 0.765728 0.826403 0.594535 0.251941 0.611877 0.251931 0.611877 0.119352 0.594535 0.119361 0.482162 0.485221 0.464759 0.48525 0.736606 0.251869 0.736606 0.11931 0.630612 0.947932 0.524872 0.947943 0.524872 0.82912 0.630612 0.829116 0.630884 0.748868 0.459722 0.748868 0.34371 0.483015 0.339509 0.485192 0.487243 0.482723 0.633803 0.949554 0.633627 0.949637 0.633627 0.825924 0.633803 0.825941 0.508913 0.949877 0.508707 0.949954 0.508707 0.826174 0.508913 0.826174 0.521242 0.949654 0.51925 0.950997 0.63113 0.948025 0.630612 0.947932 0.630612 0.829116 0.633627 0.949637 0.631648 0.948351 0.506293 0.948333 0.505769 0.948243 0.505769 0.8293 0.508707 0.949954 0.506777 0.948661 0.396309 0.949921 0.394298 0.95126 0.521673 0.949576 0.521242 0.949654 0.521242 0.825735 0.521673 0.825945 0.396815 0.949855 0.396309 0.949921 0.396309 0.825913 0.396815 0.826174 0.311157 0.735039 0.305002 0.731725 0.432478 0.734588 0.427136 0.731711 0.139943 0.735038 0.133788 0.731724 0.266084 0.948961 0.265251 0.948658 0.268818 0.824006 0.268611 0.82368 0.807031 0.182382 0.805867 0.182039 0.810634 0.05744 0.810205 0.0571132 0.655045 0.949152 0.654222 0.948848 0.657303 0.824203 0.657089 0.823879 0.384492 0.949684 0.38304 0.948813 0.37957 0.823687 0.380698 0.822162 0.270185 0.947524 0.269729 0.947436 0.27072 0.826267 0.27065 0.826174 0.268046 0.94771 0.266084 0.948961 0.268611 0.82368 0.27 0.825587 0.977395 0.184185 0.975611 0.183257 0.971607 0.0581945 0.973063 0.0565763 0.811602 0.180955 0.811034 0.180844 0.81268 0.0597011 0.812596 0.0596392 0.809525 0.181078 0.807031 0.182382 0.810205 0.0571132 0.812099 0.0591097 0.659082 0.947742 0.658657 0.947651 0.65924 0.826483 0.659193 0.826403 0.657003 0.947916 0.655045 0.949152 0.657089 0.823879 0.658489 0.825792 0.773662 0.949833 0.772149 0.948974 0.768058 0.823839 0.769182 0.822313 0.38304 0.948813 0.381682 0.948693 0.379133 0.824056 0.37957 0.823687 0.268046 0.94771 0.27 0.825587 0.27072 0.826267 0.975611 0.183257 0.974412 0.183089 0.971424 0.0584814 0.971607 0.0581945 0.811034 0.180844 0.809525 0.181078 0.812099 0.0591097 0.81268 0.0597011 0.657003 0.947916 0.658489 0.825792 0.65924 0.826483 0.772149 0.948974 0.770701 0.948848 0.767618 0.824203 0.768058 0.823839 0.0131464 0.351033 0.0230934 0.484348 0.0137946 0.484379 0.114156 0.842456 0.224871 0.842456 0.282996 0.709039 0.170002 0.709039 0.170002 0.694553 0.282996 0.694553 0.470729 0.119451 0.470729 0.252022 0.399986 0.8293 0.505769 0.8293 0.505769 0.948093 0.399986 0.948094 0.812596 0.0596392 0.969654 0.0606166 0.968969 0.181953 0.811602 0.180955 0.171049 0.481663 0.0281817 0.481837 0.633627 0.825924 0.633627 0.949638 0.508707 0.826054 0.508707 0.949801 0.630612 0.829116 0.63113 0.948025 0.630612 0.947932 0.633627 0.949638 0.631648 0.948351 0.521242 0.949654 0.51925 0.950997 0.396309 0.949795 0.394298 0.951135 0.505769 0.8293 0.506293 0.948184 0.505769 0.948093 0.508707 0.949801 0.506777 0.948511 0.521242 0.825735 0.521242 0.949654 0.396309 0.825913 0.396309 0.949795 0.616383 0.352307 0.616657 0.485369 0.607378 0.485379 0.170283 0.632741 0.282638 0.632741 0.282638 0.673988 0.170283 0.673988 0.282638 0.653495 0.170283 0.653495 0.170283 0.632741 0.282638 0.632741 0.470729 0.119445 0.470729 0.252016 0.399986 0.8293 0.505769 0.8293 0.505769 0.948243 0.399986 0.948232 0.45967 0.48277 0.60229 0.482896 0.521941 0.825929 0.521941 0.949653 0.39698 0.826174 0.39698 0.949939 0.524872 0.82912 0.524872 0.947943 0.524134 0.948033 0.523863 0.94836 0.521941 0.949653 0.636316 0.950958 0.634399 0.949621 0.511328 0.951298 0.509406 0.949954 0.399986 0.8293 0.399986 0.948232 0.399466 0.948325 0.398945 0.948651 0.39698 0.949939 0.634399 0.825727 0.634399 0.949621 0.509406 0.825913 0.509406 0.949954 0.146098 0.731724 0.317312 0.731725 0.0239624 0.731708 0.01862 0.734584 0.379348 0.823743 0.379133 0.824056 0.381937 0.873871 0.381682 0.948693 0.380938 0.949021 0.971839 0.0581476 0.971424 0.0584814 0.97509 0.108279 0.974412 0.183089 0.973308 0.183424 0.767832 0.823879 0.767618 0.824203 0.770698 0.874001 0.770701 0.948848 0.769879 0.949152 0.377189 0.826303 0.377163 0.826369 0.377574 0.874851 0.377391 0.947538 0.376963 0.947642 0.377933 0.825665 0.379348 0.823743 0.380938 0.949021 0.379043 0.947791 0.267247 0.822118 0.268377 0.823642 0.263799 0.948794 0.262302 0.949674 0.969654 0.0606166 0.969482 0.0606942 0.970059 0.109191 0.969466 0.181841 0.968969 0.181953 0.969981 0.0601196 0.971839 0.0581476 0.973308 0.183424 0.970901 0.182086 0.809017 0.0555145 0.810463 0.0571441 0.804598 0.182195 0.802777 0.183115 0.655739 0.822313 0.656863 0.823839 0.652775 0.948974 0.651263 0.949833 0.765728 0.826403 0.765682 0.826483 0.766275 0.87496 0.766266 0.947651 0.76584 0.947742 0.766432 0.825792 0.767832 0.823879 0.769879 0.949152 0.76792 0.947916 0.377163 0.826369 0.377933 0.825665 0.379043 0.947791 0.268377 0.823642 0.268818 0.824006 0.265251 0.948658 0.263799 0.948794 0.969482 0.0606942 0.969981 0.0601196 0.970901 0.182086 0.969466 0.181841 0.810463 0.0571441 0.810634 0.05744 0.805867 0.182039 0.804598 0.182195 0.656863 0.823839 0.657303 0.824203 0.654222 0.948848 0.652775 0.948974 0.765682 0.826483 0.766432 0.825792 0.76792 0.947916 0.66163 0.44899 0.661629 0.397277 0.664053 0.399701 0.664053 0.446566 0.661899 0.396625 0.78215 0.396625 0.782421 0.397277 0.779997 0.399701 0.782422 0.44899 0.779998 0.446566 0.782151 0.449643 0.6619 0.449643 0.661629 0.395972 0.661628 0.344259 0.664052 0.346683 0.664052 0.393547 0.78242 0.344259 0.779996 0.346683 0.782421 0.395972 0.779997 0.393547 0.782152 0.476152 0.779998 0.476152 0.779998 0.45272 0.782422 0.450295 0.661631 0.502009 0.664055 0.499585 0.779999 0.499585 0.782423 0.50201 0.6619 0.476152 0.664054 0.476152 0.664054 0.45272 0.66163 0.450295 0.166436 0.67774 0.166436 0.628989 0.170283 0.632741 0.170283 0.673988 0.166436 0.628989 0.286463 0.628989 0.282638 0.632741 0.170283 0.632741 0.286463 0.628989 0.286463 0.67774 0.282638 0.673988 0.282638 0.632741 0.286463 0.67774 0.166436 0.67774 0.170283 0.673988 0.282638 0.673988 0.166436 0.67774 0.166436 0.628989 0.170283 0.632741 0.170283 0.673988 0.166436 0.628989 0.286463 0.628989 0.282638 0.632741 0.170283 0.632741 0.286463 0.628989 0.286463 0.67774 0.282638 0.673988 0.282638 0.632741 0.286463 0.67774 0.166436 0.67774 0.170283 0.673988 0.282638 0.673988 0.286463 0.653495 0.282638 0.653495 0.282638 0.632741 0.286463 0.628989 0.286463 0.67774 0.166436 0.67774 0.170283 0.673988 0.282638 0.673988 0.166436 0.653495 0.170283 0.653495 0.170283 0.673988 0.166436 0.67774 0.166436 0.628989 0.286463 0.628989 0.282638 0.632741 0.170283 0.632741 0.957479 0.272391 0.957205 0.324741 0.955054 0.324692 0.955052 0.274817 0.955127 0.377026 0.952756 0.374555 0.954843 0.377691 0.834676 0.377676 0.834407 0.377022 0.836836 0.374595 0.834682 0.324671 0.836833 0.32472 0.836764 0.272384 0.839133 0.274857 0.228522 0.838726 0.229442 0.889659 0.225045 0.889659 0.224871 0.842456 0.228522 0.940592 0.224871 0.936862 0.228522 0.940592 0.110505 0.940592 0.114156 0.936862 0.224871 0.936862 0.110505 0.940592 0.109585 0.889659 0.113983 0.889659 0.114156 0.936862 0.110505 0.838726 0.114156 0.842456 0.110505 0.838726 0.228522 0.838726 0.224871 0.842456 0.114156 0.842456 0.26612 0.973605 0.806738 0.206985 0.654832 0.973795 0.811228 0.204996 0.282996 0.709039 0.170002 0.709039 0.170002 0.694553 0.282996 0.694553 0.282638 0.673988 0.170283 0.673988 0.286463 0.67774 0.282638 0.673988 0.166436 0.628989 0.170283 0.632741 0.955114 0.378342 0.955117 0.403526 0.952695 0.401104 0.952696 0.38076 0.954847 0.404178 0.834666 0.404176 0.834396 0.403524 0.83682 0.401101 0.834404 0.378329 0.836821 0.380757 0.955117 0.40483 0.955117 0.430018 0.952694 0.427596 0.952695 0.407252 0.834394 0.430018 0.836817 0.427596 0.834396 0.404829 0.836817 0.407252 0.287086 0.690761 0.287086 0.712832 0.282996 0.709039 0.282996 0.694553 0.287086 0.712832 0.166282 0.712832 0.170002 0.709039 0.282996 0.709039 0.166282 0.712832 0.166282 0.690761 0.170002 0.694553 0.170002 0.709039 0.166282 0.690761 0.287086 0.690761 0.282996 0.694553 0.170002 0.694553 0.287086 0.690761 0.287086 0.712832 0.282996 0.709039 0.282996 0.694553 0.287086 0.712832 0.166282 0.712832 0.170002 0.709039 0.282996 0.709039 0.166282 0.712832 0.166282 0.690761 0.170002 0.694553 0.170002 0.709039 0.166282 0.690761 0.287086 0.690761 0.282996 0.694553 0.170002 0.694553 0.0220744 0.28731 0.0229436 0.287299 0.0227987 0.301517 0.022202 0.302087 0.149922 0.0125399 0.149933 0.0134089 0.0237445 0.0154712 0.0231646 0.0148917 0.023134 0.303034 0.0237123 0.302454 0.149901 0.304566 0.14989 0.305436 0.321131 0.304583 0.321141 0.305452 0.0220676 0.142293 0.0228878 0.142593 0.0228955 0.160266 0.022065 0.160005 0.0222394 0.0158329 0.0228221 0.0164094 0.321172 0.0125584 0.321161 0.0134274 0.448829 0.302134 0.448233 0.301564 0.448093 0.287345 0.448962 0.287357 0.447928 0.0149377 0.447348 0.0155171 0.447319 0.3025 0.447897 0.30308 0.448994 0.160052 0.448164 0.160312 0.448176 0.142639 0.448996 0.14234 0.44827 0.0164554 0.448853 0.0158791 0.473956 0.0575814 0.474392 0.0583304 0.488633 0.0584909 0.488634 0.057617 0.890709 0.0258235 0.890261 0.0265981 0.764053 0.0266547 0.764058 0.0257948 0.593423 0.0251617 0.593427 0.0260213 0.467239 0.025965 0.466791 0.0251904 0.615815 0.0576049 0.615553 0.0584346 0.633208 0.0584205 0.633497 0.057601 0.759319 0.0583133 0.759754 0.0575605 0.764577 0.0251614 0.764572 0.0260211 0.488594 0.0576028 0.488593 0.0584775 0.474338 0.0583167 0.473902 0.0575666 0.592876 0.0257947 0.592881 0.0266545 0.466672 0.0265977 0.466225 0.0258233 0.891208 0.0251899 0.89076 0.0259644 0.633599 0.0575882 0.63331 0.0584085 0.615637 0.0584221 0.615899 0.0575917 0.759979 0.0575482 0.759544 0.0583014 0.64877 0.637741 0.650682 0.639952 0.649564 0.650283 0.646858 0.650805 0.656661 0.672562 0.659021 0.671226 0.665907 0.678833 0.665844 0.681743 0.650161 0.662498 0.652924 0.662001 0.658438 0.670551 0.656851 0.67286 0.646813 0.650792 0.649623 0.651312 0.652536 0.661148 0.650309 0.662801 0.666574 0.674005 0.663175 0.668378 0.677524 0.661998 0.680255 0.667655 0.654531 0.649566 0.653741 0.642838 0.669682 0.637077 0.675901 0.643568 0.661837 0.666946 0.657817 0.660763 0.67787 0.651909 0.677037 0.660983 0.65661 0.658748 0.654486 0.651717 0.675941 0.644617 0.677441 0.650865 0.652083 0.641784 0.651886 0.650114 0.660835 0.669823 0.665918 0.676421 0.655251 0.661471 0.659926 0.668699 0.652004 0.651649 0.654504 0.659968 0.780429 0.651151 0.779972 0.640776 0.782011 0.638669 0.783105 0.651794 0.76363 0.679373 0.770647 0.671889 0.772982 0.673268 0.763641 0.682285 0.77124 0.671228 0.776892 0.662777 0.779644 0.663325 0.772785 0.673566 0.777291 0.66194 0.780356 0.652164 0.783165 0.651723 0.779486 0.663639 0.763059 0.674534 0.749504 0.667932 0.752326 0.662322 0.766552 0.668966 0.760633 0.637534 0.776547 0.643544 0.775547 0.650265 0.754283 0.643915 0.752142 0.652226 0.772032 0.661441 0.76791 0.667556 0.752825 0.661316 0.754208 0.644966 0.775528 0.652438 0.773273 0.659444 0.75259 0.651188 0.77814 0.650886 0.778391 0.642542 0.763666 0.676962 0.768862 0.670453 0.769788 0.669346 0.77458 0.662199 0.775351 0.66071 0.777991 0.652432 0.680131 0.642475 0.684658 0.634424 0.74563 0.63465 0.750065 0.642732 0.686463 0.660178 0.743416 0.66038 0.742997 0.666637 0.68681 0.666425 0.680313 0.651356 0.749687 0.651583 0.743926 0.659298 0.685982 0.659099 0.67982 0.643704 0.750338 0.643953 0.750156 0.650398 0.679899 0.650164 0.674455 0.635307 0.677433 0.64396 0.680424 0.661064 0.682449 0.666987 0.678512 0.650919 0.680146 0.660053 0.677536 0.644548 0.678241 0.650227 0.747333 0.667227 0.749444 0.661339 0.752733 0.644275 0.755871 0.635681 0.749736 0.660333 0.751505 0.651228 0.751801 0.650542 0.752614 0.644865 0.679316 0.634452 0.678607 0.643563 0.680424 0.661064 0.683252 0.66048 0.684416 0.666627 0.682449 0.666987 0.683252 0.66048 0.684416 0.666627 0.679185 0.650817 0.68288 0.659434 0.677536 0.644548 0.678607 0.64421 0.678894 0.650052 0.678241 0.650227 0.678607 0.64421 0.678894 0.650052 0.747333 0.667227 0.745381 0.666836 0.746626 0.660714 0.749444 0.661339 0.745381 0.666836 0.746626 0.660714 0.751566 0.643859 0.750997 0.634741 0.747017 0.659671 0.750829 0.6511 0.751801 0.650542 0.751162 0.650344 0.751546 0.644503 0.752614 0.644865 0.751162 0.650344 0.751546 0.644503 0.666931 0.681697 0.666955 0.67887 0.656661 0.672562 0.650161 0.662498 0.654486 0.651717 0.654531 0.649566 0.675901 0.643568 0.675941 0.644617 0.667224 0.674617 0.666574 0.674005 0.680255 0.667655 0.681137 0.668336 0.663175 0.668378 0.661837 0.666946 0.677037 0.660983 0.677524 0.661998 0.657817 0.660763 0.65661 0.658748 0.677441 0.650865 0.67787 0.651909 0.666944 0.676681 0.649623 0.651312 0.646813 0.650792 0.646858 0.650805 0.667224 0.674617 0.762583 0.679391 0.762555 0.682219 0.783105 0.651794 0.77124 0.671228 0.772785 0.673566 0.772982 0.673268 0.777291 0.66194 0.779486 0.663639 0.779644 0.663325 0.748611 0.668597 0.749504 0.667932 0.763059 0.674534 0.7624 0.675132 0.754208 0.644966 0.754283 0.643915 0.775547 0.650265 0.775528 0.652438 0.752326 0.662322 0.752825 0.661316 0.76791 0.667556 0.766552 0.668966 0.752142 0.652226 0.75259 0.651188 0.773273 0.659444 0.772032 0.661441 0.762635 0.677202 0.7624 0.675132 0.67982 0.643704 0.680131 0.642475 0.750065 0.642732 0.750338 0.643953 0.686238 0.66741 0.68681 0.666425 0.742997 0.666637 0.743567 0.667633 0.686463 0.660178 0.685982 0.659099 0.743926 0.659298 0.743416 0.66038 0.680313 0.651356 0.679899 0.650164 0.750156 0.650398 0.749687 0.651583 0.684375 0.667669 0.684416 0.666627 0.683252 0.66048 0.68288 0.659434 0.678607 0.64421 0.678607 0.643563 0.679185 0.650817 0.678894 0.650052 0.746858 0.66816 0.747333 0.667227 0.749444 0.661339 0.749736 0.660333 0.752614 0.644865 0.752733 0.644275 0.751505 0.651228 0.751801 0.650542 0.682449 0.666987 0.68291 0.667932 0.680146 0.660053 0.680424 0.661064 0.677433 0.64396 0.677536 0.644548 0.678241 0.650227 0.678512 0.650919 0.745381 0.666836 0.74542 0.667862 0.747017 0.659671 0.746626 0.660714 0.751566 0.643859 0.751546 0.644503 0.751162 0.650344 0.750829 0.6511 0.833226 0.548601 0.835138 0.550813 0.83402 0.561144 0.831314 0.561666 0.841117 0.583423 0.843477 0.582086 0.850363 0.589693 0.8503 0.592604 0.834616 0.573359 0.83738 0.572862 0.842893 0.581412 0.841306 0.583721 0.831269 0.561653 0.834079 0.562173 0.836992 0.572009 0.834765 0.573662 0.85103 0.584866 0.847631 0.579239 0.86198 0.572858 0.864711 0.578515 0.838986 0.560427 0.838196 0.553699 0.854138 0.547938 0.860357 0.554429 0.846293 0.577806 0.842273 0.571623 0.862326 0.562769 0.861493 0.571844 0.841066 0.569608 0.838942 0.562577 0.860397 0.555477 0.861897 0.561726 0.836539 0.552645 0.836342 0.560974 0.84529 0.580684 0.850374 0.587282 0.839707 0.572332 0.844381 0.57956 0.836459 0.562509 0.83896 0.570828 0.964885 0.562012 0.964428 0.551637 0.966466 0.549529 0.96756 0.562654 0.948086 0.590234 0.955103 0.58275 0.957438 0.584128 0.948096 0.593146 0.955696 0.582089 0.961348 0.573638 0.9641 0.574186 0.957241 0.584427 0.961747 0.572801 0.964812 0.563025 0.967621 0.562584 0.963942 0.5745 0.947515 0.585394 0.93396 0.578793 0.936782 0.573183 0.951007 0.579827 0.945088 0.548395 0.961003 0.554405 0.960003 0.561126 0.938738 0.554776 0.936598 0.563087 0.956488 0.572302 0.952365 0.578417 0.937281 0.572177 0.938664 0.555827 0.959983 0.563299 0.957729 0.570304 0.937045 0.562048 0.962596 0.561747 0.962846 0.553403 0.948121 0.587823 0.953318 0.581313 0.954244 0.580206 0.959036 0.573059 0.959807 0.57157 0.962447 0.563292 0.864587 0.553336 0.869113 0.545285 0.930085 0.54551 0.934521 0.553593 0.870919 0.571038 0.927872 0.571241 0.927452 0.577498 0.871266 0.577286 0.864769 0.562216 0.934143 0.562443 0.928382 0.570159 0.870437 0.56996 0.864276 0.554564 0.934794 0.554814 0.934612 0.561258 0.864355 0.561025 0.858911 0.546167 0.861889 0.55482 0.86488 0.571925 0.866905 0.577848 0.862968 0.561779 0.864602 0.570913 0.861991 0.555409 0.862697 0.561088 0.931789 0.578087 0.9339 0.5722 0.937189 0.555136 0.940327 0.546541 0.934192 0.571193 0.935961 0.562088 0.936257 0.561403 0.93707 0.555726 0.863772 0.545312 0.863063 0.554423 0.86488 0.571925 0.867708 0.571341 0.868872 0.577488 0.866905 0.577848 0.867708 0.571341 0.868872 0.577488 0.86364 0.561678 0.867336 0.570295 0.861991 0.555409 0.863062 0.555071 0.863349 0.560912 0.862697 0.561088 0.863062 0.555071 0.863349 0.560912 0.931789 0.578087 0.929836 0.577696 0.931081 0.571575 0.9339 0.5722 0.929836 0.577696 0.931081 0.571575 0.936022 0.554719 0.935453 0.545602 0.931472 0.570531 0.935285 0.56196 0.936257 0.561403 0.935618 0.561205 0.936002 0.555364 0.93707 0.555726 0.935618 0.561205 0.936002 0.555364 0.851387 0.592558 0.85141 0.589731 0.841117 0.583423 0.834616 0.573359 0.838942 0.562577 0.838986 0.560427 0.860357 0.554429 0.860397 0.555477 0.85168 0.585477 0.85103 0.584866 0.864711 0.578515 0.865593 0.579197 0.847631 0.579239 0.846293 0.577806 0.861493 0.571844 0.86198 0.572858 0.842273 0.571623 0.841066 0.569608 0.861897 0.561726 0.862326 0.562769 0.8514 0.587541 0.834079 0.562173 0.831269 0.561653 0.831314 0.561666 0.85168 0.585477 0.947039 0.590252 0.947011 0.593079 0.96756 0.562654 0.955696 0.582089 0.957241 0.584427 0.957438 0.584128 0.961747 0.572801 0.963942 0.5745 0.9641 0.574186 0.933067 0.579457 0.93396 0.578793 0.947515 0.585394 0.946856 0.585993 0.938664 0.555827 0.938738 0.554776 0.960003 0.561126 0.959983 0.563299 0.936782 0.573183 0.937281 0.572177 0.952365 0.578417 0.951007 0.579827 0.936598 0.563087 0.937045 0.562048 0.957729 0.570304 0.956488 0.572302 0.947091 0.588062 0.946856 0.585993 0.864276 0.554564 0.864587 0.553336 0.934521 0.553593 0.934794 0.554814 0.870694 0.578271 0.871266 0.577286 0.927452 0.577498 0.928023 0.578493 0.870919 0.571038 0.870437 0.56996 0.928382 0.570159 0.927872 0.571241 0.864769 0.562216 0.864355 0.561025 0.934612 0.561258 0.934143 0.562443 0.868831 0.57853 0.868872 0.577488 0.867708 0.571341 0.867336 0.570295 0.863062 0.555071 0.863063 0.554423 0.86364 0.561678 0.863349 0.560912 0.931313 0.57902 0.931789 0.578087 0.9339 0.5722 0.934192 0.571193 0.93707 0.555726 0.937189 0.555136 0.935961 0.562088 0.936257 0.561403 0.866905 0.577848 0.867366 0.578793 0.864602 0.570913 0.86488 0.571925 0.861889 0.55482 0.861991 0.555409 0.862697 0.561088 0.862968 0.561779 0.929836 0.577696 0.929876 0.578723 0.931472 0.570531 0.931081 0.571575 0.936022 0.554719 0.936002 0.555364 0.935618 0.561205 0.935285 0.56196 0.650602 0.694326 0.652514 0.696537 0.651396 0.706868 0.64869 0.70739 0.658493 0.729147 0.660853 0.727811 0.667739 0.735418 0.667676 0.738329 0.651992 0.719083 0.654756 0.718586 0.660269 0.727137 0.658682 0.729445 0.648644 0.707377 0.651455 0.707897 0.654368 0.717733 0.652141 0.719386 0.668406 0.73059 0.665006 0.724963 0.679356 0.718583 0.682087 0.72424 0.656362 0.706151 0.655572 0.699423 0.671514 0.693662 0.677733 0.700153 0.663669 0.723531 0.659649 0.717348 0.679702 0.708494 0.678869 0.717568 0.658442 0.715333 0.656318 0.708302 0.677773 0.701202 0.679273 0.70745 0.653915 0.698369 0.653718 0.706699 0.662666 0.726408 0.66775 0.733006 0.657083 0.718056 0.661757 0.725284 0.653835 0.708234 0.656336 0.716553 0.782261 0.707736 0.781804 0.697361 0.783842 0.695254 0.784936 0.708379 0.765462 0.735958 0.772479 0.728474 0.774814 0.729853 0.765472 0.738871 0.773072 0.727814 0.778724 0.719362 0.781476 0.719911 0.774617 0.730151 0.779123 0.718525 0.782188 0.708749 0.784997 0.708309 0.781318 0.720224 0.764891 0.731119 0.751336 0.724517 0.754158 0.718907 0.768383 0.725551 0.762464 0.694119 0.778378 0.700129 0.777379 0.70685 0.756114 0.7005 0.753973 0.708811 0.773864 0.718026 0.769741 0.724142 0.754656 0.717901 0.75604 0.701551 0.777359 0.709023 0.775105 0.716029 0.754421 0.707773 0.779971 0.707471 0.780222 0.699127 0.765497 0.733547 0.770693 0.727038 0.77162 0.725931 0.776411 0.718784 0.777183 0.717295 0.779822 0.709017 0.681963 0.69906 0.686489 0.691009 0.747461 0.691234 0.751897 0.699317 0.688295 0.716763 0.745248 0.716965 0.744828 0.723222 0.688642 0.72301 0.682145 0.707941 0.751519 0.708168 0.745758 0.715883 0.687813 0.715684 0.681652 0.700289 0.75217 0.700538 0.751988 0.706983 0.681731 0.706749 0.676287 0.691892 0.679265 0.700545 0.682256 0.717649 0.684281 0.723572 0.680344 0.707503 0.681978 0.716638 0.679367 0.701133 0.680073 0.706813 0.749165 0.723812 0.751275 0.717924 0.754564 0.70086 0.757703 0.692265 0.751568 0.716918 0.753337 0.707813 0.753632 0.707127 0.754445 0.70145 0.681148 0.691037 0.680439 0.700148 0.682256 0.717649 0.685084 0.717065 0.686248 0.723212 0.684281 0.723572 0.685084 0.717065 0.686248 0.723212 0.681016 0.707402 0.684712 0.716019 0.679367 0.701133 0.680438 0.700795 0.680725 0.706637 0.680073 0.706813 0.680438 0.700795 0.680725 0.706637 0.749165 0.723812 0.747212 0.723421 0.748457 0.717299 0.751275 0.717924 0.747212 0.723421 0.748457 0.717299 0.753398 0.700444 0.752829 0.691326 0.748848 0.716255 0.75266 0.707685 0.753632 0.707127 0.752993 0.706929 0.753378 0.701088 0.754445 0.70145 0.752993 0.706929 0.753378 0.701088 0.668763 0.738282 0.668786 0.735455 0.658493 0.729147 0.651992 0.719083 0.656318 0.708302 0.656362 0.706151 0.677733 0.700153 0.677773 0.701202 0.669055 0.731202 0.668406 0.73059 0.682087 0.72424 0.682969 0.724921 0.665006 0.724963 0.663669 0.723531 0.678869 0.717568 0.679356 0.718583 0.659649 0.717348 0.658442 0.715333 0.679273 0.70745 0.679702 0.708494 0.668776 0.733266 0.651455 0.707897 0.648644 0.707377 0.64869 0.70739 0.669055 0.731202 0.764415 0.735976 0.764387 0.738804 0.784936 0.708379 0.773072 0.727814 0.774617 0.730151 0.774814 0.729853 0.779123 0.718525 0.781318 0.720224 0.781476 0.719911 0.750443 0.725182 0.751336 0.724517 0.764891 0.731119 0.764232 0.731718 0.75604 0.701551 0.756114 0.7005 0.777379 0.70685 0.777359 0.709023 0.754158 0.718907 0.754656 0.717901 0.769741 0.724142 0.768383 0.725551 0.753973 0.708811 0.754421 0.707773 0.775105 0.716029 0.773864 0.718026 0.764467 0.733787 0.764232 0.731718 0.681652 0.700289 0.681963 0.69906 0.751897 0.699317 0.75217 0.700538 0.68807 0.723995 0.688642 0.72301 0.744828 0.723222 0.745399 0.724218 0.688295 0.716763 0.687813 0.715684 0.745758 0.715883 0.745248 0.716965 0.682145 0.707941 0.681731 0.706749 0.751988 0.706983 0.751519 0.708168 0.686207 0.724254 0.686248 0.723212 0.685084 0.717065 0.684712 0.716019 0.680438 0.700795 0.680439 0.700148 0.681016 0.707402 0.680725 0.706637 0.748689 0.724745 0.749165 0.723812 0.751275 0.717924 0.751568 0.716918 0.754445 0.70145 0.754564 0.70086 0.753337 0.707813 0.753632 0.707127 0.684281 0.723572 0.684741 0.724517 0.681978 0.716638 0.682256 0.717649 0.679265 0.700545 0.679367 0.701133 0.680073 0.706813 0.680344 0.707503 0.747212 0.723421 0.747252 0.724447 0.748848 0.716255 0.748457 0.717299 0.753398 0.700444 0.753378 0.701088 0.752993 0.706929 0.75266 0.707685 0.833226 0.603109 0.835138 0.60532 0.83402 0.615651 0.831314 0.616173 0.841117 0.63793 0.843477 0.636594 0.850363 0.6442 0.8503 0.647111 0.834616 0.627866 0.83738 0.627369 0.842893 0.63592 0.841306 0.638228 0.831269 0.61616 0.834079 0.61668 0.836992 0.626516 0.834765 0.628169 0.85103 0.639373 0.847631 0.633746 0.86198 0.627366 0.864711 0.633023 0.838986 0.614934 0.838196 0.608206 0.854138 0.602445 0.860357 0.608936 0.846293 0.632314 0.842273 0.626131 0.862326 0.617276 0.861493 0.626351 0.841066 0.624116 0.838942 0.617085 0.860397 0.609985 0.861897 0.616233 0.836539 0.607152 0.836342 0.615482 0.84529 0.635191 0.850374 0.641789 0.839707 0.626839 0.844381 0.634067 0.836459 0.617017 0.83896 0.625336 0.964885 0.616519 0.964428 0.606144 0.966466 0.604037 0.96756 0.617162 0.948086 0.644741 0.955103 0.637257 0.957438 0.638636 0.948096 0.647653 0.955696 0.636597 0.961348 0.628145 0.9641 0.628693 0.957241 0.638934 0.961747 0.627308 0.964812 0.617532 0.967621 0.617092 0.963942 0.629007 0.947515 0.639902 0.93396 0.6333 0.936782 0.62769 0.951007 0.634334 0.945088 0.602903 0.961003 0.608912 0.960003 0.615633 0.938738 0.609283 0.936598 0.617594 0.956488 0.626809 0.952365 0.632924 0.937281 0.626684 0.938664 0.610334 0.959983 0.617806 0.957729 0.624812 0.937045 0.616556 0.962596 0.616254 0.962846 0.60791 0.948121 0.64233 0.953318 0.635821 0.954244 0.634714 0.959036 0.627567 0.959807 0.626078 0.962447 0.6178 0.864587 0.607843 0.869113 0.599792 0.930085 0.600017 0.934521 0.6081 0.870919 0.625546 0.927872 0.625748 0.927452 0.632005 0.871266 0.631793 0.864769 0.616724 0.934143 0.616951 0.928382 0.624666 0.870437 0.624467 0.864276 0.609072 0.934794 0.609321 0.934612 0.615766 0.864355 0.615532 0.858911 0.600675 0.861889 0.609328 0.86488 0.626432 0.866905 0.632356 0.862968 0.616286 0.864602 0.625421 0.861991 0.609916 0.862697 0.615596 0.931789 0.632595 0.9339 0.626707 0.937189 0.609643 0.940327 0.601049 0.934192 0.625701 0.935961 0.616596 0.936257 0.61591 0.93707 0.610233 0.863772 0.59982 0.863063 0.608931 0.86488 0.626432 0.867708 0.625848 0.868872 0.631995 0.866905 0.632356 0.867708 0.625848 0.868872 0.631995 0.86364 0.616185 0.867336 0.624802 0.861991 0.609916 0.863062 0.609578 0.863349 0.61542 0.862697 0.615596 0.863062 0.609578 0.863349 0.61542 0.931789 0.632595 0.929836 0.632204 0.931081 0.626082 0.9339 0.626707 0.929836 0.632204 0.931081 0.626082 0.936022 0.609227 0.935453 0.600109 0.931472 0.625039 0.935285 0.616468 0.936257 0.61591 0.935618 0.615712 0.936002 0.609871 0.93707 0.610233 0.935618 0.615712 0.936002 0.609871 0.851387 0.647065 0.85141 0.644238 0.841117 0.63793 0.834616 0.627866 0.838942 0.617085 0.838986 0.614934 0.860357 0.608936 0.860397 0.609985 0.85168 0.639985 0.85103 0.639373 0.864711 0.633023 0.865593 0.633704 0.847631 0.633746 0.846293 0.632314 0.861493 0.626351 0.86198 0.627366 0.842273 0.626131 0.841066 0.624116 0.861897 0.616233 0.862326 0.617276 0.8514 0.642049 0.834079 0.61668 0.831269 0.61616 0.831314 0.616173 0.85168 0.639985 0.947039 0.644759 0.947011 0.647587 0.96756 0.617162 0.955696 0.636597 0.957241 0.638934 0.957438 0.638636 0.961747 0.627308 0.963942 0.629007 0.9641 0.628693 0.933067 0.633965 0.93396 0.6333 0.947515 0.639902 0.946856 0.6405 0.938664 0.610334 0.938738 0.609283 0.960003 0.615633 0.959983 0.617806 0.936782 0.62769 0.937281 0.626684 0.952365 0.632924 0.951007 0.634334 0.936598 0.617594 0.937045 0.616556 0.957729 0.624812 0.956488 0.626809 0.947091 0.64257 0.946856 0.6405 0.864276 0.609072 0.864587 0.607843 0.934521 0.6081 0.934794 0.609321 0.870694 0.632778 0.871266 0.631793 0.927452 0.632005 0.928023 0.633001 0.870919 0.625546 0.870437 0.624467 0.928382 0.624666 0.927872 0.625748 0.864769 0.616724 0.864355 0.615532 0.934612 0.615766 0.934143 0.616951 0.868831 0.633037 0.868872 0.631995 0.867708 0.625848 0.867336 0.624802 0.863062 0.609578 0.863063 0.608931 0.86364 0.616185 0.863349 0.61542 0.931313 0.633528 0.931789 0.632595 0.9339 0.626707 0.934192 0.625701 0.93707 0.610233 0.937189 0.609643 0.935961 0.616596 0.936257 0.61591 0.866905 0.632356 0.867366 0.6333 0.864602 0.625421 0.86488 0.626432 0.861889 0.609328 0.861991 0.609916 0.862697 0.615596 0.862968 0.616286 0.929836 0.632204 0.929876 0.63323 0.931472 0.625039 0.931081 0.626082 0.936022 0.609227 0.936002 0.609871 0.935618 0.615712 0.935285 0.616468 0.831641 0.657615 0.833553 0.659826 0.832435 0.670157 0.829729 0.67068 0.839532 0.692436 0.841892 0.6911 0.848778 0.698707 0.848715 0.701618 0.833031 0.682372 0.835795 0.681876 0.841308 0.690426 0.839721 0.692735 0.829683 0.670667 0.832494 0.671186 0.835407 0.681023 0.833179 0.682676 0.849445 0.69388 0.846045 0.688253 0.860394 0.681872 0.863126 0.687529 0.837401 0.66944 0.836611 0.662713 0.852553 0.656951 0.858771 0.663443 0.844708 0.68682 0.840688 0.680637 0.860741 0.671783 0.859908 0.680858 0.839481 0.678622 0.837357 0.671591 0.858811 0.664491 0.860312 0.670739 0.834954 0.661659 0.834757 0.669988 0.843705 0.689698 0.848789 0.696296 0.838121 0.681346 0.842796 0.688573 0.834874 0.671523 0.837375 0.679842 0.9633 0.671026 0.962843 0.660651 0.964881 0.658543 0.965975 0.671668 0.946501 0.699248 0.953518 0.691764 0.955853 0.693142 0.946511 0.70216 0.954111 0.691103 0.959763 0.682651 0.962515 0.6832 0.955656 0.69344 0.960161 0.681814 0.963226 0.672038 0.966036 0.671598 0.962357 0.683514 0.945929 0.694408 0.932375 0.687806 0.935197 0.682197 0.949422 0.688841 0.943503 0.657409 0.959417 0.663419 0.958418 0.670139 0.937153 0.66379 0.935012 0.672101 0.954903 0.681316 0.95078 0.687431 0.935695 0.681191 0.937079 0.664841 0.958398 0.672312 0.956144 0.679318 0.93546 0.671062 0.96101 0.67076 0.961261 0.662417 0.946536 0.696837 0.951732 0.690327 0.952659 0.68922 0.95745 0.682073 0.958222 0.680584 0.960861 0.672306 0.863002 0.662349 0.867528 0.654298 0.9285 0.654524 0.932936 0.662607 0.869333 0.680052 0.926287 0.680255 0.925867 0.686512 0.869681 0.6863 0.863184 0.67123 0.932557 0.671457 0.926796 0.679173 0.868852 0.678974 0.862691 0.663578 0.933209 0.663828 0.933027 0.670272 0.86277 0.670038 0.857326 0.655181 0.860304 0.663834 0.863295 0.680939 0.865319 0.686862 0.861383 0.670793 0.863017 0.679927 0.860406 0.664423 0.861112 0.670102 0.930204 0.687101 0.932314 0.681213 0.935603 0.664149 0.938742 0.655555 0.932607 0.680207 0.934376 0.671102 0.934671 0.670416 0.935484 0.664739 0.862186 0.654326 0.861477 0.663437 0.863295 0.680939 0.866122 0.680354 0.867287 0.686502 0.865319 0.686862 0.866122 0.680354 0.867287 0.686502 0.862055 0.670692 0.865751 0.679309 0.860406 0.664423 0.861477 0.664085 0.861764 0.669926 0.861112 0.670102 0.861477 0.664085 0.861764 0.669926 0.930204 0.687101 0.928251 0.68671 0.929496 0.680589 0.932314 0.681213 0.928251 0.68671 0.929496 0.680589 0.934436 0.663733 0.933868 0.654616 0.929887 0.679545 0.933699 0.670974 0.934671 0.670416 0.934032 0.670219 0.934417 0.664377 0.935484 0.664739 0.934032 0.670219 0.934417 0.664377 0.849802 0.701572 0.849825 0.698744 0.839532 0.692436 0.833031 0.682372 0.837357 0.671591 0.837401 0.66944 0.858771 0.663443 0.858811 0.664491 0.850094 0.694491 0.849445 0.69388 0.863126 0.687529 0.864008 0.688211 0.846045 0.688253 0.844708 0.68682 0.859908 0.680858 0.860394 0.681872 0.840688 0.680637 0.839481 0.678622 0.860312 0.670739 0.860741 0.671783 0.849815 0.696555 0.832494 0.671186 0.829683 0.670667 0.829729 0.67068 0.850094 0.694491 0.945454 0.699266 0.945426 0.702093 0.965975 0.671668 0.954111 0.691103 0.955656 0.69344 0.955853 0.693142 0.960161 0.681814 0.962357 0.683514 0.962515 0.6832 0.931481 0.688471 0.932375 0.687806 0.945929 0.694408 0.945271 0.695007 0.937079 0.664841 0.937153 0.66379 0.958418 0.670139 0.958398 0.672312 0.935197 0.682197 0.935695 0.681191 0.95078 0.687431 0.949422 0.688841 0.935012 0.672101 0.93546 0.671062 0.956144 0.679318 0.954903 0.681316 0.945505 0.697076 0.945271 0.695007 0.862691 0.663578 0.863002 0.662349 0.932936 0.662607 0.933209 0.663828 0.869108 0.687284 0.869681 0.6863 0.925867 0.686512 0.926438 0.687507 0.869333 0.680052 0.868852 0.678974 0.926796 0.679173 0.926287 0.680255 0.863184 0.67123 0.86277 0.670038 0.933027 0.670272 0.932557 0.671457 0.867246 0.687544 0.867287 0.686502 0.866122 0.680354 0.865751 0.679309 0.861477 0.664085 0.861477 0.663437 0.862055 0.670692 0.861764 0.669926 0.929728 0.688034 0.930204 0.687101 0.932314 0.681213 0.932607 0.680207 0.935484 0.664739 0.935603 0.664149 0.934376 0.671102 0.934671 0.670416 0.865319 0.686862 0.865781 0.687807 0.863017 0.679927 0.863295 0.680939 0.860304 0.663834 0.860406 0.664423 0.861112 0.670102 0.861383 0.670793 0.928251 0.68671 0.928291 0.687737 0.929887 0.679545 0.929496 0.680589 0.934436 0.663733 0.934417 0.664377 0.934032 0.670219 0.933699 0.670974 0.651951 0.747091 0.653863 0.749302 0.652744 0.759633 0.650038 0.760155 0.659841 0.781912 0.662201 0.780576 0.669088 0.788183 0.669024 0.791093 0.653341 0.771848 0.656104 0.771351 0.661618 0.779902 0.660031 0.78221 0.649993 0.760143 0.652803 0.760662 0.655716 0.770498 0.653489 0.772151 0.669754 0.783356 0.666355 0.777728 0.680704 0.771348 0.683435 0.777005 0.657711 0.758916 0.656921 0.752188 0.672862 0.746427 0.679081 0.752918 0.665017 0.776296 0.660997 0.770112 0.68105 0.761259 0.680217 0.770333 0.659791 0.768098 0.657666 0.761067 0.679121 0.753967 0.680621 0.760215 0.655263 0.751134 0.655066 0.759464 0.664015 0.779173 0.669098 0.785771 0.658431 0.770821 0.663106 0.778049 0.655184 0.760999 0.657684 0.769318 0.78361 0.760502 0.783153 0.750127 0.785191 0.748019 0.786285 0.761144 0.766811 0.788723 0.773827 0.781239 0.776162 0.782618 0.766821 0.791635 0.77442 0.780578 0.780072 0.772127 0.782824 0.772676 0.775965 0.782916 0.780471 0.77129 0.783536 0.761514 0.786345 0.761074 0.782666 0.772989 0.766239 0.783884 0.752684 0.777282 0.755506 0.771672 0.769732 0.778316 0.763813 0.746885 0.779727 0.752894 0.778727 0.759615 0.757463 0.753266 0.755322 0.761577 0.775212 0.770791 0.77109 0.776906 0.756005 0.770666 0.757388 0.754316 0.778708 0.761788 0.776453 0.768794 0.75577 0.760538 0.78132 0.760236 0.781571 0.751892 0.766846 0.786312 0.772042 0.779803 0.772968 0.778696 0.77776 0.771549 0.778531 0.77006 0.781171 0.761782 0.683311 0.751825 0.687838 0.743774 0.74881 0.744 0.753245 0.752082 0.689643 0.769528 0.746597 0.76973 0.746177 0.775987 0.689991 0.775775 0.683493 0.760706 0.752867 0.760933 0.747106 0.768648 0.689162 0.768449 0.683 0.753054 0.753518 0.753303 0.753336 0.759748 0.683079 0.759514 0.677635 0.744657 0.680613 0.75331 0.683604 0.770414 0.685629 0.776337 0.681693 0.760269 0.683326 0.769403 0.680716 0.753899 0.681421 0.759578 0.750513 0.776576 0.752624 0.770689 0.755913 0.753625 0.759052 0.745031 0.752916 0.769683 0.754685 0.760578 0.754981 0.759892 0.755794 0.754215 0.682496 0.743802 0.681787 0.752913 0.683604 0.770414 0.686432 0.76983 0.687596 0.775977 0.685629 0.776337 0.686432 0.76983 0.687596 0.775977 0.682365 0.760167 0.68606 0.768784 0.680716 0.753899 0.681787 0.75356 0.682074 0.759402 0.681421 0.759578 0.681787 0.75356 0.682074 0.759402 0.750513 0.776576 0.748561 0.776186 0.749806 0.770064 0.752624 0.770689 0.748561 0.776186 0.749806 0.770064 0.754746 0.753209 0.754177 0.744091 0.750197 0.769021 0.754009 0.76045 0.754981 0.759892 0.754342 0.759694 0.754726 0.753853 0.755794 0.754215 0.754342 0.759694 0.754726 0.753853 0.670111 0.791047 0.670135 0.78822 0.659841 0.781912 0.653341 0.771848 0.657666 0.761067 0.657711 0.758916 0.679081 0.752918 0.679121 0.753967 0.670404 0.783966 0.669754 0.783356 0.683435 0.777005 0.684318 0.777686 0.666355 0.777728 0.665017 0.776296 0.680217 0.770333 0.680704 0.771348 0.660997 0.770112 0.659791 0.768098 0.680621 0.760215 0.68105 0.761259 0.670124 0.786031 0.652803 0.760662 0.649993 0.760143 0.650038 0.760155 0.670404 0.783966 0.765763 0.788741 0.765735 0.791569 0.786285 0.761144 0.77442 0.780578 0.775965 0.782916 0.776162 0.782618 0.780471 0.77129 0.782666 0.772989 0.782824 0.772676 0.751791 0.777947 0.752684 0.777282 0.766239 0.783884 0.76558 0.784482 0.757388 0.754316 0.757463 0.753266 0.778727 0.759615 0.778708 0.761788 0.755506 0.771672 0.756005 0.770666 0.77109 0.776906 0.769732 0.778316 0.755322 0.761577 0.75577 0.760538 0.776453 0.768794 0.775212 0.770791 0.765815 0.786552 0.76558 0.784482 0.683 0.753054 0.683311 0.751825 0.753245 0.752082 0.753518 0.753303 0.689418 0.77676 0.689991 0.775775 0.746177 0.775987 0.746747 0.776982 0.689643 0.769528 0.689162 0.768449 0.747106 0.768648 0.746597 0.76973 0.683493 0.760706 0.683079 0.759514 0.753336 0.759748 0.752867 0.760933 0.687556 0.777019 0.687596 0.775977 0.686432 0.76983 0.68606 0.768784 0.681787 0.75356 0.681787 0.752913 0.682365 0.760167 0.682074 0.759402 0.750038 0.77751 0.750513 0.776576 0.752624 0.770689 0.752916 0.769683 0.755794 0.754215 0.755913 0.753625 0.754685 0.760578 0.754981 0.759892 0.685629 0.776337 0.68609 0.777282 0.683326 0.769403 0.683604 0.770414 0.680613 0.75331 0.680716 0.753899 0.681421 0.759578 0.681693 0.760269 0.748561 0.776186 0.7486 0.777212 0.750197 0.769021 0.749806 0.770064 0.754746 0.753209 0.754726 0.753853 0.754342 0.759694 0.754009 0.76045 0.833226 0.493934 0.835138 0.496145 0.83402 0.506476 0.831314 0.506998 0.841117 0.528755 0.843477 0.527419 0.850363 0.535025 0.8503 0.537936 0.834616 0.518691 0.83738 0.518194 0.842893 0.526744 0.841306 0.529053 0.831269 0.506985 0.834079 0.507505 0.836992 0.517341 0.834765 0.518994 0.85103 0.530198 0.847631 0.524571 0.86198 0.51819 0.864711 0.523848 0.838986 0.505759 0.838196 0.499031 0.854138 0.49327 0.860357 0.499761 0.846293 0.523139 0.842273 0.516955 0.862326 0.508101 0.861493 0.517176 0.841066 0.514941 0.838942 0.507909 0.860397 0.50081 0.861897 0.507058 0.836539 0.497977 0.836342 0.506306 0.84529 0.526016 0.850374 0.532614 0.839707 0.517664 0.844381 0.524892 0.836459 0.507842 0.83896 0.51616 0.964885 0.507344 0.964428 0.496969 0.966466 0.494861 0.96756 0.507987 0.948086 0.535566 0.955103 0.528082 0.957438 0.529461 0.948096 0.538478 0.955696 0.527421 0.961348 0.51897 0.9641 0.519518 0.957241 0.529759 0.961747 0.518133 0.964812 0.508357 0.967621 0.507917 0.963942 0.519832 0.947515 0.530726 0.93396 0.524125 0.936782 0.518515 0.951007 0.525159 0.945088 0.493727 0.961003 0.499737 0.960003 0.506458 0.938738 0.500108 0.936598 0.508419 0.956488 0.517634 0.952365 0.523749 0.937281 0.517509 0.938664 0.501159 0.959983 0.508631 0.957729 0.515636 0.937045 0.507381 0.962596 0.507079 0.962846 0.498735 0.948121 0.533155 0.953318 0.526646 0.954244 0.525538 0.959036 0.518392 0.959807 0.516903 0.962447 0.508624 0.864587 0.498668 0.869113 0.490617 0.930085 0.490842 0.934521 0.498925 0.870919 0.516371 0.927872 0.516573 0.927452 0.52283 0.871266 0.522618 0.864769 0.507549 0.934143 0.507776 0.928382 0.515491 0.870437 0.515292 0.864276 0.499897 0.934794 0.500146 0.934612 0.506591 0.864355 0.506357 0.858911 0.4915 0.861889 0.500153 0.86488 0.517257 0.866905 0.52318 0.862968 0.507111 0.864602 0.516245 0.861991 0.500741 0.862697 0.506421 0.931789 0.52342 0.9339 0.517532 0.937189 0.500468 0.940327 0.491873 0.934192 0.516526 0.935961 0.507421 0.936257 0.506735 0.93707 0.501058 0.863772 0.490644 0.863063 0.499755 0.86488 0.517257 0.867708 0.516673 0.868872 0.52282 0.866905 0.52318 0.867708 0.516673 0.868872 0.52282 0.86364 0.50701 0.867336 0.515627 0.861991 0.500741 0.863062 0.500403 0.863349 0.506244 0.862697 0.506421 0.863062 0.500403 0.863349 0.506244 0.931789 0.52342 0.929836 0.523028 0.931081 0.516907 0.9339 0.517532 0.929836 0.523028 0.931081 0.516907 0.936022 0.500052 0.935453 0.490934 0.931472 0.515863 0.935285 0.507293 0.936257 0.506735 0.935618 0.506537 0.936002 0.500696 0.93707 0.501058 0.935618 0.506537 0.936002 0.500696 0.851387 0.53789 0.85141 0.535063 0.841117 0.528755 0.834616 0.518691 0.838942 0.507909 0.838986 0.505759 0.860357 0.499761 0.860397 0.50081 0.85168 0.530809 0.85103 0.530198 0.864711 0.523848 0.865593 0.524529 0.847631 0.524571 0.846293 0.523139 0.861493 0.517176 0.86198 0.51819 0.842273 0.516955 0.841066 0.514941 0.861897 0.507058 0.862326 0.508101 0.8514 0.532874 0.834079 0.507505 0.831269 0.506985 0.831314 0.506998 0.85168 0.530809 0.947039 0.535584 0.947011 0.538412 0.96756 0.507987 0.955696 0.527421 0.957241 0.529759 0.957438 0.529461 0.961747 0.518133 0.963942 0.519832 0.9641 0.519518 0.933067 0.52479 0.93396 0.524125 0.947515 0.530726 0.946856 0.531325 0.938664 0.501159 0.938738 0.500108 0.960003 0.506458 0.959983 0.508631 0.936782 0.518515 0.937281 0.517509 0.952365 0.523749 0.951007 0.525159 0.936598 0.508419 0.937045 0.507381 0.957729 0.515636 0.956488 0.517634 0.947091 0.533395 0.946856 0.531325 0.864276 0.499897 0.864587 0.498668 0.934521 0.498925 0.934794 0.500146 0.870694 0.523603 0.871266 0.522618 0.927452 0.52283 0.928023 0.523825 0.870919 0.516371 0.870437 0.515292 0.928382 0.515491 0.927872 0.516573 0.864769 0.507549 0.864355 0.506357 0.934612 0.506591 0.934143 0.507776 0.868831 0.523862 0.868872 0.52282 0.867708 0.516673 0.867336 0.515627 0.863062 0.500403 0.863063 0.499755 0.86364 0.50701 0.863349 0.506244 0.931313 0.524353 0.931789 0.52342 0.9339 0.517532 0.934192 0.516526 0.93707 0.501058 0.937189 0.500468 0.935961 0.507421 0.936257 0.506735 0.866905 0.52318 0.867366 0.524125 0.864602 0.516245 0.86488 0.517257 0.861889 0.500153 0.861991 0.500741 0.862697 0.506421 0.862968 0.507111 0.929836 0.523028 0.929876 0.524055 0.931472 0.515863 0.931081 0.516907 0.936022 0.500052 0.936002 0.500696 0.935618 0.506537 0.935285 0.507293 0.64816 0.581156 0.650072 0.583367 0.648954 0.593698 0.646248 0.59422 0.656051 0.615977 0.65841 0.614641 0.665297 0.622247 0.665234 0.625159 0.64955 0.605913 0.652314 0.605417 0.657827 0.613967 0.65624 0.616275 0.646202 0.594207 0.649013 0.594727 0.651926 0.604563 0.649698 0.606216 0.665963 0.61742 0.662564 0.611793 0.676913 0.605413 0.679645 0.61107 0.65392 0.592981 0.65313 0.586253 0.669072 0.580492 0.67529 0.586983 0.661227 0.610361 0.657206 0.604178 0.67726 0.595324 0.676426 0.604398 0.656 0.602163 0.653876 0.595132 0.67533 0.588032 0.676831 0.59428 0.651473 0.585199 0.651276 0.593529 0.660224 0.613238 0.665308 0.619836 0.65464 0.604886 0.659315 0.612114 0.651393 0.595064 0.653893 0.603383 0.779819 0.594566 0.779362 0.584191 0.7814 0.582084 0.782494 0.595209 0.76302 0.622788 0.770037 0.615305 0.772372 0.616683 0.76303 0.6257 0.77063 0.614644 0.776282 0.606192 0.779034 0.606741 0.772175 0.616981 0.77668 0.605355 0.779745 0.595579 0.782555 0.595139 0.778876 0.607054 0.762448 0.617949 0.748894 0.611347 0.751715 0.605737 0.765941 0.612382 0.760022 0.58095 0.775936 0.586959 0.774937 0.59368 0.753672 0.587331 0.751531 0.595642 0.771421 0.604856 0.767299 0.610972 0.752214 0.604732 0.753598 0.588381 0.774917 0.595853 0.772663 0.602859 0.751979 0.594603 0.777529 0.594301 0.77778 0.585957 0.763055 0.620377 0.768251 0.613868 0.769178 0.612761 0.773969 0.605614 0.774741 0.604125 0.77738 0.595847 0.679521 0.58589 0.684047 0.577839 0.745019 0.578065 0.749455 0.586147 0.685852 0.603593 0.742806 0.603795 0.742386 0.610052 0.6862 0.60984 0.679703 0.594771 0.749076 0.594998 0.743315 0.602713 0.685371 0.602514 0.67921 0.587119 0.749727 0.587368 0.749546 0.593813 0.679289 0.593579 0.673845 0.578722 0.676822 0.587375 0.679814 0.604479 0.681838 0.610402 0.677902 0.594333 0.679536 0.603468 0.676925 0.587964 0.677631 0.593643 0.746723 0.610642 0.748833 0.604754 0.752122 0.58769 0.755261 0.579096 0.749126 0.603748 0.750895 0.594643 0.75119 0.593957 0.752003 0.58828 0.678706 0.577867 0.677996 0.586978 0.679814 0.604479 0.682641 0.603895 0.683806 0.610042 0.681838 0.610402 0.682641 0.603895 0.683806 0.610042 0.678574 0.594232 0.68227 0.602849 0.676925 0.587964 0.677996 0.587626 0.678283 0.593467 0.677631 0.593643 0.677996 0.587626 0.678283 0.593467 0.746723 0.610642 0.74477 0.610251 0.746015 0.604129 0.748833 0.604754 0.74477 0.610251 0.746015 0.604129 0.750955 0.587274 0.750387 0.578156 0.746406 0.603086 0.750218 0.594515 0.75119 0.593957 0.750551 0.593759 0.750936 0.587918 0.752003 0.58828 0.750551 0.593759 0.750936 0.587918 0.666321 0.625112 0.666344 0.622285 0.656051 0.615977 0.64955 0.605913 0.653876 0.595132 0.65392 0.592981 0.67529 0.586983 0.67533 0.588032 0.666613 0.618032 0.665963 0.61742 0.679645 0.61107 0.680527 0.611751 0.662564 0.611793 0.661227 0.610361 0.676426 0.604398 0.676913 0.605413 0.657206 0.604178 0.656 0.602163 0.676831 0.59428 0.67726 0.595324 0.666334 0.620096 0.649013 0.594727 0.646202 0.594207 0.646248 0.59422 0.666613 0.618032 0.761973 0.622806 0.761945 0.625634 0.782494 0.595209 0.77063 0.614644 0.772175 0.616981 0.772372 0.616683 0.77668 0.605355 0.778876 0.607054 0.779034 0.606741 0.748 0.612012 0.748894 0.611347 0.762448 0.617949 0.76179 0.618548 0.753598 0.588381 0.753672 0.587331 0.774937 0.59368 0.774917 0.595853 0.751715 0.605737 0.752214 0.604732 0.767299 0.610972 0.765941 0.612382 0.751531 0.595642 0.751979 0.594603 0.772663 0.602859 0.771421 0.604856 0.762024 0.620617 0.76179 0.618548 0.67921 0.587119 0.679521 0.58589 0.749455 0.586147 0.749727 0.587368 0.685627 0.610825 0.6862 0.60984 0.742386 0.610052 0.742957 0.611048 0.685852 0.603593 0.685371 0.602514 0.743315 0.602713 0.742806 0.603795 0.679703 0.594771 0.679289 0.593579 0.749546 0.593813 0.749076 0.594998 0.683765 0.611084 0.683806 0.610042 0.682641 0.603895 0.68227 0.602849 0.677996 0.587626 0.677996 0.586978 0.678574 0.594232 0.678283 0.593467 0.746247 0.611575 0.746723 0.610642 0.748833 0.604754 0.749126 0.603748 0.752003 0.58828 0.752122 0.58769 0.750895 0.594643 0.75119 0.593957 0.681838 0.610402 0.682299 0.611347 0.679536 0.603468 0.679814 0.604479 0.676822 0.587375 0.676925 0.587964 0.677631 0.593643 0.677902 0.594333 0.74477 0.610251 0.744809 0.611277 0.746406 0.603086 0.746015 0.604129 0.750955 0.587274 0.750936 0.587918 0.750551 0.593759 0.750218 0.594515 0.0138892 0.524369 0.0125762 0.524373 0.0127607 0.523702 0.0131464 0.351033 0.0120808 0.351816 0.0118081 0.351326 0.290618 0.524505 0.290818 0.52388 0.29194 0.524529 0.291314 0.351392 0.29104 0.351913 0.290109 0.351818 0.289964 0.351139 0.616684 0.525286 0.61781 0.524617 0.617996 0.52529 0.616383 0.352307 0.617719 0.352598 0.61745 0.353083 0.340553 0.525479 0.339232 0.525501 0.340352 0.524853 0.338817 0.352728 0.340165 0.35247 0.340019 0.353153 0.339092 0.353253 0.291708 0.545257 0.291891 0.545931 0.290577 0.545918 0.340603 0.546846 0.339292 0.546859 0.339473 0.546187 0.291023 0.51063 0.292005 0.510561 0.292202 0.511218 0.291977 0.511865 0.339221 0.512857 0.339004 0.512203 0.339212 0.511556 0.340187 0.511631 0.29331 0.457857 0.293117 0.458524 0.292008 0.457666 0.293116 0.457192 0.33906 0.458793 0.337958 0.459652 0.337761 0.458987 0.337951 0.458325 0.339159 0.406056 0.338074 0.40641 0.337882 0.405752 0.338082 0.405097 0.291762 0.484131 0.29282 0.483893 0.293006 0.48456 0.292791 0.485218 0.474078 0.0575802 0.473956 0.0575814 0.473975 0.0458906 0.474097 0.0458899 0.0063163 0.315088 0.00764985 0.315038 0.00775738 0.335202 0.00652606 0.335477 0.758438 0.0458653 0.759751 0.045865 0.759754 0.0575605 0.758442 0.0575608 0.0134486 0.404391 0.0121819 0.40474 0.0138955 0.545773 0.012581 0.545774 0.292553 0.40451 0.291285 0.404822 0.291875 0.55484 0.290562 0.554836 0.478625 0.0642393 0.473705 0.0592429 0.886256 0.0326194 0.89119 0.0275294 0.296489 0.335498 0.295271 0.335223 0.295324 0.315063 0.296646 0.315109 0.291791 0.347147 0.290609 0.347358 0.289569 0.344735 0.29075 0.344907 0.0122223 0.347281 0.0110293 0.347151 0.0112451 0.344976 0.012508 0.344734 0.295641 0.337753 0.296489 0.335498 0.29075 0.344907 0.294354 0.340049 0.291314 0.351392 0.289964 0.351139 0.290635 0.349112 0.291852 0.349232 0.00736934 0.337735 0.00652606 0.335477 0.0112451 0.344976 0.00855068 0.34003 0.0131464 0.351033 0.0118081 0.351326 0.0112311 0.349196 0.0124487 0.349022 0.290609 0.347358 0.291791 0.347147 0.291852 0.349232 0.290635 0.349112 0.0110293 0.347151 0.0122223 0.347281 0.0124487 0.349022 0.0112311 0.349196 0.472178 0.0458618 0.473921 0.0458642 0.473902 0.0575666 0.472159 0.0575638 0.622971 0.336814 0.621743 0.33654 0.621848 0.31642 0.623178 0.31647 0.761297 0.0575479 0.759979 0.0575482 0.759976 0.0458413 0.761294 0.045841 0.616683 0.511979 0.617848 0.511379 0.617992 0.555543 0.61668 0.555542 0.616682 0.546647 0.617993 0.546647 0.473399 0.0592301 0.478421 0.0642316 0.465743 0.0275289 0.470677 0.0326188 0.333481 0.316506 0.3348 0.316461 0.334854 0.336577 0.333639 0.336851 0.339365 0.346246 0.340545 0.346072 0.339512 0.348693 0.338332 0.348486 0.617002 0.346044 0.61826 0.346283 0.618483 0.348445 0.617293 0.348578 0.333639 0.336851 0.334486 0.339102 0.335771 0.341394 0.339365 0.346246 0.338276 0.35057 0.33949 0.350446 0.340165 0.35247 0.338817 0.352728 0.622971 0.336814 0.622131 0.339068 0.620953 0.341356 0.61826 0.346283 0.617072 0.350308 0.618288 0.350478 0.617719 0.352598 0.616383 0.352307 0.33949 0.350446 0.338276 0.35057 0.338332 0.348486 0.339512 0.348693 0.618288 0.350478 0.617072 0.350308 0.617293 0.348578 0.618483 0.348445 0.340622 0.555745 0.339312 0.555749 0.0138991 0.554688 0.0125831 0.554688 0.0126946 0.510442 0.0138636 0.51104 0.616657 0.485369 0.61789 0.484929 0.338277 0.48562 0.339509 0.485192 0.0136978 0.457718 0.0124008 0.457516 0.0137946 0.484379 0.0125567 0.483943 0.617908 0.458552 0.616615 0.45876 0.616493 0.405546 0.61776 0.405888 0.023134 0.303034 0.022202 0.302087 0.0227987 0.301517 0.0237123 0.302454 0.0222394 0.0158329 0.0231646 0.0148917 0.0237445 0.0154712 0.0228221 0.0164094 0.447319 0.3025 0.448233 0.301564 0.448829 0.302134 0.447897 0.30308 0.44827 0.0164554 0.447348 0.0155171 0.447928 0.0149377 0.448853 0.0158791 0.474244 0.0590251 0.474392 0.0583304 0.473956 0.0575814 0.473814 0.0582833 0.891382 0.0272632 0.890261 0.0265981 0.890709 0.0258235 0.89183 0.0264896 0.891885 0.0268014 0.89076 0.0259644 0.891208 0.0251899 0.892341 0.0260191 0.760673 0.0589815 0.759544 0.0583014 0.759979 0.0575482 0.76111 0.0582289 0.0598827 0.953242 0.055714 0.954064 0.0550485 0.954351 0.0591198 0.938129 0.95721 0.271737 0.958157 0.270839 0.957479 0.272391 0.661898 0.343606 0.661628 0.344259 0.660952 0.342707 0.659681 0.515529 0.661901 0.515915 0.660978 0.516838 0.660947 0.51764 0.660029 0.502641 0.661631 0.502009 0.661901 0.502662 0.661631 0.503315 0.955116 0.431322 0.954846 0.43067 0.955117 0.430018 0.956717 0.430691 0.956715 0.377712 0.955114 0.378342 0.954843 0.377691 0.955127 0.377026 0.660028 0.449622 0.66163 0.44899 0.6619 0.449643 0.66163 0.450295 0.661629 0.395972 0.661899 0.396625 0.661629 0.397277 0.660027 0.396604 0.955117 0.40483 0.954847 0.404178 0.955117 0.403526 0.956718 0.404199 0.469796 0.120087 0.470729 0.119451 0.470729 0.172478 0.469792 0.172455 0.463901 0.0848361 0.463901 0.10514 0.961031 0.267796 0.959725 0.268118 0.958576 0.265815 0.959886 0.265493 0.964715 0.259793 0.96508 0.257931 0.959771 0.266446 0.96329 0.262429 0.958528 0.271967 0.95721 0.271737 0.958255 0.269851 0.959569 0.27008 0.468506 0.115824 0.469691 0.115222 0.469701 0.117491 0.468518 0.118095 0.963392 0.262166 0.964711 0.259932 0.469763 0.291764 0.470729 0.291786 0.470729 0.278531 0.469763 0.279169 0.466453 0.105129 0.465209 0.105131 0.465208 0.0848337 0.466453 0.0848314 0.659236 0.337365 0.660547 0.337689 0.659396 0.339993 0.658089 0.339671 0.654042 0.329799 0.654406 0.331662 0.655831 0.334301 0.659351 0.33832 0.659548 0.341965 0.660866 0.341727 0.661898 0.343606 0.660578 0.343843 0.471044 0.118283 0.469947 0.117485 0.469937 0.115216 0.47102 0.116011 0.65441 0.331802 0.655729 0.334037 0.807325 0.98671 0.80668 0.985652 0.977844 0.985927 0.977195 0.986983 0.469763 0.277863 0.470729 0.278531 0.470729 0.252016 0.469763 0.251994 0.469798 0.279175 0.470729 0.278537 0.470729 0.291792 0.469794 0.29177 0.469793 0.172455 0.470729 0.172478 0.470729 0.225507 0.469797 0.224839 0.469797 0.226144 0.470729 0.225507 0.470729 0.252022 0.469797 0.251354 0.469763 0.224833 0.470729 0.225501 0.470729 0.172472 0.469763 0.173109 0.469763 0.171803 0.470729 0.172472 0.470729 0.119445 0.469763 0.120081 0.470729 0.225501 0.469763 0.226138 0.469798 0.25266 0.470729 0.252022 0.470729 0.278537 0.469798 0.277869 </float_array>
          <technique_common>
            <accessor count="4563" offset="0" source="#meshId0-tex0-array" stride="2">
              <param name="S" type="float" />
              <param name="T" type="float" />
            </accessor>
          </technique_common>
        </source>
        <vertices id="meshId0-vertices">
          <input semantic="POSITION" source="#meshId0-positions" />
        </vertices>
        <polylist count="4276" material="defaultMaterial">
          <input offset="0" semantic="VERTEX" source="#meshId0-vertices" />
          <input offset="0" semantic="NORMAL" source="#meshId0-normals" />
          <input offset="0" semantic="TANGENT" source="#meshId0-tangents" />
          <input offset="0" semantic="BINORMAL" source="#meshId0-bitangents" />
          <input offset="0" semantic="TEXCOORD" source="#meshId0-tex0" set="0" />
          <vcount>3 3 3 3 3 3 3 3 3 3 3 3 3 3 3 3 3 3 3 3 3 3 3 3 3 3 3 3 3 3 3 3 3 3 3 3 3 3 3 3 3 3 3 3 3 3 3 3 3 3 3 3 3 3 3 3 3 3 3 3 3 3 3 3 3 3 3 3 3 3 3 3 3 3 3 3 3 3 3 3 3 3 3 3 3 3 3 3 3 3 3 3 3 3 3 3 3 3 3 3 3 3 3 3 3 3 3 3 3 3 3 3 3 3 3 3 3 3 3 3 3 3 3 3 3 3 3 3 3 3 3 3 3 3 3 3 3 3 3 3 3 3 3 3 3 3 3 3 3 3 3 3 3 3 3 3 3 3 3 3 3 3 3 3 3 3 3 3 3 3 3 3 3 3 3 3 3 3 3 3 3 3 3 3 3 3 3 3 3 3 3 3 3 3 3 3 3 3 3 3 3 3 3 3 3 3 3 3 3 3 3 3 3 3 3 3 3 3 3 3 3 3 3 3 3 3 3 3 3 3 3 3 3 3 3 3 3 3 3 3 3 3 3 3 3 3 3 3 3 3 3 3 3 3 3 3 3 3 3 3 3 3 3 3 3 3 3 3 3 3 3 3 3 3 3 3 3 3 3 3 3 3 3 3 3 3 3 3 3 3 3 3 3 3 3 3 3 3 3 3 3 3 3 3 3 3 3 3 3 3 3 3 3 3 3 3 3 3 3 3 3 3 3 3 3 3 3 3 3 3 3 3 3 3 3 3 3 3 3 3 3 3 3 3 3 3 3 3 3 3 3 3 3 3 3 3 3 3 3 3 3 3 3 3 3 3 3 3 3 3 3 3 3 3 3 3 3 3 3 3 3 3 3 3 3 3 3 3 3 3 3 3 3 3 3 3 3 3 3 3 3 3 3 3 3 3 3 3 3 3 3 3 3 3 3 3 3 3 3 3 3 3 3 3 3 3 3 3 3 3 3 3 3 3 3 3 3 3 3 3 3 3 3 3 3 3 3 3 3 3 3 3 3 3 3 3 3 3 3 3 3 3 3 3 3 3 3 3 3 3 3 3 3 3 3 3 3 3 3 3 3 3 3 3 3 3 3 3 3 3 3 3 3 3 3 3 3 3 3 3 3 3 3 3 3 3 3 3 3 3 3 3 3 3 3 3 3 3 3 3 3 3 3 3 3 3 3 3 3 3 3 3 3 3 3 3 3 3 3 3 3 3 3 3 3 3 3 3 3 3 3 3 3 3 3 3 3 3 3 3 3 3 3 3 3 3 3 3 3 3 3 3 3 3 3 3 3 3 3 3 3 3 3 3 3 3 3 3 3 3 3 3 3 3 3 3 3 3 3 3 3 3 3 3 3 3 3 3 3 3 3 3 3 3 3 3 3 3 3 3 3 3 3 3 3 3 3 3 3 3 3 3 3 3 3 3 3 3 3 3 3 3 3 3 3 3 3 3 3 3 3 3 3 3 3 3 3 3 3 3 3 3 3 3 3 3 3 3 3 3 3 3 3 3 3 3 3 3 3 3 3 3 3 3 3 3 3 3 3 3 3 3 3 3 3 3 3 3 3 3 3 3 3 3 3 3 3 3 3 3 3 3 3 3 3 3 3 3 3 3 3 3 3 3 3 3 3 3 3 3 3 3 3 3 3 3 3 3 3 3 3 3 3 3 3 3 3 3 3 3 3 3 3 3 3 3 3 3 3 3 3 3 3 3 3 3 3 3 3 3 3 3 3 3 3 3 3 3 3 3 3 3 3 3 3 3 3 3 3 3 3 3 3 3 3 3 3 3 3 3 3 3 3 3 3 3 3 3 3 3 3 3 3 3 3 3 3 3 3 3 3 3 3 3 3 3 3 3 3 3 3 3 3 3 3 3 3 3 3 3 3 3 3 3 3 3 3 3 3 3 3 3 3 3 3 3 3 3 3 3 3 3 3 3 3 3 3 3 3 3 3 3 3 3 3 3 3 3 3 3 3 3 3 3 3 3 3 3 3 3 3 3 3 3 3 3 3 3 3 3 3 3 3 3 3 3 3 3 3 3 3 3 3 3 3 3 3 3 3 3 3 3 3 3 3 3 3 3 3 3 3 3 3 3 3 3 3 3 3 3 3 3 3 3 3 3 3 3 3 3 3 3 3 3 3 3 3 3 3 3 3 3 3 3 3 3 3 3 3 3 3 3 3 3 3 3 3 3 3 3 3 3 3 3 3 3 3 3 3 3 3 3 3 3 3 3 3 3 3 3 3 3 3 3 3 3 3 3 3 3 3 3 3 3 3 3 3 3 3 3 3 3 3 3 3 3 3 3 3 3 3 3 3 3 3 3 3 3 3 3 3 3 3 3 3 3 3 3 3 3 3 3 3 3 3 3 3 3 3 3 3 3 3 3 3 3 3 3 3 3 3 3 3 3 3 3 3 3 3 3 3 3 3 3 3 3 3 3 3 3 3 3 3 3 3 3 3 3 3 3 3 3 3 3 3 3 3 3 3 3 3 3 3 3 3 3 3 3 3 3 3 3 3 3 3 3 3 3 3 3 3 3 3 3 3 3 3 3 3 3 3 3 3 3 3 3 3 3 3 3 3 3 3 3 3 3 3 3 3 3 3 3 3 3 3 3 3 3 3 3 3 3 3 3 3 3 3 3 3 3 3 3 3 3 3 3 3 3 3 3 3 3 3 3 3 3 3 3 3 3 3 3 3 3 3 3 3 3 3 3 3 3 3 3 3 3 3 3 3 3 3 3 3 3 3 3 3 3 3 3 3 3 3 3 3 3 3 3 3 3 3 3 3 3 3 3 3 3 3 3 3 3 3 3 3 3 3 3 3 3 3 3 3 3 3 3 3 3 3 3 3 3 3 3 3 3 3 3 3 3 3 3 3 3 3 3 3 3 3 3 3 3 3 3 3 3 3 3 3 3 3 3 3 3 3 3 3 3 3 3 3 3 3 3 3 3 3 3 3 3 3 3 3 3 3 3 3 3 3 3 3 3 3 3 3 3 3 3 3 3 3 3 3 3 3 3 3 3 3 3 3 3 3 3 3 3 3 3 3 3 3 3 3 3 3 3 3 3 3 3 3 3 3 3 3 3 3 3 3 3 3 3 3 3 3 3 3 3 3 3 3 3 3 3 3 3 3 3 3 3 3 3 3 3 3 3 3 3 3 3 3 3 3 3 3 3 3 3 3 3 3 3 3 3 3 3 3 3 3 3 3 3 3 3 3 3 3 3 3 3 3 3 3 3 3 3 3 3 3 3 3 3 3 3 3 3 3 3 3 3 3 3 3 3 3 3 3 3 3 3 3 3 3 3 3 3 3 3 3 3 3 3 3 3 3 3 3 3 3 3 3 3 3 3 3 3 3 3 3 3 3 3 3 3 3 3 3 3 3 3 3 3 3 3 3 3 3 3 3 3 3 3 3 3 3 3 3 3 3 3 3 3 3 3 3 3 3 3 3 3 3 3 3 3 3 3 3 3 3 3 3 3 3 3 3 3 3 3 3 3 3 3 3 3 3 3 3 3 3 3 3 3 3 3 3 3 3 3 3 3 3 3 3 3 3 3 3 3 3 3 3 3 3 3 3 3 3 3 3 3 3 3 3 3 3 3 3 3 3 3 3 3 3 3 3 3 3 3 3 3 3 3 3 3 3 3 3 3 3 3 3 3 3 3 3 3 3 3 3 3 3 3 3 3 3 3 3 3 3 3 3 3 3 3 3 3 3 3 3 3 3 3 3 3 3 3 3 3 3 3 3 3 3 3 3 3 3 3 3 3 3 3 3 3 3 3 3 3 3 3 3 3 3 3 3 3 3 3 3 3 3 3 3 3 3 3 3 3 3 3 3 3 3 3 3 3 3 3 3 3 3 3 3 3 3 3 3 3 3 3 3 3 3 3 3 3 3 3 3 3 3 3 3 3 3 3 3 3 3 3 3 3 3 3 3 3 3 3 3 3 3 3 3 3 3 3 3 3 3 3 3 3 3 3 3 3 3 3 3 3 3 3 3 3 3 3 3 3 3 3 3 3 3 3 3 3 3 3 3 3 3 3 3 3 3 3 3 3 3 3 3 3 3 3 3 3 3 3 3 3 3 3 3 3 3 3 3 3 3 3 3 3 3 3 3 3 3 3 3 3 3 3 3 3 3 3 3 3 3 3 3 3 3 3 3 3 3 3 3 3 3 3 3 3 3 3 3 3 3 3 3 3 3 3 3 3 3 3 3 3 3 3 3 3 3 3 3 3 3 3 3 3 3 3 3 3 3 3 3 3 3 3 3 3 3 3 3 3 3 3 3 3 3 3 3 3 3 3 3 3 3 3 3 3 3 3 3 3 3 3 3 3 3 3 3 3 3 3 3 3 3 3 3 3 3 3 3 3 3 3 3 3 3 3 3 3 3 3 3 3 3 3 3 3 3 3 3 3 3 3 3 3 3 3 3 3 3 3 3 3 3 3 3 3 3 3 3 3 3 3 3 3 3 3 3 3 3 3 3 3 3 3 3 3 3 3 3 3 3 3 3 3 3 3 3 3 3 3 3 3 3 3 3 3 3 3 3 3 3 3 3 3 3 3 3 3 3 3 3 3 3 3 3 3 3 3 3 3 3 3 3 3 3 3 3 3 3 3 3 3 3 3 3 3 3 3 3 3 3 3 3 3 3 3 3 3 3 3 3 3 3 3 3 3 3 3 3 3 3 3 3 3 3 3 3 3 3 3 3 3 3 3 3 3 3 3 3 3 3 3 3 3 3 3 3 3 3 3 3 3 3 3 3 3 3 3 3 3 3 3 3 3 3 3 3 3 3 3 3 3 3 3 3 3 3 3 3 3 3 3 3 3 3 3 3 3 3 3 3 3 3 3 3 3 3 3 3 3 3 3 3 3 3 3 3 3 3 3 3 3 3 3 3 3 3 3 3 3 3 3 3 3 3 3 3 3 3 3 3 3 3 3 3 3 3 3 3 3 3 3 3 3 3 3 3 3 3 3 3 3 3 3 3 3 3 3 3 3 3 3 3 3 3 3 3 3 3 3 3 3 3 3 3 3 3 3 3 3 3 3 3 3 3 3 3 3 3 3 3 3 3 3 3 3 3 3 3 3 3 3 3 3 3 3 3 3 3 3 3 3 3 3 3 3 3 3 3 3 3 3 3 3 3 3 3 3 3 3 3 3 3 3 3 3 3 3 3 3 3 3 3 3 3 3 3 3 3 3 3 3 3 3 3 3 3 3 3 3 3 3 3 3 3 3 3 3 3 3 3 3 3 3 3 3 3 3 3 3 3 3 3 3 3 3 3 3 3 3 3 3 3 3 3 3 3 3 3 3 3 3 3 3 3 3 3 3 3 3 3 3 3 3 3 3 3 3 3 3 3 3 3 3 3 3 3 3 3 3 3 3 3 3 3 3 3 3 3 3 3 3 3 3 3 3 3 3 3 3 3 3 3 3 3 3 3 3 3 3 3 3 3 3 3 3 3 3 3 3 3 3 3 3 3 3 3 3 3 3 3 3 3 3 3 3 3 3 3 3 3 3 3 3 3 3 3 3 3 3 3 3 3 3 3 3 3 3 3 3 3 3 3 3 3 3 3 3 3 3 3 3 3 3 3 3 3 3 3 3 3 3 3 3 3 3 3 3 3 3 3 3 3 3 3 3 3 3 3 3 3 3 3 3 3 3 3 3 3 3 3 3 3 3 3 3 3 3 3 3 3 3 3 3 3 3 3 3 3 3 3 3 3 3 3 3 3 3 3 3 3 3 3 3 3 3 3 3 3 3 3 3 3 3 3 3 3 3 3 3 3 3 3 3 3 3 3 3 3 3 3 3 3 3 3 3 3 3 3 3 3 3 3 3 3 3 3 3 3 3 3 3 3 3 3 3 3 3 3 3 3 3 3 3 3 3 3 3 3 3 3 3 3 3 3 3 3 3 3 3 3 3 3 3 3 3 3 3 3 3 3 3 3 3 3 3 3 3 3 3 3 3 3 3 3 3 3 3 3 3 3 3 3 3 3 3 3 3 3 3 3 3 3 3 3 3 3 3 3 3 3 3 3 3 3 3 3 3 3 3 3 3 3 3 3 3 3 3 3 3 3 3 3 3 3 3 3 3 3 3 3 3 3 3 3 3 3 3 3 3 3 3 3 3 3 3 3 3 3 3 3 3 3 3 3 3 3 3 3 3 3 3 3 3 3 3 3 3 3 3 3 3 3 3 3 3 3 3 3 3 3 3 3 3 3 3 3 3 3 3 3 3 3 3 3 3 3 3 3 3 3 3 3 3 3 3 3 3 3 3 3 3 3 3 3 3 3 3 3 3 3 3 3 3 3 3 3 3 3 3 3 3 3 3 3 3 3 3 3 3 3 3 3 3 3 3 3 3 3 3 3 3 3 3 3 3 3 3 3 3 3 3 3 3 3 3 3 3 3 3 3 3 3 3 3 3 3 3 3 3 3 3 3 3 3 3 3 3 3 3 3 3 3 3 3 3 3 3 3 3 3 3 3 3 3 3 3 3 3 3 3 3 3 3 3 3 3 3 3 3 3 3 3 3 3 3 3 3 3 3 3 3 3 3 3 3 3 3 3 3 3 3 3 3 3 3 3 3 3 3 3 3 3 3 3 3 3 3 3 3 3 3 3 3 3 3 3 3 3 3 3 3 3 3 3 3 3 3 3 3 3 3 3 3 3 3 3 3 3 3 3 3 3 3 3 3 3 3 3 3 3 3 3 3 3 3 3 3 3 3 3 3 3 3 3 3 3 3 3 3 3 3 3 3 3 3 3 3 3 3 3 3 3 3 3 3 3 3 3 3 3 3 3 3 3 3 3 3 3 3 3 3 3 3 3 3 3 3 3 3 3 3 3 3 3 3 3 3 3 3 3 3 3 3 3 3 3 3 3 3 3 3 3 3 3 3 3 3 3 3 3 3 3 3 3 3 3 3 3 3 3 3 3 3 3 3 3 3 3 3 3 3 3 3 3 3 3 3 3 3 3 3 3 3 3 3 3 3 3 3 3 3 3 3 3 3 3 3 3 3 3 3 3 3 3 3 3 3 3 3 3 3 3 3 3 3 3 3 3 3 3 3 3 3 3 3 3 3 3 3 3 3 3 3 3 3 3 3 3 3 3 3 3 3 3 3 3 3 3 3 3 3 3 3 3 3 3 3 3 3 3 3 3 3 3 3 3 3 3 3 3 3 3 3 3 3 3 3 3 3 3 3 3 3 3 3 3 3 3 3 3 3 3 3 3 3 3 3 3 3 3 3 3 3 3 3 3 3 3 3 3 3 3 3 3 3 3 3 3 3 3 3 3 3 3 3 3 3 3 3 3 3 3 3 3 3 3 3 3 3 3 3 3 3 3 3 3 3 3 3 3 3 3 3 3 3 3 3 3 3 3 3 3 3 3 3 3 3 3 3 3 3 3 3 3 3 3 3 3 3 3 3 3 3 3 3 3 3 3 3 3 3 3 3 3 3 3 3 3 3 3 3 3 3 3 3 3 3 3 3 3 3 3 3 3 3 3 3 3 3 3 3 3 3 3 3 3 3 3 3 3 3 3 3 3 3 3 3 3 3 3 3 3 3 3 3 3 3 3 3 3 3 3 3 3 3 3 3 3 3 3 3 3 3 3 3 3 3 3 3 3 3 3 3 3 3 3 3 3 3 3 3 3 3 3 3 3 3 3 3 3 3 3 3 3 3 3 3 3 3 3 3 3 3 3 3 3 3 3 3 3 3 3 3 3 3 3 3 3 3 3 3 3 3 3 3 3 3 3 3 3 3 3 3 3 3 3 3 3 3 3 3 3 3 3 3 3 3 3 3 3 3 3 3 3 3 3 3 3 3 3 3 3 3 3 3 3 3 3 3 3 3 3 3 3 3 3 3 3 3 3 3 3 3 3 3 3 3 3 3 3 3 3 3 3 3 3 3 3 3 3 3 3 3 3 3 3 3 3 3 3 3 3 3 3 3 3 3 3 3 3 3 3 3 3 3 3 3 3 3 3 3 3 3 3 3 3 3 3 3 3 3 3 3 3 3 3 3 3 3 3 3 3 3 3 3 3 3 3 3 3 3 3 3 3 3 3 3 3 3 3 3 3 3 3 3 3 3 3 3 3 3 3 3 3 3 3 3 3 3 3 3 3 3 3 3 3 3 3 3 3 3 3 3 3 3 3 3 3 3 3 3 3 3 3 3 3 3 3 3 3 3 3 3 3 3 3 3 3 3 3 3 3 3 3 3 3 3 3 3 3 3 3 3 3 3 3 3 3 3 3 3 3 3 3 3 3 3 3 3 3 3 3 3 3 3 3 3 3 3 3 3 3 3 3 3 3 3 3 3 3 3 3 3 3 3 3 3 3 3 3 3 3 3 3 3 3 3 3 3 3 3 3 3 3 3 3 3 3 3 3 3 3 3 3 3 3 3 3 3 3 3 3 3 3 3 3 3 3 3 3 3 3 3 3 3 3 3 3 3 3 3 3 3 3 3 3 3 3 3 3 3 3 3 3 3 3 3 3 3 3 3 3 3 3 3 3 3 3 3 3 3 3 3 3 3 3 3 3 3 3 3 3 3 3 3 3 3 3 3 3 3 3 3 3 3 3 3 3 3 3 3 3 3 3 3 3 3 3 3 3 3 3 3 3 3 3 3 3 3 3 3 3 3 3 3 3 3 3 3 3 3 3 3 3 3 3 3 3 3 3 3 3 3 3 3 3 3 3 3 3 3 3 3 3 3 3 3 3 3 3 3 3 3 3 3 3 3 3 3 3 3 3 3 3 3 3 3 3 3 3 3 3 3 3 3 3 3 3 3 3 3 3 3 3 3 3 3 3 3 3 3 3 3 3 3 3 3 3 3 3 3 3 3 3 3 3 3 3 3 3 3 3 3 3 3 3 3 3 3 3 3 3 3 3 3 3 3 3 3 3 3 3 3 3 3 3 3 3 3 3 3 3 3 3 3 3 3 3 3 3 3 3 3 3 3 3 3 3 3 3 3 3 3 3 3 3 3 3 3 3 3 3 3 3 3 3 3 3 3 3 3 3 3 3 3 3 3 3 3 3 3 3 3 3 3 3 3 3 3 3 3 3 3 3 3 3 3 3 3 3 3 3 3 3 3 3 3 3 3 3 3 3 3 3 3 3 3 3 3 3 3 3 3 3 3 3 3 3 3 3 3 3 3 3 3 3 3 3 3 3 3 3 3 3 3 3 3 3 3 3 3 3 3 3 3 3 3 3 3 3 3 3 3 3 3 3 3 3 3 3 3 3 3 3 3 3 3 3 3 3 3 3 3 3 3 3 3 3 3 3 3 3 3 3 3 3 3 3 3 3 3 3 3 3 3 3 3 3 3 3 3 3 3 3 3 3 3 3 3 3 3 3 3 3 3 3 3 3 3 3 3 3 3 3 3 3 3 3 3 3 3 3 3 3 3 3 3 3 3 3 3 3 3 3 3 3 3 3 3 3 3 3 3 3 3 3 3 3 3 3 3 3 3 3 3 3 3 3 3 3 3 3 3 3 3 3 3 3 3 3 3 3 3 3 3 3 3 3 3 3 3 3 3 3 3 3 3 3 3 3 3 3 3 3 3 3 3 3 3 3 3 3 3 3 3 3 3 </vcount>
          <p>3 0 1 1 2 3 7 4 5 5 6 7 11 8 9 9 10 11 16 12 13 16 13 14 14 15 16 20 17 18 18 19 20 24 21 22 22 23 24 28 25 26 26 27 28 32 29 30 30 31 32 36 33 34 34 35 36 40 37 38 38 39 40 42 16 15 15 41 42 15 43 44 44 41 15 48 45 46 46 47 48 52 49 50 50 51 52 56 53 54 54 55 56 60 57 58 58 59 60 64 61 62 62 63 64 68 65 66 66 67 68 72 69 70 70 71 72 76 73 74 74 75 76 80 77 78 78 79 80 84 81 82 82 83 84 88 85 86 86 87 88 50 49 89 89 90 50 94 91 92 92 93 94 98 95 96 96 97 98 13 12 99 99 100 13 104 101 102 102 103 104 108 105 106 106 107 108 51 50 13 13 100 51 49 52 109 109 110 49 77 111 112 112 78 77 79 113 114 114 80 79 116 115 81 81 84 116 120 117 118 118 119 120 85 121 122 122 86 85 87 2 1 1 88 87 110 46 45 110 45 89 89 49 110 90 14 13 13 50 90 126 123 124 124 125 126 130 127 128 128 129 130 95 131 132 132 96 95 133 31 30 30 97 133 101 134 135 135 102 101 103 59 58 58 104 103 105 136 137 137 106 105 107 71 70 70 108 107 141 138 139 139 140 141 143 142 139 139 138 143 143 144 145 145 142 143 149 146 147 147 148 149 153 150 151 151 152 153 155 154 150 150 153 155 157 156 154 154 155 157 157 158 159 159 156 157 163 160 161 161 162 163 165 164 78 78 112 165 169 166 167 167 168 169 173 170 171 171 172 173 174 79 78 78 164 174 176 175 167 167 166 176 173 172 177 177 178 173 174 179 113 113 79 174 176 180 181 181 175 176 183 178 177 177 182 183 185 76 75 75 184 185 189 186 187 187 188 189 193 190 191 191 192 193 197 194 195 195 196 197 201 198 199 199 200 201 205 202 203 203 204 205 207 206 194 194 197 207 209 208 198 198 201 209 204 203 210 210 211 204 213 212 206 206 207 213 215 214 208 208 209 215 211 210 216 216 217 211 213 218 219 219 212 213 215 220 221 221 214 215 223 217 216 216 222 223 227 224 225 225 226 227 231 228 229 229 230 231 235 232 233 233 234 235 237 234 233 233 236 237 239 238 170 170 173 239 240 239 173 173 178 240 241 240 178 178 183 241 243 242 193 193 192 243 247 244 245 245 246 247 249 247 246 246 248 249 251 249 248 248 250 251 253 251 250 250 252 253 163 162 235 235 234 163 168 167 164 164 165 168 167 175 174 174 164 167 175 181 179 179 174 175 187 186 185 185 184 187 199 198 197 197 196 199 198 208 207 207 197 198 208 214 213 213 207 208 214 221 218 218 213 214 229 228 227 227 226 229 255 254 39 39 38 255 259 256 257 257 258 259 263 260 261 261 262 263 265 264 11 11 10 265 48 266 267 267 45 48 271 268 269 269 270 271 275 272 273 273 274 275 228 276 277 277 227 228 281 278 279 279 280 281 6 282 283 283 7 6 90 284 285 285 14 90 286 276 228 228 231 286 290 287 288 288 289 290 293 131 95 293 95 291 291 292 293 95 294 295 295 291 95 300 296 297 300 297 298 298 299 300 19 18 301 301 302 19 306 303 304 304 305 306 93 92 307 307 308 93 309 98 19 19 302 309 313 310 311 311 312 313 317 314 315 315 316 317 321 318 319 319 320 321 325 322 323 323 324 325 329 326 327 327 328 329 333 330 331 331 332 333 337 334 335 335 336 337 341 338 339 339 340 341 345 342 343 343 344 345 349 346 347 347 348 349 353 350 351 351 352 353 357 354 355 355 356 357 359 358 346 346 349 359 363 360 361 361 362 363 367 364 365 365 366 367 371 368 369 369 370 371 373 362 361 361 372 373 377 374 375 375 376 377 381 378 379 379 380 381 385 382 383 383 384 385 389 386 387 387 388 389 393 390 391 391 392 393 397 394 395 395 396 397 401 398 399 399 400 401 405 402 403 403 404 405 409 406 407 407 408 409 413 410 411 411 412 413 417 414 415 415 416 417 421 418 419 419 420 421 425 422 423 423 424 425 427 426 414 414 417 427 429 428 395 395 394 429 346 345 344 344 347 346 433 430 431 431 432 433 346 358 434 434 345 346 438 435 436 436 437 438 366 365 369 369 368 366 442 439 440 440 441 442 379 378 443 443 444 379 448 445 446 446 447 448 388 387 391 391 390 388 452 449 450 450 451 452 403 402 453 453 454 403 458 455 456 456 457 458 414 413 412 412 415 414 462 459 460 460 461 462 414 426 463 463 413 414 467 464 465 465 466 467 471 468 469 469 470 471 283 282 472 472 473 283 264 265 474 474 475 264 478 476 43 478 43 285 285 477 478 482 479 480 480 481 482 486 483 484 484 485 486 490 487 488 488 489 490 494 491 492 492 493 494 498 495 496 496 497 498 500 254 255 255 499 500 43 476 501 501 44 43 503 267 266 266 502 503 507 504 505 505 506 507 511 508 509 509 510 511 515 512 513 513 514 515 519 516 517 517 518 519 523 520 521 521 522 523 527 524 525 525 526 527 531 528 529 529 530 531 535 532 533 533 534 535 539 536 537 537 538 539 540 284 90 90 89 540 544 541 542 542 543 544 507 284 540 540 504 507 548 545 546 546 547 548 552 549 550 550 551 552 477 553 554 554 478 477 558 555 556 556 557 558 562 559 560 560 561 562 477 507 506 506 553 477 564 505 504 504 563 564 534 533 565 565 566 534 532 535 567 567 568 532 538 537 569 569 570 538 574 571 572 572 573 574 259 258 575 575 576 259 540 89 45 45 267 540 543 542 577 577 578 543 541 544 469 469 468 541 503 563 504 503 504 540 540 267 503 284 507 477 477 285 284 582 579 580 580 581 582 586 583 584 584 585 586 551 550 587 587 588 551 589 549 492 492 491 589 557 556 590 590 591 557 555 558 515 515 514 555 561 560 592 592 593 561 559 562 525 525 524 559 597 594 595 595 596 597 601 598 599 599 600 601 603 598 601 601 602 603 605 604 603 603 602 605 609 606 607 607 608 609 613 610 611 611 612 613 615 613 612 612 614 615 617 615 614 614 616 617 619 618 617 617 616 619 623 620 621 621 622 623 533 624 625 625 565 533 629 626 627 627 628 629 633 630 631 631 632 633 634 624 533 533 532 634 636 626 629 629 635 636 631 637 638 638 632 631 568 639 634 634 532 568 641 640 636 636 635 641 638 637 642 642 643 638 645 644 528 528 531 645 649 646 647 647 648 649 653 650 651 651 652 653 657 654 655 655 656 657 661 658 659 659 660 661 665 662 663 663 664 665 667 657 656 656 666 667 669 661 660 660 668 669 662 670 671 671 663 662 673 667 666 666 672 673 675 669 668 668 674 675 670 676 677 677 671 670 679 678 673 673 672 679 681 680 675 675 674 681 677 676 682 682 683 677 277 684 685 685 686 277 286 687 688 688 276 286 690 237 236 236 689 690 630 691 692 692 631 630 631 692 693 693 637 631 637 693 694 694 642 637 653 695 696 696 650 653 700 697 698 698 699 700 699 698 701 701 702 699 702 701 703 703 704 702 704 703 705 705 706 704 690 620 623 623 237 690 237 623 163 163 234 237 624 629 628 628 625 624 634 635 629 629 624 634 639 641 635 635 634 639 645 648 647 647 644 645 657 660 659 659 654 657 667 668 660 660 657 667 673 674 668 668 667 673 678 681 674 674 673 678 277 276 688 688 684 277 62 519 518 518 63 62 710 707 708 708 709 710 261 260 711 711 712 261 257 256 713 713 714 257 277 686 224 224 227 277 716 715 275 275 274 716 285 43 15 15 14 285 718 484 22 22 717 718 56 509 508 508 53 56 722 719 720 720 721 722 724 723 263 263 262 724 623 622 160 160 163 623 728 725 726 726 727 728 588 729 730 588 730 731 731 551 588 551 731 732 732 733 551 738 734 735 738 735 736 736 737 738 479 739 740 740 480 479 744 741 742 742 743 744 548 745 746 746 545 548 479 552 747 747 739 479 751 748 749 749 750 751 755 752 753 753 754 755 759 756 757 757 758 759 763 760 761 761 762 763 767 764 765 765 766 767 771 768 769 769 770 771 775 772 773 773 774 775 779 776 777 777 778 779 783 780 781 781 782 783 787 784 785 785 786 787 791 788 789 789 790 791 795 792 793 793 794 795 797 787 786 786 796 797 801 798 799 799 800 801 805 802 803 803 804 805 809 806 807 807 808 809 799 798 810 810 811 799 815 812 813 813 814 815 819 816 817 817 818 819 823 820 821 821 822 823 827 824 825 825 826 827 831 828 829 829 830 831 835 832 833 833 834 835 839 836 837 837 838 839 843 840 841 841 842 843 847 844 845 845 846 847 851 848 849 849 850 851 855 852 853 853 854 855 859 856 857 857 858 859 863 860 861 861 862 863 865 855 854 854 864 865 867 832 835 835 866 867 786 785 780 780 783 786 871 868 869 869 870 871 872 796 786 786 783 872 876 873 874 874 875 876 808 807 802 802 805 808 880 877 878 878 879 880 882 818 817 817 881 882 886 883 884 884 885 886 830 829 824 824 827 830 890 887 888 888 889 890 892 842 841 841 891 892 896 893 894 894 895 896 854 853 848 848 851 854 900 897 898 898 899 900 901 864 854 854 851 901 905 902 903 903 904 905 909 906 907 907 908 909 911 23 483 483 910 911 483 912 913 913 910 483 917 914 915 915 916 917 921 918 919 919 920 921 924 24 23 924 23 922 922 923 924 23 925 926 926 922 23 930 915 927 930 927 928 928 929 930 934 931 932 932 933 934 938 935 914 938 914 936 936 937 938 942 939 940 940 941 942 943 483 486 943 486 934 934 933 943 947 944 945 945 946 947 951 948 949 949 950 951 955 952 953 953 954 955 959 956 957 957 958 959 963 960 961 961 962 963 967 964 965 965 966 967 971 968 969 969 970 971 975 972 973 973 974 975 979 976 977 977 978 979 983 980 981 981 982 983 987 984 985 985 986 987 991 988 989 989 990 991 995 992 993 993 994 995 999 996 997 997 998 999 1003 1000 1001 1001 1002 1003 1007 1004 1005 1005 1006 1007 1011 1008 1009 1009 1010 1011 1015 1012 1013 1013 1014 1015 1019 1016 1017 1017 1018 1019 1023 1020 1021 1021 1022 1023 1027 1024 1025 1025 1026 1027 1031 1028 1029 1029 1030 1031 1035 1032 1033 1033 1034 1035 1039 1036 1037 1037 1038 1039 1043 1040 1041 1041 1042 1043 1047 1044 1045 1045 1046 1047 1051 1048 1049 1049 1050 1051 1055 1052 1053 1053 1054 1055 1059 1056 1057 1057 1058 1059 1063 1060 1061 1061 1062 1063 1067 1064 1065 1065 1066 1067 1071 1068 1069 1069 1070 1071 1075 1072 1073 1073 1074 1075 1079 1076 1077 1077 1078 1079 1083 1080 1081 1081 1082 1083 1087 1084 1085 1085 1086 1087 1091 1088 1089 1089 1090 1091 1095 1092 1093 1093 1094 1095 1099 1096 1097 1097 1098 1099 1103 1100 1101 1101 1102 1103 1107 1104 1105 1105 1106 1107 1111 1108 1109 1109 1110 1111 1115 1112 1113 1113 1114 1115 1119 1116 1117 1117 1118 1119 1123 1120 1121 1121 1122 1123 1127 1124 1125 1125 1126 1127 1131 1128 1129 1129 1130 1131 1135 1132 1133 1133 1134 1135 1137 992 995 995 1136 1137 1141 1138 1139 1139 1140 1141 1145 1142 1143 1143 1144 1145 1149 1146 1147 1147 1148 1149 1018 1017 1150 1150 1151 1018 1155 1152 1153 1153 1154 1155 1159 1156 1157 1157 1158 1159 1163 1160 1161 1161 1162 1163 1167 1164 1165 1165 1166 1167 1171 1168 1169 1169 1170 1171 1175 1172 1173 1173 1174 1175 1179 1176 1177 1177 1178 1179 1183 1180 1181 1181 1182 1183 1187 1184 1185 1185 1186 1187 1191 1188 1189 1189 1190 1191 1195 1192 1193 1193 1194 1195 1090 1089 1196 1196 1197 1090 1201 1198 1199 1199 1200 1201 1205 1202 1203 1203 1204 1205 1209 1206 1207 1207 1208 1209 1212 1210 1115 1115 1211 1212 1216 1213 1214 1214 1215 1216 1220 1217 1218 1218 1219 1220 1224 1221 1222 1222 1223 1224 21 1225 717 717 22 21 29 20 19 19 30 29 1227 28 27 27 1226 1227 96 1228 133 133 97 96 132 1229 1228 1228 96 132 30 19 98 98 97 30 278 1230 1231 1231 279 278 484 718 1232 1232 485 484 492 479 482 482 493 492 1234 487 490 490 1233 1234 549 589 1235 1235 550 549 550 1235 1236 1236 587 550 549 552 479 479 492 549 484 483 23 23 22 484 1240 1237 1238 1238 1239 1240 1244 1241 1242 1242 1243 1244 1248 1245 1246 1246 1247 1248 1250 1249 120 120 119 1250 294 95 98 98 1251 294 1253 1252 1249 1249 1250 1253 1255 1254 83 83 82 1255 1259 1256 1257 1257 1258 1259 1263 1260 1261 1261 1262 1263 1267 1264 1265 1265 1266 1267 1269 1268 293 293 292 1269 1271 91 94 94 1270 1271 1273 1239 1238 1238 1272 1273 1274 1251 98 98 309 1274 1276 1275 432 432 431 1276 442 1277 1278 1278 439 442 452 1279 1280 1280 449 452 1282 1281 461 461 460 1282 1286 1283 1284 1284 1285 1286 1290 1287 1288 1288 1289 1290 1292 1291 360 360 363 1292 1295 1293 434 434 1294 1295 1297 358 359 359 1296 1297 1301 1298 1299 1299 1300 1301 1304 1302 463 463 1303 1304 1306 426 427 427 1305 1306 1310 1307 1308 1308 1309 1310 1314 1311 1312 1312 1313 1314 1318 1315 1316 1316 1317 1318 1320 1319 428 428 429 1320 1285 1284 1287 1287 1290 1285 313 1321 1322 1322 310 313 1294 434 358 358 1297 1294 1324 1323 320 320 319 1324 1303 463 426 426 1306 1303 1326 1325 328 328 327 1326 1313 1312 1315 1315 1318 1313 337 1327 1328 1328 334 337 1332 1329 1330 1330 1331 1332 1336 1333 1334 1334 1335 1336 1340 1337 1338 1338 1339 1340 571 574 1341 1341 1342 571 1343 552 551 551 733 1343 1342 1341 1344 1344 1345 1342 536 539 1346 1346 1347 536 1351 1348 1349 1349 1350 1351 1355 1352 1353 1353 1354 1355 1359 1356 1357 1357 1358 1359 1361 730 729 729 1360 1361 1363 1362 547 547 546 1363 1365 1364 1329 1329 1332 1365 1366 747 552 552 1343 1366 868 871 1367 1367 1368 868 878 877 1369 1369 1370 878 888 887 1371 1371 1372 888 897 900 1373 1373 1374 897 1378 1375 1376 1376 1377 1378 1382 1379 1380 1380 1381 1382 1384 801 800 800 1383 1384 1387 1385 872 872 1386 1387 1389 1388 797 797 796 1389 1393 1390 1391 1391 1392 1393 1396 1394 901 901 1395 1396 1398 1397 865 865 864 1398 1402 1399 1400 1400 1401 1402 1406 1403 1404 1404 1405 1406 1410 1407 1408 1408 1409 1410 1412 867 866 866 1411 1412 1382 1381 1375 1375 1378 1382 749 748 1413 1413 1414 749 1385 1389 796 796 872 1385 756 759 1415 1415 1416 756 1394 1398 864 864 901 1394 764 767 1417 1417 1418 764 1410 1409 1403 1403 1406 1410 773 772 1419 1419 1420 773 1421 925 23 23 911 1421 1423 939 942 942 1422 1423 1425 1424 924 924 923 1425 1427 906 909 909 1426 1427 1431 1428 1429 1429 1430 1431 1432 912 483 483 943 1432 1436 1433 1434 1434 1435 1436 1440 1437 1438 1438 1439 1440 1444 1441 1442 1442 1443 1444 1448 1445 1446 1446 1447 1448 1452 1449 1450 1450 1451 1452 1456 1453 1454 1454 1455 1456 1460 1457 1458 1458 1459 1460 1464 1461 1462 1462 1463 1464 1468 1465 1466 1466 1467 1468 1472 1469 1470 1470 1471 1472 1476 1473 1474 1474 1475 1476 1480 1477 1478 1478 1479 1480 1484 1481 1482 1482 1483 1484 1488 1485 1486 1486 1487 1488 1492 1489 1490 1490 1491 1492 1496 1493 1494 1494 1495 1496 1500 1497 1498 1498 1499 1500 1504 1501 1502 1502 1503 1504 1508 1505 1506 1506 1507 1508 1512 1509 1510 1510 1511 1512 1516 1513 1514 1514 1515 1516 1520 1517 1518 1518 1519 1520 1524 1521 1522 1522 1523 1524 1528 1525 1526 1526 1527 1528 1459 1458 1529 1529 1530 1459 1534 1531 1532 1532 1533 1534 1538 1535 1536 1536 1537 1538 1542 1539 1540 1540 1541 1542 1546 1543 1544 1544 1545 1546 1550 1547 1548 1548 1549 1550 1554 1551 1552 1552 1553 1554 1558 1555 1556 1556 1557 1558 1562 1559 1560 1560 1561 1562 1566 1563 1564 1564 1565 1566 1519 1518 1567 1567 1568 1519 1572 1569 1570 1570 1571 1572 1576 1573 1574 1574 1575 1576 1575 1574 1577 1575 1577 1578 1578 1579 1575 1579 1578 1580 1580 1581 1579 1580 1582 1583 1580 1583 1584 1584 1581 1580 1584 1583 1585 1585 1586 1584 1586 1585 1573 1573 1576 1586 1590 1587 1588 1588 1589 1590 1589 1588 1591 1591 1592 1589 1596 1593 1594 1594 1595 1596 1600 1597 1598 1598 1599 1600 1599 1598 1601 1601 1602 1599 1606 1603 1604 1604 1605 1606 1610 1607 1608 1608 1609 1610 1609 1608 1611 1611 1612 1609 1611 1613 1614 1611 1614 1615 1611 1615 1616 1616 1612 1611 1616 1615 1617 1617 1618 1616 1617 1619 34 1617 34 1620 1620 1618 1617 1620 34 33 1620 33 1607 1607 1610 1620 1624 1621 1622 1622 1623 1624 1623 1622 1625 1625 1626 1623 1625 497 496 1625 496 1627 1627 1626 1625 1627 496 1628 1627 1628 1629 1629 1630 1627 1630 1629 1631 1631 1632 1630 1631 1633 1634 1631 1634 1621 1631 1621 1624 1624 1632 1631 1638 1635 1636 1636 1637 1638 1637 1636 1639 1639 1640 1637 1644 1641 1642 1642 1643 1644 1648 1645 1646 1646 1647 1648 1647 1646 1649 1649 1650 1647 1654 1651 1652 1652 1653 1654 1658 1655 1656 1656 1657 1658 1657 1656 1659 1659 1660 1657 1664 1661 1662 1662 1663 1664 1668 1665 1666 1666 1667 1668 1667 1666 1669 1669 1670 1667 1674 1671 1672 1672 1673 1674 65 1675 1676 1676 66 65 67 1677 1678 1678 68 67 81 1679 1680 1680 82 81 83 1681 1682 1682 84 83 91 1683 1684 1684 92 91 93 304 296 296 94 93 115 1685 1679 1679 81 115 84 1682 1686 1686 116 84 123 1687 1688 1688 124 123 125 1689 1690 1690 126 125 288 287 1691 1691 1692 288 289 299 298 298 290 289 307 92 1684 1684 1693 307 308 305 304 304 93 308 319 318 1694 1694 1695 319 320 1696 1697 1697 321 320 327 326 1698 1698 1699 327 328 1700 1701 1701 329 328 351 350 1702 1702 1703 351 352 384 383 383 353 352 364 1704 1705 1705 365 364 366 444 1706 1706 367 366 369 1707 1708 1708 370 369 368 371 380 380 379 368 386 1709 1710 1710 387 386 388 454 1711 1711 389 388 391 1712 1713 1713 392 391 390 393 404 404 403 390 419 418 1714 1714 1715 419 420 408 407 407 421 420 430 1716 1717 1717 431 430 432 1718 1719 1719 433 432 365 1705 1707 1707 369 365 366 368 379 379 444 366 387 1710 1712 1712 391 387 388 390 403 403 454 388 459 1720 1721 1721 460 459 461 1722 1723 1723 462 461 520 1724 1725 1725 521 520 522 1726 1727 1727 523 522 536 1728 1729 1729 537 536 538 1730 1731 1731 539 538 545 1732 1733 1733 546 545 547 737 744 744 548 547 537 1729 1734 1734 569 537 570 1735 1730 1730 538 570 579 1736 1737 1737 580 579 581 1738 1739 1739 582 581 719 1740 1741 1741 720 719 721 273 272 272 722 721 726 1742 1743 1743 727 726 725 728 735 735 734 725 746 1744 1732 1732 545 746 745 548 744 744 743 745 756 1745 1746 1746 757 756 759 758 1747 1747 1748 759 764 1749 1750 1750 765 764 767 766 1751 1751 1752 767 789 1753 1754 1754 790 789 788 791 821 821 820 788 803 802 1755 1755 1756 803 804 1757 881 881 805 804 807 806 1758 1758 1759 807 808 817 816 816 809 808 825 824 1760 1760 1761 825 826 1762 891 891 827 826 829 828 1763 1763 1764 829 830 841 840 840 831 830 857 1765 1766 1766 858 857 856 859 845 845 844 856 868 1767 1768 1768 869 868 870 1769 1770 1770 871 870 802 807 1759 1759 1755 802 805 881 817 817 808 805 824 829 1764 1764 1760 824 827 891 841 841 830 827 897 1771 1772 1772 898 897 899 1773 1774 1774 900 899 907 906 1775 1775 1776 907 908 916 915 915 909 908 919 918 1777 1777 1778 919 920 929 928 928 921 920 940 939 1779 1779 1780 940 941 936 914 914 942 941 953 952 1781 1781 1782 953 954 1783 1784 1784 955 954 969 968 1785 1785 1786 969 970 1787 1788 1788 971 970 977 976 1789 1789 1790 977 978 1791 1792 1792 979 978 1001 1000 1793 1793 1794 1001 1002 1795 1796 1796 1003 1002 1017 1016 1797 1797 1798 1017 1018 1799 1800 1800 1019 1018 1021 1801 1802 1802 1022 1021 1020 1023 1803 1803 1804 1020 1049 1048 1805 1805 1806 1049 1050 1807 1808 1808 1051 1050 1065 1064 1809 1809 1810 1065 1066 1811 1812 1812 1067 1066 1069 1813 1814 1814 1070 1069 1068 1071 1815 1815 1816 1068 1089 1088 1817 1817 1818 1089 1090 1819 1820 1820 1091 1090 1093 1821 1822 1822 1094 1093 1092 1095 1823 1823 1824 1092 1121 1120 1825 1825 1826 1121 1122 1827 1828 1828 1123 1122 1138 1829 1830 1830 1139 1138 1140 1831 1832 1832 1141 1140 1017 1798 1833 1833 1150 1017 1018 1151 1834 1834 1835 1018 1168 1836 1837 1837 1169 1168 1170 1838 1839 1839 1171 1170 1180 1840 1841 1841 1181 1180 1183 1182 1842 1842 1843 1183 1089 1818 1844 1844 1196 1089 1090 1197 1845 1845 1846 1090 1213 1847 1848 1848 1214 1213 1215 1849 1850 1850 1216 1215 1237 1851 303 303 1238 1237 1239 1852 1853 1853 1240 1239 1241 1854 1855 1855 1242 1241 1859 1856 1857 1857 1858 1859 1254 1860 1681 1681 83 1254 82 1680 1861 1861 1255 82 1260 1862 1863 1863 1261 1260 1262 1864 1865 1865 1263 1262 1264 1866 1867 1867 1265 1264 1266 1868 1869 1869 1267 1266 1270 94 296 296 300 1270 1271 1870 1683 1683 91 1271 1272 1238 303 303 306 1272 1273 1871 1852 1852 1239 1273 432 1275 1872 1872 1718 432 431 1717 1873 1873 1276 431 461 1281 1874 1874 1722 461 460 1721 1875 1875 1282 460 1283 1876 443 443 1284 1283 1286 1285 1877 1877 1878 1286 1287 378 381 381 1288 1287 1290 1289 1879 1879 1880 1290 1300 1299 382 382 385 1300 1301 1881 1882 1882 1298 1301 1309 1308 406 406 409 1309 1310 1883 1884 1884 1307 1310 1311 1885 453 453 1312 1311 1314 1313 1886 1886 1887 1314 1315 402 405 405 1316 1315 1318 1317 1888 1888 1889 1318 1284 443 378 378 1287 1284 1285 1290 1880 1880 1877 1285 1323 1890 1696 1696 320 1323 319 1695 1891 1891 1324 319 1325 1892 1700 1700 328 1325 327 1699 1893 1893 1326 327 1312 453 402 402 1315 1312 1313 1318 1889 1889 1886 1313 1329 741 1894 1894 1330 1329 1331 1895 1896 1896 1332 1331 1900 1897 1898 1898 1899 1900 1904 1901 1902 1902 1903 1904 539 1731 1905 1905 1346 539 1347 1906 1728 1728 536 1347 1352 1907 1908 1908 1353 1352 1354 1909 1910 1910 1355 1354 1362 738 737 737 547 1362 1363 546 1733 1733 1911 1363 1364 742 741 741 1329 1364 1365 1332 1896 1896 1912 1365 871 1770 1913 1913 1367 871 868 1368 1914 1914 1767 868 900 1774 1915 1915 1373 900 897 1374 1916 1916 1771 897 1375 882 1917 1917 1376 1375 1377 1918 1919 1919 1378 1377 1381 1380 819 819 818 1381 1382 1920 1921 1921 1379 1382 1390 823 822 822 1391 1390 1393 1392 1922 1922 1923 1393 1399 847 846 846 1400 1399 1402 1401 1924 1924 1925 1402 1403 892 1926 1926 1404 1403 1405 1927 1928 1928 1406 1405 1409 1408 843 843 842 1409 1410 1929 1930 1930 1407 1410 1375 1381 818 818 882 1375 1378 1919 1920 1920 1382 1378 759 1748 1931 1931 1415 759 1416 1932 1745 1745 756 1416 767 1752 1933 1933 1417 767 1418 1934 1749 1749 764 1418 1403 1409 842 842 892 1403 1406 1928 1929 1929 1410 1406 1422 942 914 914 917 1422 1423 1935 1779 1779 939 1423 1426 909 915 915 930 1426 1427 1936 1775 1775 906 1427 1430 1429 938 938 937 1430 1431 1937 1938 1938 1428 1431 1941 1433 1939 1939 1940 1941 1435 1942 1943 1943 1436 1435 1946 1441 1944 1944 1945 1946 1443 1947 1948 1948 1444 1443 1951 1453 1949 1949 1950 1951 1455 1952 1953 1953 1456 1455 1956 1457 1954 1954 1955 1956 1459 1957 1958 1958 1460 1459 1461 1959 1960 1960 1462 1461 1464 1463 1961 1961 1962 1464 1478 1477 1963 1963 1964 1478 1479 1965 1966 1966 1480 1479 1969 1481 1967 1967 1968 1969 1483 1970 1971 1971 1484 1483 1485 1972 1973 1973 1486 1485 1488 1487 1974 1974 1975 1488 1502 1501 1976 1976 1977 1502 1503 1978 1979 1979 1504 1503 1514 1513 1980 1980 1981 1514 1515 1982 1983 1983 1516 1515 1986 1517 1984 1984 1985 1986 1519 1987 1988 1988 1520 1519 1521 1989 1990 1990 1522 1521 1524 1523 1991 1991 1992 1524 1458 1993 1994 1994 1529 1458 1459 1530 1995 1995 1957 1459 1539 1996 1997 1997 1540 1539 1541 1998 1999 1999 1542 1541 1543 2000 2001 2001 1544 1543 1546 1545 2002 2002 2003 1546 1555 2004 2005 2005 1556 1555 1557 2006 2007 2007 1558 1557 1563 2008 2009 2009 1564 1563 1565 2010 2011 2011 1566 1565 1518 2012 2013 2013 1567 1518 1519 1568 2014 2014 1987 1519 2018 2015 2016 2016 2017 2018 2016 2019 2020 2016 2020 2021 2016 2021 2022 2022 2017 2016 2022 2021 2023 2023 2024 2022 2023 2025 2026 2023 2026 2015 2023 2015 2018 2018 2024 2023 2030 2027 2028 2028 2029 2030 2028 652 651 2028 651 2031 2028 2031 2032 2032 2029 2028 2032 2031 2033 2033 2034 2032 2033 2020 2019 2033 2019 2027 2033 2027 2030 2030 2034 2033 2038 2035 2036 2036 2037 2038 2042 1634 1633 2042 1633 2039 2042 2039 2040 2040 2041 2042 2039 2043 2044 2044 2040 2039 2046 2026 2025 2046 2025 2038 2046 2038 2037 2037 2045 2046 2050 2047 2048 2048 2049 2050 2054 2051 2052 2052 2053 2054 2058 2055 2056 2056 2057 2058 2062 2059 2060 2060 2061 2062 2066 2063 2064 2064 2065 2066 2070 2067 2068 2068 2069 2070 2074 2071 2072 2072 2073 2074 2078 2075 2076 2076 2077 2078 2082 2079 2080 2080 2081 2082 2086 2083 2084 2084 2085 2086 2090 2087 2088 2088 2089 2090 2094 2091 2092 2092 2093 2094 2098 2095 2096 2096 2097 2098 2097 2096 2099 2099 2100 2097 2099 2101 2102 2099 2102 2103 2099 2103 2104 2104 2100 2099 2104 2103 2105 2105 2106 2104 2106 2105 2107 2107 2108 2106 2107 191 190 2107 190 2095 2107 2095 2098 2098 2108 2107 2112 2109 2110 2110 2111 2112 2111 2110 2113 2113 2114 2111 2118 2115 2116 2116 2117 2118 2122 2119 2120 2120 2121 2122 2121 2120 2123 2123 2124 2121 2128 2125 2126 2126 2127 2128 1675 1248 1247 1247 1676 1675 1679 1250 119 119 1680 1679 1683 294 1251 1251 1684 1683 1685 1253 1250 1250 1679 1685 1687 1259 1258 1258 1688 1687 1692 1691 1268 1268 1269 1692 1693 1684 1251 1251 1274 1693 1695 1694 1277 1277 442 1695 1699 1698 1279 1279 452 1699 1703 1702 1291 1291 1292 1703 1704 1295 1294 1294 1705 1704 1707 1297 1296 1296 1708 1707 1709 1304 1303 1303 1710 1709 1712 1306 1305 1305 1713 1712 1715 1714 1319 1319 1320 1715 1717 1716 1321 1321 313 1717 1705 1294 1297 1297 1707 1705 1710 1303 1306 1306 1712 1710 1721 1720 1327 1327 337 1721 1724 1340 1339 1339 1725 1724 1728 571 1342 1342 1729 1728 1732 1343 733 733 1733 1732 1729 1342 1345 1345 1734 1729 1736 1351 1350 1350 1737 1736 1740 1359 1358 1358 1741 1740 1742 1361 1360 1360 1743 1742 1744 1366 1343 1343 1732 1744 1745 878 1370 1370 1746 1745 1749 888 1372 1372 1750 1749 1753 1384 1383 1383 1754 1753 1756 1755 1385 1385 1387 1756 1759 1758 1388 1388 1389 1759 1761 1760 1394 1394 1396 1761 1764 1763 1397 1397 1398 1764 1765 1412 1411 1411 1766 1765 1767 749 1414 1414 1768 1767 1755 1759 1389 1389 1385 1755 1760 1764 1398 1398 1394 1760 1771 773 1420 1420 1772 1771 1776 1775 925 925 1421 1776 1778 1777 1424 1424 1425 1778 1780 1779 912 912 1432 1780 1782 1781 1437 1437 2129 1782 1786 1785 1445 1445 2130 1786 1790 1789 1449 1449 2131 1790 1794 1793 1465 1465 1468 1794 1798 1797 1469 1469 1538 1798 1801 1476 1475 1475 1802 1801 1806 1805 1489 1489 1492 1806 1810 1809 1493 1493 2132 1810 1813 1500 1499 1499 1814 1813 1818 1817 1505 1505 1562 1818 1821 1512 1511 1511 1822 1821 1826 1825 1525 1525 1528 1826 1829 1531 1534 1534 1830 1829 1798 1538 1537 1537 1833 1798 1836 1547 1550 1550 1837 1836 1840 1554 1553 1553 1841 1840 1818 1562 1561 1561 1844 1818 1847 1569 1572 1572 1848 1847 1852 18 17 17 1853 1852 2136 2133 2134 2134 2135 2136 1680 119 118 118 1861 1680 1864 129 128 128 1865 1864 1868 269 268 268 1869 1868 1870 295 294 294 1683 1870 1871 301 18 18 1852 1871 1717 313 312 312 1873 1717 1721 337 336 336 1875 1721 1878 1877 344 344 343 1878 1880 1879 348 348 347 1880 1881 373 372 372 1882 1881 1883 397 396 396 1884 1883 1887 1886 412 412 411 1887 1889 1888 416 416 415 1889 1877 1880 347 347 344 1877 1695 442 441 441 1891 1695 1699 452 451 451 1893 1699 1886 1889 415 415 412 1886 1895 481 480 480 1896 1895 1901 2137 2138 2138 1902 1901 1906 572 571 571 1728 1906 1909 584 583 583 1910 1909 1911 1733 733 733 732 1911 1912 1896 480 480 740 1912 1767 1914 750 750 749 1767 1771 1916 774 774 773 1771 1918 781 780 780 1919 1918 1920 785 784 784 1921 1920 1923 1922 811 811 810 1923 1925 1924 834 834 833 1925 1927 849 848 848 1928 1927 1929 853 852 852 1930 1929 1919 780 785 785 1920 1919 1745 1932 879 879 878 1745 1749 1934 889 889 888 1749 1928 848 853 853 1929 1928 1935 913 912 912 1779 1935 1936 926 925 925 1775 1936 1937 932 931 931 1938 1937 1942 947 946 946 1943 1942 1947 963 962 962 1948 1947 1952 987 986 986 1953 1952 1957 995 994 994 1958 1957 1962 1961 998 998 997 1962 1965 1027 1026 1026 1966 1965 1970 1043 1042 1042 1971 1970 1975 1974 1046 1046 1045 1975 1978 1075 1074 1074 1979 1978 1982 1099 1098 1098 1983 1982 1987 1115 1114 1114 1988 1987 1992 1991 1118 1118 1117 1992 1957 1995 1136 1136 995 1957 1998 1155 1154 1154 1999 1998 2003 2002 1166 1166 1165 2003 2006 1187 1186 1186 2007 2006 2010 1201 1200 1200 2011 2010 1987 2014 1211 1211 1115 1987 2036 2035 2042 2042 2041 2036 2044 2043 2046 2046 2045 2044 2080 2079 2139 2139 2140 2080 2088 2087 2141 2141 2142 2088 2146 2143 2144 2144 2145 2146 2144 2147 2148 2144 2148 2149 2144 2149 2150 2150 2145 2144 2150 2149 2151 2151 2152 2150 2151 2102 2101 2151 2101 2143 2151 2143 2146 2146 2152 2151 2156 2153 2154 2154 2155 2156 2154 1614 1613 2154 1613 2157 2154 2157 2158 2158 2155 2154 2158 2157 2159 2159 2160 2158 2159 2148 2147 2159 2147 2153 2159 2153 2156 2156 2160 2159 2164 2161 2162 2162 2163 2164 2168 2165 2166 2166 2167 2168 2172 2169 2170 2170 2171 2172 2176 2173 2174 2174 2175 2176 2180 2177 2178 2178 2179 2180 2184 2181 2182 2182 2183 2184 2188 2185 2186 2186 2187 2188 2192 2189 2190 2190 2191 2192 2196 2193 2194 2194 2195 2196 2200 2197 2198 2198 2199 2200 2204 2201 2202 2202 2203 2204 2206 2204 2203 2203 2205 2206 2210 2207 2208 2208 2209 2210 2193 2210 2209 2209 2194 2193 2207 2211 2212 2212 2208 2207 2197 2213 2214 2214 2198 2197 2218 2215 2216 2216 2217 2218 2213 2219 2220 2220 2214 2213 2222 2206 2205 2205 2221 2222 2226 2223 2224 2224 2225 2226 2223 2218 2217 2217 2224 2223 2228 2226 2225 2225 2227 2228 2232 2229 2230 2230 2231 2232 2236 2233 2234 2234 2235 2236 2240 2237 2238 2238 2239 2240 2244 2241 2242 2242 2243 2244 2246 2244 2243 2243 2245 2246 2241 2232 2231 2231 2242 2241 2237 2247 2248 2248 2238 2237 2252 2249 2250 2250 2251 2252 2256 2253 2254 2254 2255 2256 2247 2257 2258 2258 2248 2247 2262 2259 2260 2260 2261 2262 2259 2263 2264 2264 2260 2259 2249 2262 2261 2261 2250 2249 2253 2236 2235 2235 2254 2253 2268 2265 2266 2266 2267 2268 2272 2269 2270 2270 2271 2272 2276 2273 2274 2274 2275 2276 2280 2277 2278 2278 2279 2280 2284 2281 2282 2282 2283 2284 2288 2285 2286 2286 2287 2288 2292 2289 2290 2290 2291 2292 2296 2293 2294 2294 2295 2296 2266 2297 2298 2298 2267 2266 2270 2299 2300 2300 2271 2270 2274 2301 2302 2302 2275 2274 2278 2303 2304 2304 2279 2278 2297 2286 2285 2285 2298 2297 2299 2282 2281 2281 2300 2299 2301 2290 2289 2289 2302 2301 2303 2294 2293 2293 2304 2303 2308 2305 2306 2306 2307 2308 2312 2309 2310 2310 2311 2312 2316 2313 2314 2314 2315 2316 2320 2317 2318 2318 2319 2320 2324 2321 2322 2322 2323 2324 2328 2325 2326 2326 2327 2328 2332 2329 2330 2330 2331 2332 2336 2333 2334 2334 2335 2336 2306 2305 2337 2337 2338 2306 2310 2309 2339 2339 2340 2310 2314 2313 2341 2341 2342 2314 2318 2317 2343 2343 2344 2318 2338 2337 2327 2327 2326 2338 2340 2339 2321 2321 2324 2340 2342 2341 2331 2331 2330 2342 2344 2343 2335 2335 2334 2344 2348 2345 2346 2346 2347 2348 2352 2349 2350 2350 2351 2352 2356 2353 2354 2354 2355 2356 2360 2357 2358 2358 2359 2360 2288 2287 2361 2361 2362 2288 2284 2283 2363 2363 2364 2284 2292 2291 2365 2365 2366 2292 2296 2295 2367 2367 2368 2296 2323 2322 2369 2369 2370 2323 2325 2328 2371 2371 2372 2325 2329 2332 2373 2373 2374 2329 2333 2336 2375 2375 2376 2333 2362 2361 2377 2377 2378 2362 2378 2377 2346 2346 2345 2378 2382 2379 2380 2380 2381 2382 2384 2383 2349 2349 2352 2384 2366 2365 2385 2385 2386 2366 2386 2385 2353 2353 2356 2386 2390 2387 2388 2388 2389 2390 2392 2391 2357 2357 2360 2392 2396 2393 2394 2394 2395 2396 2398 2397 2351 2351 2350 2398 2372 2371 2399 2399 2400 2372 2400 2399 2348 2348 2347 2400 2374 2373 2401 2401 2402 2374 2402 2401 2355 2355 2354 2402 2406 2403 2404 2404 2405 2406 2408 2407 2359 2359 2358 2408 2410 2409 2272 2272 2271 2410 2298 2285 2294 2294 2303 2298 2270 2411 2276 2276 2275 2270 2274 2412 2280 2280 2279 2274 2416 2413 2414 2414 2415 2416 2420 2417 2418 2418 2419 2420 2424 2421 2422 2422 2423 2424 2428 2425 2426 2426 2427 2428 2301 2274 2279 2279 2304 2301 2299 2270 2275 2275 2302 2299 2429 2410 2271 2271 2300 2429 2432 2267 2430 2430 2431 2432 2290 2301 2304 2304 2293 2290 2282 2299 2302 2302 2289 2282 2433 2429 2300 2300 2281 2433 2267 2298 2303 2303 2278 2267 2435 2434 2309 2309 2312 2435 2305 2436 2319 2319 2318 2305 2439 2310 2437 2437 2438 2439 2442 2314 2440 2440 2441 2442 2446 2443 2444 2444 2445 2446 2450 2447 2448 2448 2449 2450 2454 2451 2452 2452 2453 2454 2458 2455 2456 2456 2457 2458 2434 2459 2339 2339 2309 2434 2337 2305 2318 2318 2344 2337 2310 2340 2341 2341 2313 2310 2314 2342 2343 2343 2317 2314 2459 2460 2321 2321 2339 2459 2327 2337 2344 2344 2334 2327 2340 2324 2331 2331 2341 2340 2342 2330 2335 2335 2343 2342 2464 2461 2462 2462 2463 2464 2468 2465 2466 2466 2467 2468 2472 2469 2470 2470 2471 2472 2476 2473 2474 2474 2475 2476 2478 2466 2465 2465 2477 2478 2480 2470 2469 2469 2479 2480 2482 2462 2461 2461 2481 2482 2484 2474 2473 2473 2483 2484 2486 2444 2443 2443 2485 2486 2488 2452 2451 2451 2487 2488 2490 2448 2447 2447 2489 2490 2492 2456 2455 2455 2491 2492 2419 2493 2494 2494 2420 2419 2493 2478 2477 2477 2494 2493 2423 2495 2496 2496 2424 2423 2495 2480 2479 2479 2496 2495 2415 2497 2498 2498 2416 2415 2497 2482 2481 2481 2498 2497 2427 2499 2500 2500 2428 2427 2499 2484 2483 2483 2500 2499 2467 2501 2502 2502 2468 2467 2501 2486 2485 2485 2502 2501 2471 2503 2504 2504 2472 2471 2503 2488 2487 2487 2504 2503 2463 2505 2506 2506 2464 2463 2505 2490 2489 2489 2506 2505 2475 2507 2508 2508 2476 2475 2507 2492 2491 2491 2508 2507 2512 2509 2510 2510 2511 2512 2516 2513 2514 2514 2515 2516 2520 2517 2518 2518 2519 2520 2524 2521 2522 2522 2523 2524 2528 2525 2526 2526 2527 2528 2532 2529 2530 2530 2531 2532 2536 2533 2534 2534 2535 2536 2540 2537 2538 2538 2539 2540 2510 2541 2542 2542 2511 2510 2514 2543 2544 2544 2515 2514 2518 2545 2546 2546 2519 2518 2522 2547 2548 2548 2523 2522 2541 2530 2529 2529 2542 2541 2543 2526 2525 2525 2544 2543 2545 2534 2533 2533 2546 2545 2547 2538 2537 2537 2548 2547 2552 2549 2550 2550 2551 2552 2556 2553 2554 2554 2555 2556 2560 2557 2558 2558 2559 2560 2564 2561 2562 2562 2563 2564 2568 2565 2566 2566 2567 2568 2572 2569 2570 2570 2571 2572 2576 2573 2574 2574 2575 2576 2580 2577 2578 2578 2579 2580 2550 2549 2581 2581 2582 2550 2554 2553 2583 2583 2584 2554 2558 2557 2585 2585 2586 2558 2562 2561 2587 2587 2588 2562 2582 2581 2571 2571 2570 2582 2584 2583 2565 2565 2568 2584 2586 2585 2575 2575 2574 2586 2588 2587 2579 2579 2578 2588 2592 2589 2590 2590 2591 2592 2596 2593 2594 2594 2595 2596 2600 2597 2598 2598 2599 2600 2604 2601 2602 2602 2603 2604 2532 2531 2605 2605 2606 2532 2528 2527 2607 2607 2608 2528 2536 2535 2609 2609 2610 2536 2540 2539 2611 2611 2612 2540 2567 2566 2613 2613 2614 2567 2569 2572 2615 2615 2616 2569 2573 2576 2617 2617 2618 2573 2577 2580 2619 2619 2620 2577 2606 2605 2621 2621 2622 2606 2622 2621 2590 2590 2589 2622 2626 2623 2624 2624 2625 2626 2628 2627 2593 2593 2596 2628 2610 2609 2629 2629 2630 2610 2630 2629 2597 2597 2600 2630 2634 2631 2632 2632 2633 2634 2636 2635 2601 2601 2604 2636 2640 2637 2638 2638 2639 2640 2642 2641 2595 2595 2594 2642 2616 2615 2643 2643 2644 2616 2644 2643 2592 2592 2591 2644 2618 2617 2645 2645 2646 2618 2646 2645 2599 2599 2598 2646 2650 2647 2648 2648 2649 2650 2652 2651 2603 2603 2602 2652 2654 2653 2516 2516 2515 2654 2542 2529 2538 2538 2547 2542 2514 2655 2520 2520 2519 2514 2518 2656 2524 2524 2523 2518 2660 2657 2658 2658 2659 2660 2664 2661 2662 2662 2663 2664 2668 2665 2666 2666 2667 2668 2672 2669 2670 2670 2671 2672 2545 2518 2523 2523 2548 2545 2543 2514 2519 2519 2546 2543 2673 2654 2515 2515 2544 2673 2676 2511 2674 2674 2675 2676 2534 2545 2548 2548 2537 2534 2526 2543 2546 2546 2533 2526 2677 2673 2544 2544 2525 2677 2511 2542 2547 2547 2522 2511 2679 2678 2553 2553 2556 2679 2549 2680 2563 2563 2562 2549 2683 2554 2681 2681 2682 2683 2686 2558 2684 2684 2685 2686 2690 2687 2688 2688 2689 2690 2694 2691 2692 2692 2693 2694 2698 2695 2696 2696 2697 2698 2702 2699 2700 2700 2701 2702 2678 2703 2583 2583 2553 2678 2581 2549 2562 2562 2588 2581 2554 2584 2585 2585 2557 2554 2558 2586 2587 2587 2561 2558 2703 2704 2565 2565 2583 2703 2571 2581 2588 2588 2578 2571 2584 2568 2575 2575 2585 2584 2586 2574 2579 2579 2587 2586 2708 2705 2706 2706 2707 2708 2712 2709 2710 2710 2711 2712 2716 2713 2714 2714 2715 2716 2720 2717 2718 2718 2719 2720 2722 2710 2709 2709 2721 2722 2724 2714 2713 2713 2723 2724 2726 2706 2705 2705 2725 2726 2728 2718 2717 2717 2727 2728 2730 2688 2687 2687 2729 2730 2732 2696 2695 2695 2731 2732 2734 2692 2691 2691 2733 2734 2736 2700 2699 2699 2735 2736 2663 2737 2738 2738 2664 2663 2737 2722 2721 2721 2738 2737 2667 2739 2740 2740 2668 2667 2739 2724 2723 2723 2740 2739 2659 2741 2742 2742 2660 2659 2741 2726 2725 2725 2742 2741 2671 2743 2744 2744 2672 2671 2743 2728 2727 2727 2744 2743 2711 2745 2746 2746 2712 2711 2745 2730 2729 2729 2746 2745 2715 2747 2748 2748 2716 2715 2747 2732 2731 2731 2748 2747 2707 2749 2750 2750 2708 2707 2749 2734 2733 2733 2750 2749 2719 2751 2752 2752 2720 2719 2751 2736 2735 2735 2752 2751 2756 2753 2754 2754 2755 2756 2760 2757 2758 2758 2759 2760 2764 2761 2762 2762 2763 2764 2768 2765 2766 2766 2767 2768 2772 2769 2770 2770 2771 2772 2776 2773 2774 2774 2775 2776 2780 2777 2778 2778 2779 2780 2784 2781 2782 2782 2783 2784 2754 2785 2786 2786 2755 2754 2758 2787 2788 2788 2759 2758 2762 2789 2790 2790 2763 2762 2766 2791 2792 2792 2767 2766 2785 2774 2773 2773 2786 2785 2787 2770 2769 2769 2788 2787 2789 2778 2777 2777 2790 2789 2791 2782 2781 2781 2792 2791 2796 2793 2794 2794 2795 2796 2800 2797 2798 2798 2799 2800 2804 2801 2802 2802 2803 2804 2808 2805 2806 2806 2807 2808 2812 2809 2810 2810 2811 2812 2816 2813 2814 2814 2815 2816 2820 2817 2818 2818 2819 2820 2824 2821 2822 2822 2823 2824 2794 2793 2825 2825 2826 2794 2798 2797 2827 2827 2828 2798 2802 2801 2829 2829 2830 2802 2806 2805 2831 2831 2832 2806 2826 2825 2815 2815 2814 2826 2828 2827 2809 2809 2812 2828 2830 2829 2819 2819 2818 2830 2832 2831 2823 2823 2822 2832 2836 2833 2834 2834 2835 2836 2840 2837 2838 2838 2839 2840 2844 2841 2842 2842 2843 2844 2848 2845 2846 2846 2847 2848 2776 2775 2849 2849 2850 2776 2772 2771 2851 2851 2852 2772 2780 2779 2853 2853 2854 2780 2784 2783 2855 2855 2856 2784 2811 2810 2857 2857 2858 2811 2813 2816 2859 2859 2860 2813 2817 2820 2861 2861 2862 2817 2821 2824 2863 2863 2864 2821 2850 2849 2865 2865 2866 2850 2866 2865 2834 2834 2833 2866 2870 2867 2868 2868 2869 2870 2872 2871 2837 2837 2840 2872 2854 2853 2873 2873 2874 2854 2874 2873 2841 2841 2844 2874 2878 2875 2876 2876 2877 2878 2880 2879 2845 2845 2848 2880 2884 2881 2882 2882 2883 2884 2886 2885 2839 2839 2838 2886 2860 2859 2887 2887 2888 2860 2888 2887 2836 2836 2835 2888 2862 2861 2889 2889 2890 2862 2890 2889 2843 2843 2842 2890 2894 2891 2892 2892 2893 2894 2896 2895 2847 2847 2846 2896 2898 2897 2760 2760 2759 2898 2786 2773 2782 2782 2791 2786 2758 2899 2764 2764 2763 2758 2762 2900 2768 2768 2767 2762 2904 2901 2902 2902 2903 2904 2908 2905 2906 2906 2907 2908 2912 2909 2910 2910 2911 2912 2916 2913 2914 2914 2915 2916 2789 2762 2767 2767 2792 2789 2787 2758 2763 2763 2790 2787 2917 2898 2759 2759 2788 2917 2920 2755 2918 2918 2919 2920 2778 2789 2792 2792 2781 2778 2770 2787 2790 2790 2777 2770 2921 2917 2788 2788 2769 2921 2755 2786 2791 2791 2766 2755 2923 2922 2797 2797 2800 2923 2793 2924 2807 2807 2806 2793 2927 2798 2925 2925 2926 2927 2930 2802 2928 2928 2929 2930 2934 2931 2932 2932 2933 2934 2938 2935 2936 2936 2937 2938 2942 2939 2940 2940 2941 2942 2946 2943 2944 2944 2945 2946 2922 2947 2827 2827 2797 2922 2825 2793 2806 2806 2832 2825 2798 2828 2829 2829 2801 2798 2802 2830 2831 2831 2805 2802 2947 2948 2809 2809 2827 2947 2815 2825 2832 2832 2822 2815 2828 2812 2819 2819 2829 2828 2830 2818 2823 2823 2831 2830 2952 2949 2950 2950 2951 2952 2956 2953 2954 2954 2955 2956 2960 2957 2958 2958 2959 2960 2964 2961 2962 2962 2963 2964 2966 2954 2953 2953 2965 2966 2968 2958 2957 2957 2967 2968 2970 2950 2949 2949 2969 2970 2972 2962 2961 2961 2971 2972 2974 2932 2931 2931 2973 2974 2976 2940 2939 2939 2975 2976 2978 2936 2935 2935 2977 2978 2980 2944 2943 2943 2979 2980 2907 2981 2982 2982 2908 2907 2981 2966 2965 2965 2982 2981 2911 2983 2984 2984 2912 2911 2983 2968 2967 2967 2984 2983 2903 2985 2986 2986 2904 2903 2985 2970 2969 2969 2986 2985 2915 2987 2988 2988 2916 2915 2987 2972 2971 2971 2988 2987 2955 2989 2990 2990 2956 2955 2989 2974 2973 2973 2990 2989 2959 2991 2992 2992 2960 2959 2991 2976 2975 2975 2992 2991 2951 2993 2994 2994 2952 2951 2993 2978 2977 2977 2994 2993 2963 2995 2996 2996 2964 2963 2995 2980 2979 2979 2996 2995 3000 2997 2998 2998 2999 3000 3004 3001 3002 3002 3003 3004 3008 3005 3006 3006 3007 3008 3012 3009 3010 3010 3011 3012 3016 3013 3014 3014 3015 3016 3020 3017 3018 3018 3019 3020 3024 3021 3022 3022 3023 3024 3028 3025 3026 3026 3027 3028 2998 3029 3030 3030 2999 2998 3002 3031 3032 3032 3003 3002 3006 3033 3034 3034 3007 3006 3010 3035 3036 3036 3011 3010 3029 3018 3017 3017 3030 3029 3031 3014 3013 3013 3032 3031 3033 3022 3021 3021 3034 3033 3035 3026 3025 3025 3036 3035 3040 3037 3038 3038 3039 3040 3044 3041 3042 3042 3043 3044 3048 3045 3046 3046 3047 3048 3052 3049 3050 3050 3051 3052 3056 3053 3054 3054 3055 3056 3060 3057 3058 3058 3059 3060 3064 3061 3062 3062 3063 3064 3068 3065 3066 3066 3067 3068 3038 3037 3069 3069 3070 3038 3042 3041 3071 3071 3072 3042 3046 3045 3073 3073 3074 3046 3050 3049 3075 3075 3076 3050 3070 3069 3059 3059 3058 3070 3072 3071 3053 3053 3056 3072 3074 3073 3063 3063 3062 3074 3076 3075 3067 3067 3066 3076 3080 3077 3078 3078 3079 3080 3084 3081 3082 3082 3083 3084 3088 3085 3086 3086 3087 3088 3092 3089 3090 3090 3091 3092 3020 3019 3093 3093 3094 3020 3016 3015 3095 3095 3096 3016 3024 3023 3097 3097 3098 3024 3028 3027 3099 3099 3100 3028 3055 3054 3101 3101 3102 3055 3057 3060 3103 3103 3104 3057 3061 3064 3105 3105 3106 3061 3065 3068 3107 3107 3108 3065 3094 3093 3109 3109 3110 3094 3110 3109 3078 3078 3077 3110 3114 3111 3112 3112 3113 3114 3116 3115 3081 3081 3084 3116 3098 3097 3117 3117 3118 3098 3118 3117 3085 3085 3088 3118 3122 3119 3120 3120 3121 3122 3124 3123 3089 3089 3092 3124 3128 3125 3126 3126 3127 3128 3130 3129 3083 3083 3082 3130 3104 3103 3131 3131 3132 3104 3132 3131 3080 3080 3079 3132 3106 3105 3133 3133 3134 3106 3134 3133 3087 3087 3086 3134 3138 3135 3136 3136 3137 3138 3140 3139 3091 3091 3090 3140 3142 3141 3004 3004 3003 3142 3030 3017 3026 3026 3035 3030 3002 3143 3008 3008 3007 3002 3006 3144 3012 3012 3011 3006 3148 3145 3146 3146 3147 3148 3152 3149 3150 3150 3151 3152 3156 3153 3154 3154 3155 3156 3160 3157 3158 3158 3159 3160 3033 3006 3011 3011 3036 3033 3031 3002 3007 3007 3034 3031 3161 3142 3003 3003 3032 3161 3164 2999 3162 3162 3163 3164 3022 3033 3036 3036 3025 3022 3014 3031 3034 3034 3021 3014 3165 3161 3032 3032 3013 3165 2999 3030 3035 3035 3010 2999 3167 3166 3041 3041 3044 3167 3037 3168 3051 3051 3050 3037 3171 3042 3169 3169 3170 3171 3174 3046 3172 3172 3173 3174 3178 3175 3176 3176 3177 3178 3182 3179 3180 3180 3181 3182 3186 3183 3184 3184 3185 3186 3190 3187 3188 3188 3189 3190 3166 3191 3071 3071 3041 3166 3069 3037 3050 3050 3076 3069 3042 3072 3073 3073 3045 3042 3046 3074 3075 3075 3049 3046 3191 3192 3053 3053 3071 3191 3059 3069 3076 3076 3066 3059 3072 3056 3063 3063 3073 3072 3074 3062 3067 3067 3075 3074 3196 3193 3194 3194 3195 3196 3200 3197 3198 3198 3199 3200 3204 3201 3202 3202 3203 3204 3208 3205 3206 3206 3207 3208 3210 3198 3197 3197 3209 3210 3212 3202 3201 3201 3211 3212 3214 3194 3193 3193 3213 3214 3216 3206 3205 3205 3215 3216 3218 3176 3175 3175 3217 3218 3220 3184 3183 3183 3219 3220 3222 3180 3179 3179 3221 3222 3224 3188 3187 3187 3223 3224 3151 3225 3226 3226 3152 3151 3225 3210 3209 3209 3226 3225 3155 3227 3228 3228 3156 3155 3227 3212 3211 3211 3228 3227 3147 3229 3230 3230 3148 3147 3229 3214 3213 3213 3230 3229 3159 3231 3232 3232 3160 3159 3231 3216 3215 3215 3232 3231 3199 3233 3234 3234 3200 3199 3233 3218 3217 3217 3234 3233 3203 3235 3236 3236 3204 3203 3235 3220 3219 3219 3236 3235 3195 3237 3238 3238 3196 3195 3237 3222 3221 3221 3238 3237 3207 3239 3240 3240 3208 3207 3239 3224 3223 3223 3240 3239 3244 3241 3242 3242 3243 3244 3248 3245 3246 3246 3247 3248 3252 3249 3250 3250 3251 3252 3256 3253 3254 3254 3255 3256 3260 3257 3258 3258 3259 3260 3264 3261 3262 3262 3263 3264 3268 3265 3266 3266 3267 3268 3272 3269 3270 3270 3271 3272 3242 3273 3274 3274 3243 3242 3246 3275 3276 3276 3247 3246 3250 3277 3278 3278 3251 3250 3254 3279 3280 3280 3255 3254 3273 3262 3261 3261 3274 3273 3275 3258 3257 3257 3276 3275 3277 3266 3265 3265 3278 3277 3279 3270 3269 3269 3280 3279 3284 3281 3282 3282 3283 3284 3288 3285 3286 3286 3287 3288 3292 3289 3290 3290 3291 3292 3296 3293 3294 3294 3295 3296 3300 3297 3298 3298 3299 3300 3304 3301 3302 3302 3303 3304 3308 3305 3306 3306 3307 3308 3312 3309 3310 3310 3311 3312 3282 3281 3313 3313 3314 3282 3286 3285 3315 3315 3316 3286 3290 3289 3317 3317 3318 3290 3294 3293 3319 3319 3320 3294 3314 3313 3303 3303 3302 3314 3316 3315 3297 3297 3300 3316 3318 3317 3307 3307 3306 3318 3320 3319 3311 3311 3310 3320 3324 3321 3322 3322 3323 3324 3328 3325 3326 3326 3327 3328 3332 3329 3330 3330 3331 3332 3336 3333 3334 3334 3335 3336 3264 3263 3337 3337 3338 3264 3260 3259 3339 3339 3340 3260 3268 3267 3341 3341 3342 3268 3272 3271 3343 3343 3344 3272 3299 3298 3345 3345 3346 3299 3301 3304 3347 3347 3348 3301 3305 3308 3349 3349 3350 3305 3309 3312 3351 3351 3352 3309 3338 3337 3353 3353 3354 3338 3354 3353 3322 3322 3321 3354 3358 3355 3356 3356 3357 3358 3360 3359 3325 3325 3328 3360 3342 3341 3361 3361 3362 3342 3362 3361 3329 3329 3332 3362 3366 3363 3364 3364 3365 3366 3368 3367 3333 3333 3336 3368 3372 3369 3370 3370 3371 3372 3374 3373 3327 3327 3326 3374 3348 3347 3375 3375 3376 3348 3376 3375 3324 3324 3323 3376 3350 3349 3377 3377 3378 3350 3378 3377 3331 3331 3330 3378 3382 3379 3380 3380 3381 3382 3384 3383 3335 3335 3334 3384 3386 3385 3248 3248 3247 3386 3274 3261 3270 3270 3279 3274 3246 3387 3252 3252 3251 3246 3250 3388 3256 3256 3255 3250 3392 3389 3390 3390 3391 3392 3396 3393 3394 3394 3395 3396 3400 3397 3398 3398 3399 3400 3404 3401 3402 3402 3403 3404 3277 3250 3255 3255 3280 3277 3275 3246 3251 3251 3278 3275 3405 3386 3247 3247 3276 3405 3408 3243 3406 3406 3407 3408 3266 3277 3280 3280 3269 3266 3258 3275 3278 3278 3265 3258 3409 3405 3276 3276 3257 3409 3243 3274 3279 3279 3254 3243 3411 3410 3285 3285 3288 3411 3281 3412 3295 3295 3294 3281 3415 3286 3413 3413 3414 3415 3418 3290 3416 3416 3417 3418 3422 3419 3420 3420 3421 3422 3426 3423 3424 3424 3425 3426 3430 3427 3428 3428 3429 3430 3434 3431 3432 3432 3433 3434 3410 3435 3315 3315 3285 3410 3313 3281 3294 3294 3320 3313 3286 3316 3317 3317 3289 3286 3290 3318 3319 3319 3293 3290 3435 3436 3297 3297 3315 3435 3303 3313 3320 3320 3310 3303 3316 3300 3307 3307 3317 3316 3318 3306 3311 3311 3319 3318 3440 3437 3438 3438 3439 3440 3444 3441 3442 3442 3443 3444 3448 3445 3446 3446 3447 3448 3452 3449 3450 3450 3451 3452 3454 3442 3441 3441 3453 3454 3456 3446 3445 3445 3455 3456 3458 3438 3437 3437 3457 3458 3460 3450 3449 3449 3459 3460 3462 3420 3419 3419 3461 3462 3464 3428 3427 3427 3463 3464 3466 3424 3423 3423 3465 3466 3468 3432 3431 3431 3467 3468 3395 3469 3470 3470 3396 3395 3469 3454 3453 3453 3470 3469 3399 3471 3472 3472 3400 3399 3471 3456 3455 3455 3472 3471 3391 3473 3474 3474 3392 3391 3473 3458 3457 3457 3474 3473 3403 3475 3476 3476 3404 3403 3475 3460 3459 3459 3476 3475 3443 3477 3478 3478 3444 3443 3477 3462 3461 3461 3478 3477 3447 3479 3480 3480 3448 3447 3479 3464 3463 3463 3480 3479 3439 3481 3482 3482 3440 3439 3481 3466 3465 3465 3482 3481 3451 3483 3484 3484 3452 3451 3483 3468 3467 3467 3484 3483 3488 3485 3486 3486 3487 3488 3492 3489 3490 3490 3491 3492 3496 3493 3494 3494 3495 3496 3500 3497 3498 3498 3499 3500 3504 3501 3502 3502 3503 3504 3508 3505 3506 3506 3507 3508 3512 3509 3510 3510 3511 3512 3516 3513 3514 3514 3515 3516 3486 3517 3518 3518 3487 3486 3490 3519 3520 3520 3491 3490 3494 3521 3522 3522 3495 3494 3498 3523 3524 3524 3499 3498 3517 3506 3505 3505 3518 3517 3519 3502 3501 3501 3520 3519 3521 3510 3509 3509 3522 3521 3523 3514 3513 3513 3524 3523 3528 3525 3526 3526 3527 3528 3532 3529 3530 3530 3531 3532 3536 3533 3534 3534 3535 3536 3540 3537 3538 3538 3539 3540 3544 3541 3542 3542 3543 3544 3548 3545 3546 3546 3547 3548 3552 3549 3550 3550 3551 3552 3556 3553 3554 3554 3555 3556 3526 3525 3557 3557 3558 3526 3530 3529 3559 3559 3560 3530 3534 3533 3561 3561 3562 3534 3538 3537 3563 3563 3564 3538 3558 3557 3547 3547 3546 3558 3560 3559 3541 3541 3544 3560 3562 3561 3551 3551 3550 3562 3564 3563 3555 3555 3554 3564 3568 3565 3566 3566 3567 3568 3572 3569 3570 3570 3571 3572 3576 3573 3574 3574 3575 3576 3580 3577 3578 3578 3579 3580 3508 3507 3581 3581 3582 3508 3504 3503 3583 3583 3584 3504 3512 3511 3585 3585 3586 3512 3516 3515 3587 3587 3588 3516 3543 3542 3589 3589 3590 3543 3545 3548 3591 3591 3592 3545 3549 3552 3593 3593 3594 3549 3553 3556 3595 3595 3596 3553 3582 3581 3597 3597 3598 3582 3598 3597 3566 3566 3565 3598 3602 3599 3600 3600 3601 3602 3604 3603 3569 3569 3572 3604 3586 3585 3605 3605 3606 3586 3606 3605 3573 3573 3576 3606 3610 3607 3608 3608 3609 3610 3612 3611 3577 3577 3580 3612 3616 3613 3614 3614 3615 3616 3618 3617 3571 3571 3570 3618 3592 3591 3619 3619 3620 3592 3620 3619 3568 3568 3567 3620 3594 3593 3621 3621 3622 3594 3622 3621 3575 3575 3574 3622 3626 3623 3624 3624 3625 3626 3628 3627 3579 3579 3578 3628 3630 3629 3492 3492 3491 3630 3518 3505 3514 3514 3523 3518 3490 3631 3496 3496 3495 3490 3494 3632 3500 3500 3499 3494 3636 3633 3634 3634 3635 3636 3640 3637 3638 3638 3639 3640 3644 3641 3642 3642 3643 3644 3648 3645 3646 3646 3647 3648 3521 3494 3499 3499 3524 3521 3519 3490 3495 3495 3522 3519 3649 3630 3491 3491 3520 3649 3652 3487 3650 3650 3651 3652 3510 3521 3524 3524 3513 3510 3502 3519 3522 3522 3509 3502 3653 3649 3520 3520 3501 3653 3487 3518 3523 3523 3498 3487 3655 3654 3529 3529 3532 3655 3525 3656 3539 3539 3538 3525 3659 3530 3657 3657 3658 3659 3662 3534 3660 3660 3661 3662 3666 3663 3664 3664 3665 3666 3670 3667 3668 3668 3669 3670 3674 3671 3672 3672 3673 3674 3678 3675 3676 3676 3677 3678 3654 3679 3559 3559 3529 3654 3557 3525 3538 3538 3564 3557 3530 3560 3561 3561 3533 3530 3534 3562 3563 3563 3537 3534 3679 3680 3541 3541 3559 3679 3547 3557 3564 3564 3554 3547 3560 3544 3551 3551 3561 3560 3562 3550 3555 3555 3563 3562 3684 3681 3682 3682 3683 3684 3688 3685 3686 3686 3687 3688 3692 3689 3690 3690 3691 3692 3696 3693 3694 3694 3695 3696 3698 3686 3685 3685 3697 3698 3700 3690 3689 3689 3699 3700 3702 3682 3681 3681 3701 3702 3704 3694 3693 3693 3703 3704 3706 3664 3663 3663 3705 3706 3708 3672 3671 3671 3707 3708 3710 3668 3667 3667 3709 3710 3712 3676 3675 3675 3711 3712 3639 3713 3714 3714 3640 3639 3713 3698 3697 3697 3714 3713 3643 3715 3716 3716 3644 3643 3715 3700 3699 3699 3716 3715 3635 3717 3718 3718 3636 3635 3717 3702 3701 3701 3718 3717 3647 3719 3720 3720 3648 3647 3719 3704 3703 3703 3720 3719 3687 3721 3722 3722 3688 3687 3721 3706 3705 3705 3722 3721 3691 3723 3724 3724 3692 3691 3723 3708 3707 3707 3724 3723 3683 3725 3726 3726 3684 3683 3725 3710 3709 3709 3726 3725 3695 3727 3728 3728 3696 3695 3727 3712 3711 3711 3728 3727 3732 3729 3730 3730 3731 3732 3736 3733 3734 3734 3735 3736 3740 3737 3738 3738 3739 3740 3744 3741 3742 3742 3743 3744 3748 3745 3746 3746 3747 3748 3752 3749 3750 3750 3751 3752 3756 3753 3754 3754 3755 3756 3760 3757 3758 3758 3759 3760 3730 3761 3762 3762 3731 3730 3734 3763 3764 3764 3735 3734 3738 3765 3766 3766 3739 3738 3742 3767 3768 3768 3743 3742 3761 3750 3749 3749 3762 3761 3763 3746 3745 3745 3764 3763 3765 3754 3753 3753 3766 3765 3767 3758 3757 3757 3768 3767 3772 3769 3770 3770 3771 3772 3776 3773 3774 3774 3775 3776 3780 3777 3778 3778 3779 3780 3784 3781 3782 3782 3783 3784 3788 3785 3786 3786 3787 3788 3792 3789 3790 3790 3791 3792 3796 3793 3794 3794 3795 3796 3800 3797 3798 3798 3799 3800 3770 3769 3801 3801 3802 3770 3774 3773 3803 3803 3804 3774 3778 3777 3805 3805 3806 3778 3782 3781 3807 3807 3808 3782 3802 3801 3791 3791 3790 3802 3804 3803 3785 3785 3788 3804 3806 3805 3795 3795 3794 3806 3808 3807 3799 3799 3798 3808 3812 3809 3810 3810 3811 3812 3816 3813 3814 3814 3815 3816 3820 3817 3818 3818 3819 3820 3824 3821 3822 3822 3823 3824 3752 3751 3825 3825 3826 3752 3748 3747 3827 3827 3828 3748 3756 3755 3829 3829 3830 3756 3760 3759 3831 3831 3832 3760 3787 3786 3833 3833 3834 3787 3789 3792 3835 3835 3836 3789 3793 3796 3837 3837 3838 3793 3797 3800 3839 3839 3840 3797 3826 3825 3841 3841 3842 3826 3842 3841 3810 3810 3809 3842 3846 3843 3844 3844 3845 3846 3848 3847 3813 3813 3816 3848 3830 3829 3849 3849 3850 3830 3850 3849 3817 3817 3820 3850 3854 3851 3852 3852 3853 3854 3856 3855 3821 3821 3824 3856 3860 3857 3858 3858 3859 3860 3862 3861 3815 3815 3814 3862 3836 3835 3863 3863 3864 3836 3864 3863 3812 3812 3811 3864 3838 3837 3865 3865 3866 3838 3866 3865 3819 3819 3818 3866 3870 3867 3868 3868 3869 3870 3872 3871 3823 3823 3822 3872 3874 3873 3736 3736 3735 3874 3762 3749 3758 3758 3767 3762 3734 3875 3740 3740 3739 3734 3738 3876 3744 3744 3743 3738 3880 3877 3878 3878 3879 3880 3884 3881 3882 3882 3883 3884 3888 3885 3886 3886 3887 3888 3892 3889 3890 3890 3891 3892 3765 3738 3743 3743 3768 3765 3763 3734 3739 3739 3766 3763 3893 3874 3735 3735 3764 3893 3896 3731 3894 3894 3895 3896 3754 3765 3768 3768 3757 3754 3746 3763 3766 3766 3753 3746 3897 3893 3764 3764 3745 3897 3731 3762 3767 3767 3742 3731 3899 3898 3773 3773 3776 3899 3769 3900 3783 3783 3782 3769 3903 3774 3901 3901 3902 3903 3906 3778 3904 3904 3905 3906 3910 3907 3908 3908 3909 3910 3914 3911 3912 3912 3913 3914 3918 3915 3916 3916 3917 3918 3922 3919 3920 3920 3921 3922 3898 3923 3803 3803 3773 3898 3801 3769 3782 3782 3808 3801 3774 3804 3805 3805 3777 3774 3778 3806 3807 3807 3781 3778 3923 3924 3785 3785 3803 3923 3791 3801 3808 3808 3798 3791 3804 3788 3795 3795 3805 3804 3806 3794 3799 3799 3807 3806 3928 3925 3926 3926 3927 3928 3932 3929 3930 3930 3931 3932 3936 3933 3934 3934 3935 3936 3940 3937 3938 3938 3939 3940 3942 3930 3929 3929 3941 3942 3944 3934 3933 3933 3943 3944 3946 3926 3925 3925 3945 3946 3948 3938 3937 3937 3947 3948 3950 3908 3907 3907 3949 3950 3952 3916 3915 3915 3951 3952 3954 3912 3911 3911 3953 3954 3956 3920 3919 3919 3955 3956 3883 3957 3958 3958 3884 3883 3957 3942 3941 3941 3958 3957 3887 3959 3960 3960 3888 3887 3959 3944 3943 3943 3960 3959 3879 3961 3962 3962 3880 3879 3961 3946 3945 3945 3962 3961 3891 3963 3964 3964 3892 3891 3963 3948 3947 3947 3964 3963 3931 3965 3966 3966 3932 3931 3965 3950 3949 3949 3966 3965 3935 3967 3968 3968 3936 3935 3967 3952 3951 3951 3968 3967 3927 3969 3970 3970 3928 3927 3969 3954 3953 3953 3970 3969 3939 3971 3972 3972 3940 3939 3971 3956 3955 3955 3972 3971 3976 3973 3974 3974 3975 3976 3980 3977 3978 3978 3979 3980 3984 3981 3982 3982 3983 3984 3988 3985 3986 3986 3987 3988 3992 3989 3990 3990 3991 3992 3996 3993 3994 3994 3995 3996 4000 3997 3998 3998 3999 4000 4004 4001 4002 4002 4003 4004 3974 4005 4006 4006 3975 3974 3978 4007 4008 4008 3979 3978 3982 4009 4010 4010 3983 3982 3986 4011 4012 4012 3987 3986 4005 3994 3993 3993 4006 4005 4007 3990 3989 3989 4008 4007 4009 3998 3997 3997 4010 4009 4011 4002 4001 4001 4012 4011 4016 4013 4014 4014 4015 4016 4020 4017 4018 4018 4019 4020 4024 4021 4022 4022 4023 4024 4028 4025 4026 4026 4027 4028 4032 4029 4030 4030 4031 4032 4036 4033 4034 4034 4035 4036 4040 4037 4038 4038 4039 4040 4044 4041 4042 4042 4043 4044 4014 4013 4045 4045 4046 4014 4018 4017 4047 4047 4048 4018 4022 4021 4049 4049 4050 4022 4026 4025 4051 4051 4052 4026 4046 4045 4035 4035 4034 4046 4048 4047 4029 4029 4032 4048 4050 4049 4039 4039 4038 4050 4052 4051 4043 4043 4042 4052 4056 4053 4054 4054 4055 4056 4060 4057 4058 4058 4059 4060 4064 4061 4062 4062 4063 4064 4068 4065 4066 4066 4067 4068 3996 3995 4069 4069 4070 3996 3992 3991 4071 4071 4072 3992 4000 3999 4073 4073 4074 4000 4004 4003 4075 4075 4076 4004 4031 4030 4077 4077 4078 4031 4033 4036 4079 4079 4080 4033 4037 4040 4081 4081 4082 4037 4041 4044 4083 4083 4084 4041 4070 4069 4085 4085 4086 4070 4086 4085 4054 4054 4053 4086 4090 4087 4088 4088 4089 4090 4092 4091 4057 4057 4060 4092 4074 4073 4093 4093 4094 4074 4094 4093 4061 4061 4064 4094 4098 4095 4096 4096 4097 4098 4100 4099 4065 4065 4068 4100 4104 4101 4102 4102 4103 4104 4106 4105 4059 4059 4058 4106 4080 4079 4107 4107 4108 4080 4108 4107 4056 4056 4055 4108 4082 4081 4109 4109 4110 4082 4110 4109 4063 4063 4062 4110 4114 4111 4112 4112 4113 4114 4116 4115 4067 4067 4066 4116 4118 4117 3980 3980 3979 4118 4006 3993 4002 4002 4011 4006 3978 4119 3984 3984 3983 3978 3982 4120 3988 3988 3987 3982 4124 4121 4122 4122 4123 4124 4128 4125 4126 4126 4127 4128 4132 4129 4130 4130 4131 4132 4136 4133 4134 4134 4135 4136 4009 3982 3987 3987 4012 4009 4007 3978 3983 3983 4010 4007 4137 4118 3979 3979 4008 4137 4140 3975 4138 4138 4139 4140 3998 4009 4012 4012 4001 3998 3990 4007 4010 4010 3997 3990 4141 4137 4008 4008 3989 4141 3975 4006 4011 4011 3986 3975 4143 4142 4017 4017 4020 4143 4013 4144 4027 4027 4026 4013 4147 4018 4145 4145 4146 4147 4150 4022 4148 4148 4149 4150 4154 4151 4152 4152 4153 4154 4158 4155 4156 4156 4157 4158 4162 4159 4160 4160 4161 4162 4166 4163 4164 4164 4165 4166 4142 4167 4047 4047 4017 4142 4045 4013 4026 4026 4052 4045 4018 4048 4049 4049 4021 4018 4022 4050 4051 4051 4025 4022 4167 4168 4029 4029 4047 4167 4035 4045 4052 4052 4042 4035 4048 4032 4039 4039 4049 4048 4050 4038 4043 4043 4051 4050 4172 4169 4170 4170 4171 4172 4176 4173 4174 4174 4175 4176 4180 4177 4178 4178 4179 4180 4184 4181 4182 4182 4183 4184 4186 4174 4173 4173 4185 4186 4188 4178 4177 4177 4187 4188 4190 4170 4169 4169 4189 4190 4192 4182 4181 4181 4191 4192 4194 4152 4151 4151 4193 4194 4196 4160 4159 4159 4195 4196 4198 4156 4155 4155 4197 4198 4200 4164 4163 4163 4199 4200 4127 4201 4202 4202 4128 4127 4201 4186 4185 4185 4202 4201 4131 4203 4204 4204 4132 4131 4203 4188 4187 4187 4204 4203 4123 4205 4206 4206 4124 4123 4205 4190 4189 4189 4206 4205 4135 4207 4208 4208 4136 4135 4207 4192 4191 4191 4208 4207 4175 4209 4210 4210 4176 4175 4209 4194 4193 4193 4210 4209 4179 4211 4212 4212 4180 4179 4211 4196 4195 4195 4212 4211 4171 4213 4214 4214 4172 4171 4213 4198 4197 4197 4214 4213 4183 4215 4216 4216 4184 4183 4215 4200 4199 4199 4216 4215 4217 4218 4219 4220 4221 4222 4223 4224 4225 4229 4226 4227 4227 4228 4229 4230 4231 4232 4233 4234 4235 4236 4237 4238 4242 4239 4240 4240 4241 4242 4243 4244 4245 4246 4247 4248 4252 4249 4250 4250 4251 4252 4256 4253 4254 4254 4255 4256 4260 4257 4258 4258 4259 4260 4264 4261 4262 4262 4263 4264 4268 4265 4266 4266 4267 4268 4272 4269 4270 4270 4271 4272 4276 4273 4274 4274 4275 4276 4280 4277 4278 4278 4279 4280 4284 4281 4282 4282 4283 4284 4286 4221 4220 4220 4285 4286 4288 4218 4217 4217 4287 4288 4227 4289 4290 4290 4228 4227 4244 4291 4292 4292 4245 4244 99 12 16 16 42 99 47 46 110 110 109 47 4294 4293 57 57 60 4294 4296 4295 61 61 64 4296 4300 4297 4298 4298 4299 4300 4304 4301 4302 4302 4303 4304 4308 4305 4306 4306 4307 4308 4310 4309 196 196 195 4310 4312 4311 200 200 199 4312 4316 4313 4314 4314 4315 4316 219 218 4317 4317 4318 219 221 220 4319 4319 4320 221 4324 4321 4322 4322 4323 4324 4328 4325 4326 4326 4327 4328 4332 4329 4330 4330 4331 4332 4309 4312 199 199 196 4309 218 221 4320 4320 4317 218 4336 4333 4334 4334 4335 4336 4340 4337 4338 4338 4339 4340 4344 4341 4342 4342 4343 4344 4346 4231 4230 4230 4345 4346 4350 4347 4348 4348 4349 4350 4237 4253 4256 4256 4238 4237 4248 4237 4236 4236 4246 4248 478 554 501 501 476 478 503 502 564 564 563 503 4352 4351 513 513 512 4352 4354 4353 517 517 516 4354 4358 4355 4356 4356 4357 4358 4362 4359 4360 4360 4361 4362 4366 4363 4364 4364 4365 4366 4368 4367 655 655 654 4368 4370 4369 659 659 658 4370 4374 4371 4372 4372 4373 4374 678 679 4375 4375 4376 678 680 681 4377 4377 4378 680 4382 4379 4380 4380 4381 4382 4386 4383 4384 4384 4385 4386 4390 4387 4388 4388 4389 4390 4369 4368 654 654 659 4369 681 678 4376 4376 4377 681 4225 4243 4245 4245 4223 4225 4392 4247 4246 4246 4391 4392 4232 4350 4349 4349 4230 4232 4394 4288 4287 4287 4393 4394 4252 4225 4224 4224 4249 4252 4219 4395 4396 4396 4217 4219 4398 4346 4345 4345 4397 4398 4400 4256 4255 4255 4399 4400 4402 4286 4285 4285 4401 4402 4404 4402 4401 4401 4403 4404 4289 4260 4259 4259 4290 4289 4269 4259 4258 4258 4270 4269 4408 4405 4406 4406 4407 4408 4235 4408 4407 4407 4233 4235 4265 4261 4264 4264 4266 4265 4241 4265 4268 4268 4242 4241 4405 4398 4397 4397 4406 4405 4261 4400 4399 4399 4262 4261 4395 4404 4403 4403 4396 4395 4249 4269 4272 4272 4250 4249 4412 4409 4410 4410 4411 4412 4416 4413 4414 4414 4415 4416 4420 4417 4418 4418 4419 4420 4424 4421 4422 4422 4423 4424 4428 4425 4426 4426 4427 4428 4432 4429 4430 4430 4431 4432 4436 4433 4434 4434 4435 4436 4440 4437 4438 4438 4439 4440 4444 4441 4442 4442 4443 4444 4445 4446 4447 4448 4449 4450 4454 4451 4452 4452 4453 4454 4458 4455 4456 4456 4457 4458 4462 4459 4460 4460 4461 4462 4466 4463 4464 4464 4465 4466 4470 4467 4468 4468 4469 4470 4474 4471 4472 4472 4473 4474 4478 4475 4476 4476 4477 4478 4482 4479 4480 4480 4481 4482 4484 4483 114 114 113 4484 4488 4485 4486 4486 4487 4488 4490 4489 184 184 75 4490 4492 4491 188 188 187 4492 4496 4493 4494 4494 4495 4496 4500 4497 4498 4498 4499 4500 4502 4501 187 187 184 4502 4506 4503 4504 4504 4505 4506 4510 4507 4508 4508 4509 4510 4514 4511 4512 4512 4513 4514 4516 4515 528 528 644 4516 4518 4517 647 647 646 4518 4522 4519 4520 4520 4521 4522 4526 4523 4524 4524 4525 4526 4528 4527 644 644 647 4528 4532 4529 4530 4530 4531 4532 4536 4533 4534 4534 4535 4536 4540 4537 4538 4538 4539 4540 4544 4541 4542 4542 4543 4544 4548 4545 4546 4546 4547 4548 4552 4549 4550 4550 4551 4552 4556 4553 4554 4554 4555 4556 4558 4536 4535 4535 4557 4558 4562 4559 4560 4560 4561 4562 </p>
        </polylist>
      </mesh>
    </geometry>
  </library_geometries>
  <library_visual_scenes>
    <visual_scene id="root" name="root">
      <node id="desk" name="desk">
        <matrix>1 0 0 0 0 1 0 0 0 0 1 0 0 0 0 1</matrix>
        <instance_geometry url="#meshId0">
          <bind_material>
            <technique_common>
              <instance_material symbol="defaultMaterial" target="#DefaultMaterial" />
            </technique_common>
          </bind_material>
        </instance_geometry>
      </node>
    </visual_scene>
  </library_visual_scenes>
  <scene>
    <instance_visual_scene url="#root" />
  </scene>
</COLLADA>
